Date,EEM
2020-01-03,-0.01856709003789958
2020-01-06,-0.0024482220302510793
2020-01-07,-0.0006693530226296041
2020-01-08,0.00580478526801409
2020-01-09,0.006659357422061252
2020-01-10,0.005292242999948016
2020-01-13,0.015573641533981553
2020-01-14,-0.005615749106682388
2020-01-15,-0.007819393102403427
2020-01-16,0.006348629077101098
2020-01-17,0.005655783072059606
2020-01-21,-0.025308120161590675
2020-01-22,0.008211352441620967
2020-01-23,-0.010345567284145374
2020-01-24,-0.008007224270200508
2020-01-27,-0.03452909879570232
2020-01-28,0.008360339843655362
2020-01-29,0.004836645024618891
2020-01-30,-0.014898040367251397
2020-01-31,-0.020242043528742704
2020-02-03,0.011161224256666324
2020-02-04,0.02583370234347493
2020-02-05,0.005723585875862858
2020-02-06,0.0009105190418050579
2020-02-07,-0.013873247931999289
2020-02-10,0.005534931990110126
2020-02-11,0.01307367115554059
2020-02-12,0.013583770147949537
2020-02-13,-0.01317838931799209
2020-02-14,0.00045273199014750354
2020-02-18,-0.0065611087487669195
2020-02-19,0.00728756819410048
2020-02-20,-0.015600189549896726
2020-02-21,-0.005741890349307499
2020-02-24,-0.03742214179271808
2020-02-25,-0.007919267238189476
2020-02-26,0.00798248265153112
2020-02-27,-0.023997957541686654
2020-02-28,-0.0036881660076004685
2020-03-02,0.021717500252536492
2020-03-03,-0.006763237913637754
2020-03-04,0.017752913156892536
2020-03-05,-0.02102741969781441
2020-03-06,-0.020502871668406586
2020-03-09,-0.06827812261732147
2020-03-10,0.0508156835185396
2020-03-11,-0.04657660153184917
2020-03-12,-0.10010697308589267
2020-03-13,0.07208539497917177
2020-03-16,-0.12479217377849283
2020-03-17,0.0689217841376657
2020-03-18,-0.08636495259552879
2020-03-19,0.00776946953998503
2020-03-20,0.007388447399556686
2020-03-23,-0.023915861221909362
2020-03-24,0.07513870272107237
2020-03-25,0.03524770792703613
2020-03-26,0.037863290692434104
2020-03-27,-0.056844105459373795
2020-03-30,0.016492064403778706
2020-03-31,0.0067846665598201295
2020-04-01,-0.04277765948664669
2020-04-02,0.03366986944893058
2020-04-03,-0.018951564260791365
2020-04-06,0.054633105363461665
2020-04-07,0.005151758057412303
2020-04-08,0.010250462364117308
2020-04-09,-0.0036641057813302513
2020-04-13,0.001414608373818238
2020-04-14,0.02288135937665592
2020-04-15,-0.025683501245791884
2020-04-16,0.005385397327814401
2020-04-17,0.022272360542554548
2020-04-20,-0.012686227638676661
2020-04-21,-0.027653345783164585
2020-04-22,0.027290979035810903
2020-04-23,-0.0036354750736231622
2020-04-24,-0.0014031899864755948
2020-04-27,0.020235873540879412
2020-04-28,0.0019284795455041248
2020-04-29,0.029144777979779324
2020-04-30,-0.021106196629792406
2020-05-01,-0.036025930215779156
2020-05-04,0.010758961124335054
2020-05-05,0.005601993878639133
2020-05-06,-0.00306408803048408
2020-05-07,0.008102970925332631
2020-05-08,0.021064184755339443
2020-05-11,-0.006514628739376915
2020-05-12,-0.003825344249298146
2020-05-13,-0.001919781250721564
2020-05-14,0.0038471838522140533
2020-05-15,-0.013687368809541689
2020-05-18,0.03913422448214732
2020-05-19,-0.008013041856273384
2020-05-20,0.013193231238420644
2020-05-21,-0.011426713930047017
2020-05-22,-0.020699122589777352
2020-05-26,0.021960022655023614
2020-05-27,0.0032232502244680106
2020-05-28,-0.0069611942399268045
2020-05-29,0.01725516934233151
2020-06-01,0.023058657893517687
2020-06-02,0.023834442720272797
2020-06-03,0.023279043350984185
2020-06-04,-0.014094933192631443
2020-06-05,0.026335622119716406
2020-06-08,0.006109424049259182
2020-06-09,-0.006801021405086094
2020-06-10,0.007336645719776991
2020-06-11,-0.052196939086731065
2020-06-12,0.021260126305709726
2020-06-15,-0.009081605612015209
2020-06-16,0.006364421855588054
2020-06-17,0.009613078712955803
2020-06-18,0.0005009538666640445
2020-06-19,-0.00025024457664390987
2020-06-22,0.012274466781451387
2020-06-23,0.009650902543098194
2020-06-24,-0.013235106188241086
2020-06-25,0.004222575137622586
2020-06-26,-0.012119737928318997
2020-06-29,0.004506909136396731
2020-06-30,-0.0032403266765289596
2020-07-01,0.01125265018705468
2020-07-02,0.022750001715893475
2020-07-06,0.04303649057469472
2020-07-07,-0.01668980598409875
2020-07-08,0.025931038203883094
2020-07-09,0.0
2020-07-10,-0.006433753726857616
2020-07-13,-0.006706700933597376
2020-07-14,0.0013968868809952628
2020-07-15,0.003022598000621546
2020-07-16,-0.014140158735783559
2020-07-17,0.005643129396583513
2020-07-20,0.012859619769554964
2020-07-21,0.009233565378348851
2020-07-22,-0.004345894314140342
2020-07-23,-0.008040197357165657
2020-07-24,-0.0009265281657541147
2020-07-27,0.01553099239857092
2020-07-28,-0.008217377942364879
2020-07-29,0.016110490919513776
2020-07-30,-0.01268389176696072
2020-07-31,-0.00688247345845272
2020-08-03,0.0069301701707151775
2020-08-04,0.013305697378457104
2020-08-05,0.01086710837486704
2020-08-06,0.0031354635995963775
2020-08-07,-0.020540331208753093
2020-08-10,0.002507220743177996
2020-08-11,-0.00272824764049151
2020-08-12,0.013451611138187936
2020-08-13,-0.002924390091600393
2020-08-14,-0.0018051030219071729
2020-08-17,0.012658281608011634
2020-08-18,-0.0011162565306392924
2020-08-19,-0.012290348729746992
2020-08-20,-0.0031673858859507797
2020-08-21,0.004993011257390156
2020-08-24,0.011066064647033524
2020-08-25,0.01005141979094426
2020-08-26,0.0026537176977718957
2020-08-27,-0.008381135254903693
2020-08-28,0.013122786722304713
2020-08-31,-0.022173531858022844
2020-09-01,0.017063441691942183
2020-09-02,-0.0026491253587838104
2020-09-03,-0.019034897295956754
2020-09-04,0.0004512034935464371
2020-09-08,-0.017365666909870847
2020-09-09,0.01491844676522458
2020-09-10,-0.016056215972762633
2020-09-11,0.009653142276529358
2020-09-14,0.016161917201316323
2020-09-15,0.010528565276358481
2020-09-16,-0.0013299999716014366
2020-09-17,-0.003995598045850812
2020-09-18,-0.007800179430202947
2020-09-21,-0.009209221978860982
2020-09-22,-0.007481317037073221
2020-09-23,-0.01553228437450871
2020-09-24,-0.004640348242105019
2020-09-25,0.0009324759226514434
2020-09-28,0.011178192753591443
2020-09-29,-0.0006907847989973126
2020-09-30,0.016132570412260572
2020-10-01,0.009299329029623715
2020-10-02,-0.011460636161650273
2020-10-05,0.013411955195439917
2020-10-06,0.00179467125551791
2020-10-07,0.010971808564701924
2020-10-08,0.008194808044428958
2020-10-09,0.00681027241652532
2020-10-12,0.008727677546090495
2020-10-13,-0.004109847293503832
2020-10-14,-0.006733076113514258
2020-10-15,-0.007216289316427482
2020-10-16,0.0035240422034787944
2020-10-19,-0.002853235247474717
2020-10-20,0.011005888794371588
2020-10-21,0.0028303430476555036
2020-10-22,-0.00021712561105979855
2020-10-23,0.0058632937319136325
2020-10-26,-0.012953304107549246
2020-10-27,0.004374337976847054
2020-10-28,-0.025043524967178432
2020-10-29,0.01005141979094426
2020-10-30,-0.011278158568084118
2020-11-02,0.012748800409541738
2020-11-03,0.0044167506073102825
2020-11-04,0.03144248699856722
2020-11-05,0.017053941504557413
2020-11-06,0.004611206054141226
2020-11-09,0.006885060647869201
2020-11-10,-0.011396634559657226
2020-11-11,0.006497575984208748
2020-11-12,-0.0074969467455874295
2020-11-13,0.01405814781949255
2020-11-16,0.012414675556831067
2020-11-17,-0.001022037381032459
2020-11-18,-0.003477923124890925
2020-11-19,0.0016423302153254493
2020-11-20,0.005534016874419123
2020-11-23,0.002649942853671261
2020-11-24,0.013417311290927936
2020-11-25,-0.005616874041828757
2020-11-27,0.00948161497403599
2020-11-30,-0.02617919846914596
2020-12-01,0.019700486704504527
2020-12-02,0.0014087615290627742
2020-12-03,0.011454961037445255
2020-12-04,0.010331707778955534
2020-12-07,0.0
2020-12-08,0.00039342931889030375
2020-12-09,-0.00864943880513025
2020-12-10,0.012889003558667733
2020-12-11,-0.007047666802123653
2020-12-14,-0.005199252479590077
2020-12-15,0.010813044170768338
2020-12-16,0.0047543973046833
2020-12-17,0.0065061645527901835
2020-12-18,-0.0011751418341716668
2020-12-21,-0.014708876103375013
2020-12-22,-0.007961877344756507
2020-12-23,0.010232904602708315
2020-12-24,-0.0043693730220008
2020-12-28,0.00279262819675119
2020-12-29,0.014919463968071867
2020-12-30,0.013328064701450426
2020-12-31,-0.0005802653851668671
2021-01-04,0.0063866251743525115
2021-01-05,0.024038563918632017
2021-01-06,-0.008450783819882512
2021-01-07,0.009469689086239574
2021-01-08,0.02645402622826909
2021-01-11,-0.013525738255287578
2021-01-12,0.009820021611001595
2021-01-13,0.002201969814541016
2021-01-14,0.009337307164813291
2021-01-15,-0.014148320898383027
2021-01-19,0.016559181811246715
2021-01-20,0.017556704569542614
2021-01-21,0.001778709716754312
2021-01-22,-0.008700202477412211
2021-01-25,0.007522765996570868
2021-01-26,-0.007289045843469122
2021-01-27,-0.027757774715547412
2021-01-28,0.006999537723779259
2021-01-29,-0.024876606527198475
2021-02-01,0.027011723531672693
2021-02-02,0.012968070792197306
2021-02-03,0.005048713004568439
2021-02-04,0.0003588054084986414
2021-02-05,0.00860839271674041
2021-02-08,0.0017780020289317466
2021-02-09,0.010649678233612736
2021-02-10,0.0035124364150287413
2021-02-11,0.010675582216732149
2021-02-12,0.0008657195689216746
2021-02-16,0.0024221959581025576
2021-02-17,0.00034518145077155893
2021-02-18,-0.013802639508150527
2021-02-19,0.006473145658643098
2021-02-22,-0.029376142305538644
2021-02-23,0.00447718740108316
2021-02-24,-0.00641827175579146
2021-02-25,-0.02278838338790834
2021-02-26,-0.013404362797243441
2021-03-01,0.026800576465763948
2021-03-02,-0.009787837491131546
2021-03-03,-0.0020135268215064617
2021-03-04,-0.023294218024453972
2021-03-05,0.01089199613812708
2021-03-08,-0.02693663629232268
2021-03-09,0.021954981205859037
2021-03-10,-0.004483504044944131
2021-03-11,0.03152547814448181
2021-03-12,-0.017827741641525785
2021-03-15,0.002407674120728398
2021-03-16,0.004250010347593314
2021-03-17,0.0012878585985538482
2021-03-18,-0.018375581280116404
2021-03-19,0.012354887022926198
2021-03-22,-0.0029585523663221425
2021-03-23,-0.019102509243320354
2021-03-24,-0.022877540307413624
2021-03-25,0.00464391955184662
2021-03-26,0.02600154374829966
2021-03-29,-0.006945604257890814
2021-03-30,0.003213580288933038
2021-03-31,0.005087572313259736
2021-04-01,0.009748769488545639
2021-04-05,0.0038991179352128036
2021-04-06,0.005548232587875734
2021-04-07,-0.014714014904467998
2021-04-08,0.008213554791483668
2021-04-09,-0.008517018503570561
2021-04-12,-0.0059755895143877025
2021-04-13,0.004132968979071228
2021-04-14,0.005051481893486143
2021-04-15,0.009121363344652522
2021-04-16,0.0025826031485849388
2021-04-19,-0.0036798959448200996
2021-04-20,-0.008125579046535214
2021-04-21,0.006144049707642596
2021-04-22,-0.003515881414827504
2021-04-23,0.014484701353399299
2021-04-26,0.0012814126160227701
2021-04-27,-0.0005484408995048984
2021-04-28,0.007499471977057137
2021-04-29,-0.0023601045115695385
2021-04-30,-0.017652551942333727
2021-05-03,0.0
2021-05-04,-0.011300532963789633
2021-05-05,0.004684236155508392
2021-05-06,0.009511446281665892
2021-05-07,0.010345524657583427
2021-05-10,-0.017919167837153305
2021-05-11,-0.0027927498671103113
2021-05-12,-0.027632617776485402
2021-05-13,-0.0013439923234754847
2021-05-14,0.01807335830716239
2021-05-17,-0.0009441984239093593
2021-05-18,0.013421583351829192
2021-05-19,-0.0029846472545549396
2021-05-20,0.005799679718825557
2021-05-21,-0.011532553395578349
2021-05-24,0.008279937345313959
2021-05-25,0.009891816344151927
2021-05-26,0.007392279629379939
2021-05-27,0.0001835284068942844
2021-05-28,0.006419524769579299
2021-06-01,0.020594172308552094
2021-06-02,0.0016072034109693156
2021-06-03,-0.010697144710375639
2021-06-04,0.009010701150181655
2021-06-07,-0.005000997179966049
2021-06-08,-0.004846557664196394
2021-06-09,-0.002886052499671221
2021-06-10,0.008012619569997659
2021-06-11,-0.0034245619442956343
2021-06-14,0.0027127598120346708
2021-06-15,-0.006854066301971606
2021-06-16,-0.013621452358277164
2021-06-17,0.005523730462098975
2021-06-18,-0.006958546392454079
2021-06-21,0.004241289306011753
2021-06-22,-0.004590559704436226
2021-06-23,0.006087545867929478
2021-06-24,0.00916749744170664
2021-06-25,0.008357590560633898
2021-06-28,0.0009008318421195316
2021-06-29,-0.0007198805042299972
2021-06-30,-0.006485411330605095
2021-07-01,-0.00562104505595562
2021-07-02,-0.0010941461378383144
2021-07-06,-0.01752466868303071
2021-07-07,-0.00111480436426592
2021-07-08,-0.020833271365425676
2021-07-09,0.01728717153574677
2021-07-12,0.0009337138598435324
2021-07-13,0.0009329213604525322
2021-07-14,0.004287140359412911
2021-07-15,0.002412693146466083
2021-07-16,-0.007776411098509128
2021-07-19,-0.016794147042582974
2021-07-20,0.00322637890201527
2021-07-21,0.006432164932433482
2021-07-22,0.0018796341251003934
2021-07-23,-0.014821827399825849
2021-07-26,-0.019044055551432848
2021-07-27,-0.020190195970947178
2021-07-28,0.027144893943436443
2021-07-29,0.005015356154414619
2021-07-30,-0.009596921076330922
2021-08-02,0.007170694881664552
2021-08-03,0.00423309718601339
2021-08-04,0.00517346003632535
2021-08-05,-0.0015249667889971619
2021-08-06,-0.008400247760793511
2021-08-09,0.003273129357961091
2021-08-10,0.0013434191519436922
2021-08-11,0.0026828303695074496
2021-08-12,-0.008792002658037923
2021-08-13,-0.0025068326485132575
2021-08-16,-0.009085559419716449
2021-08-17,-0.01833797362932721
2021-08-18,0.001589904092288652
2021-08-19,-0.01706333640756763
2021-08-20,-0.0008075532004445662
2021-08-23,0.015151458477073776
2021-08-24,0.022686520418178313
2021-08-25,0.0011676003074623242
2021-08-26,-0.009523832113331632
2021-08-27,0.012362714153863807
2021-08-30,0.002132097898196239
2021-08-31,0.013733146832200616
2021-09-01,0.012783851517256473
2021-09-02,-0.004521542493374553
2021-09-03,0.0052990398909658065
2021-09-07,0.005835776294423445
2021-09-08,-0.014598319966537043
2021-09-09,-0.001899429124238905
2021-09-10,-0.001141746215072903
2021-09-13,0.0026671463986709387
2021-09-14,-0.008360345089510557
2021-09-15,-0.00019141552181534127
2021-09-16,-0.011307129601344057
2021-09-17,-0.004264358931776457
2021-09-20,-0.02686402987808456
2021-09-21,0.0074015529565385485
2021-09-22,0.012510088814995823
2021-09-23,0.007844402676366435
2021-09-24,-0.011869907102119881
2021-09-27,0.006498570637647916
2021-09-28,-0.012913306112152245
2021-09-29,-0.009316241226846822
2021-09-30,0.008003346255337052
2021-10-01,-0.0009923811919834158
2021-10-04,-0.014703018720298222
2021-10-05,0.007057842178865847
2021-10-06,-0.005606753079147153
2021-10-07,0.019532986462125423
2021-10-08,0.0037524440796650183
2021-10-11,-0.0019675785907378174
2021-10-12,-0.005126353904431058
2021-10-13,0.013872563290666884
2021-10-14,0.003127433668498991
2021-10-15,0.01208092037173425
2021-10-18,-0.0025028097060924015
2021-10-19,0.013317781072115231
2021-10-20,-0.00019028527160735997
2021-10-21,-0.006477584594253294
2021-10-22,-0.0021091224346461157
2021-10-25,0.005188371281767079
2021-10-26,-0.005161591031093038
2021-10-27,-0.00807070992457648
2021-10-28,0.000968542464648392
2021-10-29,-0.014515301088456223
2021-11-01,0.007855601780317745
2021-11-02,-0.008963401044672414
2021-11-03,0.004718821672176965
2021-11-04,-0.002348453012781637
2021-11-05,-0.0011769080698434964
2021-11-08,0.009230168875976386
2021-11-09,-0.003891673484287539
2021-11-10,-0.004102525824514758
2021-11-11,0.017261786105336574
2021-11-12,0.002699547335514474
2021-11-15,-0.0032691097091919197
2021-11-16,0.0013504330267870568
2021-11-17,-0.005202286502295483
2021-11-18,-0.012202201909308097
2021-11-19,-0.001568705238123913
2021-11-22,-0.00805187406145691
2021-11-23,-0.0009899105273176723
2021-11-24,-0.0013870978798409261
2021-11-26,-0.03353843430129966
2021-11-29,0.003901587672182405
2021-11-30,-0.0010227115645249363
2021-12-01,0.003685513635237392
2021-12-02,0.012239648856509744
2021-12-03,-0.01410715265527418
2021-12-06,0.007767825599786615
2021-12-07,0.015821602784125366
2021-12-08,0.003993471766853718
2021-12-09,-0.00477325550789065
2021-12-10,0.0007994842666341206
2021-12-13,-0.01585893800001903
2021-12-14,-0.002263881203399487
2021-12-15,-0.002887724385897572
2021-12-16,0.0012412539144812662
2021-12-17,-0.0049588604529764435
2021-12-20,-0.014950116888104215
2021-12-21,0.01686350550927518
2021-12-22,0.00476778843296799
2021-12-23,0.0051578916915497874
2021-12-27,0.004515425226314207
2021-12-28,-0.003269176157435827
2021-12-29,-0.004509956425356898
2021-12-30,0.011455744775482835
2021-12-31,-0.004888991900191986
2022-01-03,0.007164911110234096
2022-01-04,-0.0034552894861572536
2022-01-05,-0.016316609042336117
2022-01-06,0.004561523568473502
2022-01-07,0.009081535526207052
2022-01-10,0.0
2022-01-11,0.023113164461178393
2022-01-12,0.016593171242183846
2022-01-13,-0.01415916575236853
2022-01-14,-0.0003990119326404695
2022-01-18,-0.017760967278552697
2022-01-19,0.0042666640158148805
2022-01-20,0.005866851437940301
2022-01-21,-0.014481130155790334
2022-01-24,-0.014081594158956712
2022-01-25,-0.0018630266037040766
2022-01-26,-0.012650194836664963
2022-01-27,-0.01155222608794404
2022-01-28,0.004887452033010886
2022-01-31,0.03277631749464405
2022-02-01,0.006142500301814513
2022-02-02,-0.0016278650809354867
2022-02-03,-0.010599389966694073
2022-02-04,0.002472236775036718
2022-02-07,-0.002054988758744547
2022-02-08,0.009678660512800086
2022-02-09,0.015704578692328663
2022-02-10,-0.006626491628794251
2022-02-11,-0.0151606474428011
2022-02-14,-0.006978663662250306
2022-02-15,0.021703204781426066
2022-02-16,0.00728300245490221
2022-02-17,-0.011648947448280933
2022-02-18,-0.009957290987932521
2022-02-22,-0.014162692277511768
2022-02-23,-0.011659265993030576
2022-02-24,-0.020644632576342192
2022-02-25,0.018498477167864014
2022-02-28,-0.013093935071420981
2022-03-01,-0.013267572230557079
2022-03-02,0.0017348359225779486
2022-03-03,-0.014072252885458214
2022-03-04,-0.020201965019778
2022-03-07,-0.03742722806099352
2022-03-08,0.0032596205096588893
2022-03-09,0.02831296114087478
2022-03-10,-0.018731727694288436
2022-03-11,-0.020929266049988904
2022-03-14,-0.024195314210641583
2022-03-15,0.0014442696960295098
2022-03-16,0.08052892342535367
2022-03-17,-0.0051167822598782164
2022-03-18,0.01431127460366044
2022-03-21,-0.015432083530097729
2022-03-22,0.018136859355826207
2022-03-23,-0.006597751287637954
2022-03-24,0.005313366731358737
2022-03-25,-0.007927834806794265
2022-03-28,0.003329676849412877
2022-03-29,0.01703548351171924
2022-03-30,-0.0028280096072771377
2022-03-31,-0.015052314996603866
2022-04-01,0.016611325581540548
2022-04-04,0.017646978052007434
2022-04-05,-0.018411440470673
2022-04-06,-0.013086228499623154
2022-04-07,-0.007955775852399927
2022-04-08,0.0008910847282377343
2022-04-11,-0.012463895070570885
2022-04-12,-0.0031553011095887262
2022-04-13,0.0131135793353645
2022-04-14,-0.012943839272164692
2022-04-18,-0.003391219877307061
2022-04-19,-0.004990883080683406
2022-04-20,-0.005928022154476076
2022-04-21,-0.019266055743868193
2022-04-22,-0.008886743475525094
2022-04-25,-0.00731489086709991
2022-04-26,-0.0218682556755444
2022-04-27,0.011664569930639024
2022-04-28,0.014412769987318663
2022-04-29,0.0035520229082697252
2022-05-02,-0.0014158389831711027
2022-05-03,0.007325262258968124
2022-05-04,0.010790394946527115
2022-05-05,-0.036899545564988534
2022-05-06,-0.013734937399610958
2022-05-09,-0.02882962248268861
2022-05-10,0.004779733869975988
2022-05-11,-0.007010343698487298
2022-05-12,-0.006555696024135083
2022-05-13,0.027664808692976273
2022-05-16,-0.003951466577204132
2022-05-17,0.024547427433553093
2022-05-18,-0.023959288536835488
2022-05-19,0.015868981686536276
2022-05-20,0.004149485099502526
2022-05-23,0.007535066415742975
2022-05-24,-0.017370170874720703
2022-05-25,0.004910278713010863
2022-05-26,0.01563655994870672
2022-05-27,0.011546717069074397
2022-05-31,0.014030872850650633
2022-06-01,-0.007035543742022421
2022-06-02,0.01724135229457069
2022-06-03,-0.016252596223699123
2022-06-06,0.005428256114494934
2022-06-07,0.0030517281202540048
2022-06-08,0.005382620276124461
2022-06-09,-0.023663134624555715
2022-06-10,-0.011060246411771502
2022-06-13,-0.03501110147349551
2022-06-14,0.013857516774678835
2022-06-15,0.013170826555320758
2022-06-16,-0.030659739457159718
2022-06-17,0.0037954474189771936
2022-06-21,0.01613324483620504
2022-06-22,-0.01786155423815905
2022-06-23,0.0030310306251861707
2022-06-24,0.023671773386783945
2022-06-27,0.0012299125244945586
2022-06-28,-0.0061425135886886695
2022-06-29,-0.003955688402302204
2022-06-30,-0.004715735377556762
2022-07-01,-0.00623431974358124
2022-07-05,-0.007779160891036807
2022-07-06,-0.006069934959337719
2022-07-07,0.02010203867057836
2022-07-08,0.0
2022-07-11,-0.026690038714226927
2022-07-12,-0.003844187088197115
2022-07-13,-0.0023154342893710878
2022-07-14,-0.0090252818578338
2022-07-15,0.0052041669711337946
2022-07-18,0.006989566153261961
2022-07-19,0.016452376732158047
2022-07-20,-0.004299511266980138
2022-07-21,0.011429933228963352
2022-07-22,-0.010045114061352778
2022-07-25,0.0035516264555077726
2022-07-26,-0.00783639437725192
2022-07-27,0.018598793342643694
2022-07-28,0.004252193276314431
2022-07-29,-0.004732382746981623
2022-08-01,-0.008508540642519047
2022-08-02,-0.004795273901574637
2022-08-03,0.00786191754584964
2022-08-04,0.007045744210547378
2022-08-05,0.0009995220704417385
2022-08-08,0.0012482320048861073
2022-08-09,-0.003739925086691742
2022-08-10,0.012512529506460313
2022-08-11,0.003954711204564587
2022-08-12,0.010585768531775397
2022-08-15,-0.0046284277267770735
2022-08-16,-0.00024471830578454146
2022-08-17,-0.004161632123113823
2022-08-18,-0.005653830530826354
2022-08-19,-0.013596948315028445
2022-08-22,-0.00877204281286137
2022-08-23,0.005309616388402549
2022-08-24,-0.00025128189961676206
2022-08-25,0.021635017186623307
2022-08-26,-0.014774705783074493
2022-08-29,-0.006248446366277416
2022-08-30,-0.011820796917277776
2022-08-31,0.003563377619870467
2022-09-01,-0.00786223036668654
2022-09-02,-0.009202339860809872
2022-09-06,-0.01186800401731336
2022-09-07,0.008877317501052584
2022-09-08,-0.005434768151424407
2022-09-09,0.014832030998831458
2022-09-12,0.014871962846290554
2022-09-13,-0.030823643898034603
2022-09-14,0.004952996321078373
2022-09-15,-0.010635423889137963
2022-09-16,-0.009176728041050408
2022-09-19,0.003175403450642822
2022-09-20,-0.005539528997417609
2022-09-21,-0.016710831765979428
2022-09-22,-0.004855728950503679
2022-09-23,-0.024667830386918776
2022-09-26,-0.012229053787290556
2022-09-27,-0.0011254012596905172
2022-09-28,0.008732381316377769
2022-09-29,-0.022340154618449404
2022-09-30,-0.003713276216124717
2022-10-03,0.01634171638767623
2022-10-04,0.032722278395451276
2022-10-05,0.0005463668346235018
2022-10-06,-0.006006192068616301
2022-10-07,-0.02087327732451305
2022-10-10,-0.014025261617088058
2022-10-11,-0.01593171643619795
2022-10-12,0.0011565475688133375
2022-10-13,0.002887435145499717
2022-10-14,-0.014972795139587713
2022-10-17,0.02747758875636075
2022-10-18,0.00028458893041460875
2022-10-19,-0.01820266275130078
2022-10-20,0.006373196391019187
2022-10-21,0.015256135515518077
2022-10-24,-0.0379926976709648
2022-10-25,0.008252161420301718
2022-10-26,0.016369782049720394
2022-10-27,-0.007765394507346257
2022-10-28,-0.00608693994098497
2022-10-31,-0.0029164854117575967
2022-11-01,0.018426573748233865
2022-11-02,-0.00832869873454789
2022-11-03,0.00579219194189351
2022-11-04,0.042326524620517114
2022-11-07,0.0005525550246558986
2022-11-08,0.007178340271740913
2022-11-09,-0.017269915262117186
2022-11-10,0.036262368218087815
2022-11-11,0.027187090370857092
2022-11-14,-0.00602719629567694
2022-11-15,0.02293664699472875
2022-11-16,-0.015979256795806918
2022-11-17,0.0018334877392911508
2022-11-18,-0.005751598409700409
2022-11-21,-0.01262156547629667
2022-11-22,0.0023968290466336306
2022-11-23,0.008235907104368279
2022-11-25,-0.004743023652389322
2022-11-28,-0.004500997070781443
2022-11-29,0.021542557233899196
2022-11-30,0.02889863048538821
2022-12-01,-0.0032894155060911867
2022-12-02,0.003808077805324661
2022-12-05,-0.01138079010226467
2022-12-06,-0.0012792061475100924
2022-12-07,-0.005891337574801536
2022-12-08,0.012110040969951719
2022-12-09,-0.006618923747402583
2022-12-12,-0.0030753075228495685
2022-12-13,0.007151065816165758
2022-12-14,0.0005183176870795503
2022-12-15,-0.023051037965378884
2022-12-16,0.0029162303648058163
2022-12-19,0.0007930423805573295
2022-12-20,-0.0002644232337741803
2022-12-21,0.008982924248064128
2022-12-22,-0.008902949725099307
2022-12-23,-0.0013207539296549164
2022-12-27,0.014814706884084927
2022-12-28,-0.01459843534350469
2022-12-29,0.016666464891754496
2022-12-30,-0.013791079410225837
2023-01-03,0.008443103112605543
2023-01-04,0.03008898186508535
2023-01-05,-0.003047984227136813
2023-01-06,0.020891724161555603
2023-01-09,0.0074867934810511905
2023-01-10,0.007183676712277709
2023-01-11,0.004181057790290321
2023-01-12,0.004898224274676677
2023-01-13,0.0065805285643996125
2023-01-17,-0.005568894129529323
2023-01-18,-0.0068176778027001506
2023-01-19,0.007599872241686789
2023-01-20,0.015328480818706636
2023-01-23,0.00718897263207996
2023-01-24,0.0007139876344279816
2023-01-25,0.0009509191496301916
2023-01-26,0.00950121575275431
2023-01-27,-0.004705848497311149
2023-01-30,-0.020094680681278843
2023-01-31,-0.002171250852701756
2023-02-01,0.012330788608240217
2023-02-02,-0.005970891853851024
2023-02-03,-0.017779932299915147
2023-02-06,-0.014676999030944549
2023-02-07,0.003972165883068479
2023-02-08,-0.0012364657968043646
2023-02-09,0.004704226414095514
2023-02-10,-0.00961070084904736
2023-02-13,0.008211014383634252
2023-02-14,-0.001727554509416973
2023-02-15,-0.008405428492134881
2023-02-16,0.0002492873501662718
2023-02-17,-0.010967020104167835
2023-02-21,-0.012600868233542228
2023-02-22,-0.004849403969635513
2023-02-23,0.004873035286297123
2023-02-24,-0.02246038101248926
2023-02-27,0.005221788553514628
2023-02-28,-0.007012858326986948
2023-03-01,0.021449021616606112
2023-03-02,0.0035851735391998485
2023-03-03,0.008930914967975712
2023-03-06,-0.0035406414820118304
2023-03-07,-0.016751403753511696
2023-03-08,0.0041300685149388006
2023-03-09,-0.022107967652950422
2023-03-10,-0.005257586052050622
2023-03-13,0.0015857728445951569
2023-03-14,0.000527540341288768
2023-03-15,-0.01714130765508448
2023-03-16,0.015293773384457365
2023-03-17,-0.006078207272936287
2023-03-20,0.003722441335745952
2023-03-21,0.009006503898627338
2023-03-22,0.003938359077299891
2023-03-23,0.013859597508367072
2023-03-24,-0.002579243151118127
2023-03-27,-0.0054306054913051405
2023-03-28,0.014300600496756521
2023-03-29,0.002819691518833878
2023-03-30,0.009969279822770183
2023-03-31,-0.001265365296457266
2023-04-03,0.0020273548192166757
2023-04-04,0.0
2023-04-05,-0.007840233277359498
2023-04-06,0.004078688650499096
2023-04-10,0.0010153759127047302
2023-04-11,0.006086692070507604
2023-04-12,-0.0070580776952066104
2023-04-13,0.013709014196036762
2023-04-14,-0.005259241401462278
2023-04-17,0.004279903245658634
2023-04-18,-0.0012533110711987483
2023-04-19,-0.010040290462151047
2023-04-20,-0.0015211332165221414
2023-04-21,-0.009395743182471161
2023-04-24,-0.0023071618981098663
2023-04-25,-0.018756470861224117
2023-04-26,0.005760682272455853
2023-04-27,0.013538044402541916
2023-04-28,0.005137597996350385
2023-05-01,-0.0033223127751366155
2023-05-02,-0.009743571851054345
2023-05-03,-0.0015535355806312046
2023-05-04,0.008039177032771239
2023-05-05,0.013378249438791734
2023-05-08,0.0005076879563523651
2023-05-09,-0.006089883403030516
2023-05-10,-0.0005106428558283582
2023-05-11,-0.0035759124452283686
2023-05-12,-0.011791814765960695
2023-05-15,0.01841753170596827
2023-05-16,-0.007131786624057668
2023-05-17,0.004617563030073102
2023-05-18,-0.0053623439602583645
2023-05-19,0.0007701345422030936
2023-05-22,0.008209070204931779
2023-05-23,-0.015521493172919287
2023-05-24,-0.007495501432601803
2023-05-25,-0.002083318392725242
2023-05-26,0.01774528087130367
2023-05-30,-0.011538352905210991
2023-05-31,-0.009338663569431693
2023-06-01,0.017805581321069353
2023-06-02,0.017237161496063358
2023-06-05,-0.00025288101533416096
2023-06-06,0.008853996346281923
2023-06-07,-0.004296141941458886
2023-06-08,0.007106583143075884
2023-06-09,0.004536287515259696
2023-06-12,0.0020069337403385568
2023-06-13,0.010015173774019948
2023-06-14,0.007436749083380656
2023-06-15,0.009350365770385949
2023-06-16,-0.0034130107405854204
2023-06-20,-0.019569471431907792
2023-06-21,-0.004740455000667221
2023-06-22,-0.00350969409320534
2023-06-23,-0.014591141435681632
2023-06-26,0.0033186648688086073
2023-06-27,0.01017837383640452
2023-06-28,-0.006045470790734142
2023-06-29,-0.0053218588675330025
2023-06-30,0.007898192879382204
2023-07-03,0.011122248234425092
2023-07-05,-0.005999929679690985
2023-07-06,-0.020372170057497363
2023-07-07,0.01129653764664873
2023-07-10,0.0007615290810256692
2023-07-11,0.010147183859591458
2023-07-12,0.022350523570142
2023-07-13,0.013018966667331267
2023-07-14,-0.005577295380052583
2023-07-17,0.0012195027552472926
2023-07-18,-0.007306636315727366
2023-07-19,-0.001962619918167041
2023-07-20,-0.007374495193247954
2023-07-21,-0.0014859161874407611
2023-07-24,0.013640702935902471
2023-07-25,0.008319176195676237
2023-07-26,0.005823662900161786
2023-07-27,-0.012303861701329466
2023-07-28,0.024181862082097494
2023-07-31,0.00047696380767581203
2023-08-01,-0.012634233583221688
2023-08-02,-0.023901434957279588
2023-08-03,0.003957476950912087
2023-08-04,-0.0012319232049723405
2023-08-07,-0.0014800519584272642
2023-08-08,-0.012104643056420117
2023-08-09,0.0025006124420490217
2023-08-10,0.0014965648469336124
2023-08-11,-0.014694780579114108
2023-08-14,-0.004802867500014241
2023-08-15,-0.01143006682814729
2023-08-16,-0.008992760446349668
2023-08-17,0.002333366220145683
2023-08-18,-0.006725201268561576
2023-08-21,0.0023436961250478117
2023-08-22,-0.0020784722722465565
2023-08-23,0.01588134696536514
2023-08-24,-0.0038443687170893748
2023-08-25,0.0010291282048737749
2023-08-28,0.009766202071197494
2023-08-29,0.012725922166827885
2023-08-30,-0.0032671560533579225
2023-08-31,-0.012355015350809184
2023-09-01,0.011743662427255996
2023-09-05,-0.008074730906520222
2023-09-06,-0.005596491615433519
2023-09-07,-0.011767696646798553
2023-09-08,0.002070835514724978
2023-09-11,0.012399855129316073
2023-09-12,-0.003061867314571587
2023-09-13,-0.0012797477324408835
2023-09-14,0.006663050674589943
2023-09-15,-0.003818513843455329
2023-09-18,-0.0012777853883294554
2023-09-19,-0.005885559188274048
2023-09-20,-0.004118321613022613
2023-09-21,-0.017317131889042936
2023-09-22,0.011835816060635995
2023-09-25,-0.004418880406848236
2023-09-26,-0.014099312093822203
2023-09-27,0.001589017602530829
2023-09-28,0.002643983972261621
2023-09-29,0.0007912624785175737
2023-10-02,-0.005006625700092693
2023-10-03,-0.013241671465183402
2023-10-04,-0.0029520405833594054
2023-10-05,0.0037685517970631466
2023-10-06,0.014481084504296637
2023-10-09,-0.0047581253527831935
2023-10-10,0.014342513314564265
2023-10-11,0.006284399292046272
2023-10-12,-0.011189244205560667
2023-10-13,-0.003684149917830948
2023-10-16,0.00739575840805573
2023-10-17,-0.002622011176445116
2023-10-18,-0.015247052768858183
2023-10-19,-0.0058729870806083495
2023-10-20,-0.012083720120208086
2023-10-23,-0.0008155658948190148
2023-10-24,0.012785660558939815
2023-10-25,-0.013161320153556866
2023-10-26,-0.0048992892284650535
2023-10-27,-0.0008205867250038468
2023-10-30,0.010402378113854915
2023-10-31,-0.005689529843277419
2023-11-01,0.009264324211164299
2023-11-02,0.01754850739670477
2023-11-03,0.020429912640011594
2023-11-06,0.008060427925264069
2023-11-07,-0.0018055933282699055
2023-11-08,-0.00671845743677324
2023-11-09,-0.009365135216332976
2023-11-10,0.007090278967106123
2023-11-13,-0.0002606920136561941
2023-11-14,0.0266039123850621
2023-11-15,0.008384227422921775
2023-11-16,-0.009574172220898736
2023-11-17,0.0012718323381106789
2023-11-20,0.012449390914590852
2023-11-21,-0.0062735942947964585
2023-11-22,-0.0020202120649349675
2023-11-24,0.0005061516541386979
2023-11-27,-0.004046554996328777
2023-11-28,0.008379763711948707
2023-11-29,-0.005791882035319773
2023-11-30,0.0020263524546406675
2023-12-01,0.004297227655350788
2023-12-04,-0.011326598334947868
2023-12-05,-0.006109703988708692
2023-12-06,-0.0012808339624796883
2023-12-07,0.004872978236545311
2023-12-08,-0.004338906036931434
2023-12-11,0.005895811714738963
2023-12-12,0.0002548816909644369
2023-12-13,0.009936317313492316
2023-12-14,0.014631834612959471
2023-12-15,-0.005967309478548732
2023-12-18,-0.0005003280073225813
2023-12-19,0.008508627134912405
2023-12-20,-0.018001698854803516
2023-12-21,0.018795118234447905
2023-12-22,-0.004801631466363365
2023-12-26,0.007871918217374319
2023-12-27,0.0057949543426634165
2023-12-28,0.007765632352181306
2023-12-29,-0.0004972047915170474
2024-01-02,-0.011688653815296934
2024-01-03,-0.005535895944527525
2024-01-04,-0.0032895934984500386
2024-01-05,0.0012693193752921772
2024-01-08,0.002789202524461354
2024-01-09,-0.014159201850866165
2024-01-10,-0.0023084769746540834
2024-01-11,0.004113229590840595
2024-01-12,0.003584181260080088
2024-01-16,-0.024234664234974113
2024-01-17,-0.014902003966609234
2024-01-18,0.008227178387407719
2024-01-19,0.010528975496406412
2024-01-22,-0.008856370285281301
2024-01-23,0.008672764490969875
2024-01-24,0.011203742074925138
2024-01-25,0.0012882888165088868
2024-01-26,0.0007719990553742839
2024-01-29,0.0005142352193627797
2024-01-30,-0.007967005317181641
2024-01-31,-0.005440495184165561
2024-02-01,0.009637923492844314
2024-02-02,-0.0028378306605365555
2024-02-05,0.0012936218565158253
2024-02-06,0.02273906358958655
2024-02-07,0.0012632259850307026
2024-02-08,-0.00555136106118026
2024-02-09,0.004313675573410558
2024-02-12,0.007832140602093807
2024-02-13,-0.018801630954360604
2024-02-14,0.014307522923503901
2024-02-15,0.004785908619324264
2024-02-16,0.004763211661628075
2024-02-20,0.0014969015525250207
2024-02-21,0.0017439222589914483
2024-02-22,0.01019639551210294
2024-02-23,-0.0004923340166397283
2024-02-26,-0.0044334801673109325
2024-02-27,0.0019792754657557143
2024-02-28,-0.013086335048153819
2024-02-29,0.0005003403518129002
2024-03-01,0.012252947977608342
2024-03-04,-0.002223311421718055
2024-03-05,-0.008913062199863764
2024-03-06,0.014489108415759455
2024-03-07,0.006156127241261133
2024-03-08,-0.000978980819484998
2024-03-11,0.002204889517857467
2024-03-12,0.010999614978771666
2024-03-13,-0.0031430577070468146
2024-03-14,-0.005093358470605547
2024-03-15,-0.0060945958340391515
2024-03-18,0.0017168774401588038
2024-03-19,-0.004897108385591986
2024-03-20,0.011318885316725202
2024-03-21,0.0012166041956389595
2024-03-22,-0.00704742335621622
2024-03-25,0.0007342114851447423
2024-03-26,-0.0007336728141381643
2024-03-27,0.0017131923046296293
2024-03-28,0.0036648753074257634
2024-04-01,0.0017039212845775253
2024-04-02,0.0031590972474462298
2024-04-03,0.0007267413394109745
2024-04-04,-0.003631067849941938
2024-04-05,0.0021865803315082033
2024-04-08,0.006545524493803079
2024-04-09,0.006743647732313285
2024-04-10,-0.013636310458747136
2024-04-11,0.006063649524443493
2024-04-12,-0.02290276429294269
2024-04-15,-0.00641494383092811
2024-04-16,-0.013161175457856444
2024-04-17,-0.0007549039231683485
2024-04-18,0.00402922901704339
2024-04-19,-0.004013059481334014
2024-04-22,0.010828497119723446
2024-04-23,0.008221291650021723
2024-04-24,0.0034593063028192095
2024-04-25,0.0022162912654604128
2024-04-26,0.01154783262541792
2024-04-29,0.009715805946731937
2024-04-30,-0.013952345968164859
2024-05-01,0.0009757797458642692
2024-05-02,0.025834782231745956
2024-05-03,0.009028393382232824
2024-05-06,0.0009416827157902041
2024-05-07,-0.005645708418308248
2024-05-08,0.00023651127673640637
2024-05-09,0.003074852343659673
2024-05-10,0.0021221325846991768
2024-05-13,0.0075294438166453315
2024-05-14,0.005371269675314538
2024-05-15,0.010685238154914067
2024-05-16,0.0020684818778744507
2024-05-17,0.004357901687387811
2024-05-20,-0.0036538175598486156
2024-05-21,-0.00618837767660918
2024-05-22,-0.0032288299038764068
2024-05-23,-0.007403919722205887
2024-05-24,0.0027970995547548227
2024-05-28,-0.001394694641719596
2024-05-29,-0.014897550936739168
2024-05-30,-0.0028356206662875083
2024-05-31,-0.009715570827868225
2024-06-03,0.010528761461348957
2024-06-04,-0.013971025092821665
2024-06-05,0.016090265356310862
2024-06-06,0.004963439259807245
2024-06-07,-0.011288852646401337
2024-06-10,0.0059466312569858015
2024-06-11,-0.003333185369980507
2024-06-12,0.0100332786501931
2024-06-13,-0.0023651060017888526
2024-06-14,0.0011854029227804652
2024-06-17,0.006393559696163065
2024-06-18,0.00917645098587827
2024-06-20,-0.0016320552005778532
2024-06-21,-0.0035031480677576443
2024-06-24,0.0
2024-06-25,-0.0023434891874652974
2024-06-26,-0.002114195832736865
2024-06-27,0.0007062557757846477
2024-06-28,0.0018818659892132494
2024-07-01,0.0023479829987345102
2024-07-02,0.003045264454134111
2024-07-03,0.014712691367889663
2024-07-05,0.004142753453616699
2024-07-08,0.00022918348737022143
2024-07-09,0.004124626787107122
2024-07-10,0.005705191321888181
2024-07-11,0.005899722055484835
2024-07-12,0.004060338201892888
2024-07-15,-0.01055927702944992
2024-07-16,0.005676601868674469
2024-07-17,-0.016256463533608212
2024-07-18,-0.009410181938933837
2024-07-19,-0.009731163153182565
2024-07-22,0.008422962207920603
2024-07-23,-0.008816612016455116
2024-07-24,-0.014513247983649724
2024-07-25,-0.004037991580167932
2024-07-26,0.010255192095580012
2024-07-29,-0.0033049503707297534
2024-07-30,-0.004500281876409051
2024-07-31,0.021889126082514254
2024-08-01,-0.01746217762307234
2024-08-02,-0.014218001121171997
2024-08-05,-0.028365402223410774
2024-08-06,0.005690324964997551
2024-08-07,0.00615009764713248
2024-08-08,0.022738365914687142
2024-08-09,0.005498515773401325
2024-08-12,0.003328429883066919
2024-08-13,0.011137376977365054
2024-08-14,-0.005390089384134433
2024-08-15,0.01107448634917274
2024-08-16,0.011652272507586714
2024-08-19,0.009675210874376283
2024-08-20,-0.007757217881777634
2024-08-21,0.003908841313993161
2024-08-22,-0.012368302188754954
2024-08-23,0.01669765098394249
2024-08-26,-0.008439794899797293
2024-08-27,0.0013801622623199616
2024-08-28,-0.006202620061718456
2024-08-29,0.00046237794449055514
2024-08-30,0.002079512884129331
2024-09-03,-0.01982938388967992
2024-09-04,-0.00023522173172396688
2024-09-05,0.001411754601127413
2024-09-06,-0.018327120731836954
2024-09-09,0.008377263924592704
2024-09-10,-0.0037977726724732763
2024-09-11,0.007386159974176243
2024-09-12,0.008278287871131385
2024-09-13,0.004691559199237583
2024-09-16,0.0032686827201322544
2024-09-17,0.0011636093437301653
2024-09-18,-0.0034868618352734693
2024-09-19,0.021226982442013043
2024-09-20,-0.0020556738898551696
2024-09-23,0.007782075354564988
2024-09-24,0.034067705047104546
2024-09-25,-0.010542510050409293
2024-09-26,0.03662601379330965
2024-09-27,-0.0019272229488063175
2024-09-30,-0.016090978492730668
2024-10-01,0.007195804629399172
2024-10-02,0.019701164089933165
2024-10-03,-0.011889484844704978
2024-10-04,0.009239367767266193
2024-10-07,0.0083031542713623
2024-10-08,-0.024704421577315783
2024-10-09,-0.005412458966684186
2024-10-10,0.001959020510206466
2024-10-11,0.007169314557675444
2024-10-14,-0.0040984018589852456
2024-10-15,-0.02122589530044572
2024-10-16,0.007745209199432557
2024-10-17,-0.0015371707990011751
2024-10-18,0.009896607315563077
2024-10-21,-0.0069686482475387335
2024-10-22,-0.002192995452961477
2024-10-23,-0.005934066747576905
2024-10-24,-0.0015476199238746435
2024-10-25,-0.0008857621774086555
2024-10-28,0.004432650432249385
2024-10-29,-0.0030891794112781756
2024-10-30,-0.009738724361392226
2024-10-31,-0.006481950809554493
2024-11-01,0.0008999104495261978
2024-11-04,0.005619273323989926
2024-11-05,0.013634306374447958
2024-11-06,-0.012348456570317912
2024-11-07,0.022103121667512715
2024-11-08,-0.02468319233980809
2024-11-11,-0.0076148439324976724
2024-11-12,-0.0189572994711823
2024-11-13,-0.006441297828258197
2024-11-14,-0.005556802471705202
2024-11-15,0.0
2024-11-18,0.01140860933898069
2024-11-19,-0.0006905577342420921
2024-11-20,-0.0011518151148169897
2024-11-21,-0.002075676046758068
2024-11-22,0.00023109026722556436
2024-11-25,0.0006932916230173447
2024-11-26,-0.004156234781731882
2024-11-27,0.0013911331810010363
2024-11-29,0.0016207189401122868
2024-12-02,0.0039298051068363815
2024-12-03,0.0020722403661745936
2024-12-04,0.0025276606314561523
2024-12-05,0.0066466802147950865
2024-12-06,-0.001593780830344449
2024-12-09,0.020524638220962288
2024-12-10,-0.01608944481481467
2024-12-11,0.00408809258194931
2024-12-12,-0.004976155313382913
2024-12-13,0.0009092316662988598
2024-12-16,-0.005450790109265746
2024-12-17,-0.0023918649758143395
2024-12-18,-0.02327748168649646
2024-12-19,0.0033365075501012864
2024-12-20,0.004038013703831167
2024-12-23,0.005677792841977114
2024-12-24,0.0030581266962537157
2024-12-26,-0.003517794108959471
2024-12-27,-0.004471687320912632
2024-12-30,-0.008037842710543308
2024-12-31,-0.0033365075501012864
2025-01-02,-0.0014347450716442056
2025-01-03,0.009339150164636045
2025-01-06,0.0035586889433185664
2025-01-07,-0.007092230224998386
2025-01-08,-0.004761926159973284
2025-01-10,-0.016985602836585345
2025-01-13,-0.006814303024826551
2025-01-14,0.011271816315923333
2025-01-15,0.013084510582149989
2025-01-16,-0.0011959375341430434
2025-01-17,0.007902343641914333
2025-01-21,0.010691377515172906
2025-01-22,0.0007052308134709584
2025-01-23,0.002348992074119538
2025-01-24,0.00656207117983687
2025-01-27,-0.018160696665670994
2025-01-28,0.0073512031001736755
2025-01-29,0.00023546941966712254
2025-01-30,0.016945093336161454
2025-01-31,-0.011339866909858887
2025-02-03,-0.007256649216123012
2025-02-04,0.01792030939638778
2025-02-05,-0.002548050409981961
2025-02-06,0.004180285945369455
2025-02-07,-0.000925144695266944
2025-02-10,0.012037037202145662
2025-02-11,-0.003888389127522318
2025-02-12,0.005510913928529648
2025-02-13,0.006394147247810178
2025-02-14,0.007715015841416539
2025-02-18,0.006304879646928052
2025-02-19,-0.0015663442994384713
2025-02-20,0.009188719648493215
2025-02-21,-0.002886985615623283
2025-02-24,-0.0153674917980825
2025-02-25,0.0006785912518794124
2025-02-26,0.009945777373806974
2025-02-27,-0.019471790915635445
2025-02-28,-0.013695563874475347
2025-03-03,-0.008794175224953071
2025-03-04,0.008405198462144936
2025-03-05,0.02986809762525433
2025-03-06,-0.006294957409715418
2025-03-07,0.00497734540126249
2025-03-10,-0.02386307540992305
2025-03-11,0.00830254869039826
2025-03-12,0.005489485350727241
2025-03-13,-0.0040947022785028375
2025-03-14,0.01827326673440921
2025-03-17,0.01704801017845292
2025-03-18,-0.005072814404057491
2025-03-19,0.0024385543641798346
2025-03-20,-0.009288000588054124
2025-03-21,-0.004910684655258235
2025-03-24,0.004486250258547875
2025-03-25,-0.0029030174058045644
2025-03-26,-0.006047050712758351
2025-03-27,0.0049571579632170515
2025-03-28,-0.018609784958624087
2025-03-31,-0.0015992671565489003
2025-04-01,0.0032036578178267217
2025-04-02,0.0013686367462537596
2025-04-03,-0.021184524220529632
2025-04-04,-0.05562020291402525
2025-04-07,-0.03721048898420887
2025-04-08,-0.014077310456471537
2025-04-09,0.06931464088792771
2025-04-10,-0.017237242325496505
2025-04-11,0.031373554619390065
2025-04-14,0.009101800229973644
2025-04-15,-0.0009494281626631906
2025-04-16,-0.011641707948312985
2025-04-17,0.007692286325894138
2025-04-21,-0.0002385231192392201
2025-04-22,0.015032195896625744
2025-04-23,0.011518558688938807
2025-04-24,0.011619762529483824
2025-04-25,-0.0018377858865299412
2025-04-28,0.001841169561965561
2025-04-29,0.0027567673125048486
2025-04-30,0.0025200305767356657
2025-05-01,-0.0002284938120953317
2025-05-02,0.028571423540699303
2025-05-05,0.007555572065353511
2025-05-06,-0.003969988035582683
2025-05-07,-0.011514699690119423
2025-05-08,-0.0006719683833180667
2025-05-09,0.0067248930089449654
2025-05-12,0.02159884136535628
2025-05-13,0.0017435693027032517
2025-05-14,0.0076153939047851615
2025-05-15,-0.000431907348762528
2025-05-16,-0.0006480993564853543
2025-05-19,0.002161704451880464
2025-05-20,-0.0010784792420786005
2025-05-21,-0.0025912777504422113
2025-05-22,-0.003247429007519509
2025-05-23,0.0041268060266477224
2025-05-27,-0.002379393001923469
2025-05-28,-0.004553334443508916
2025-05-29,0.0037029890365081197
2025-05-30,-0.01215284772317049
2025-06-02,0.007249516745421625
2025-06-03,0.002399113170701961
2025-06-04,0.012402136309441536
2025-06-05,0.005157969062615564
2025-06-06,0.003207157204808908
2025-06-09,0.008525187400697076
2025-06-10,0.005705849847264632
2025-06-11,0.00420258216891467
2025-06-12,0.0016738849209556594
2025-06-13,-0.015876258565843182
2025-06-16,0.012259389270724785
2025-06-17,-0.013127227141518816
2025-06-18,-0.00021459206392393515
2025-06-20,-0.005793919568824579
2025-06-23,0.008201969315771995
2025-06-24,0.025904498141488652
2025-06-25,0.000834743678126193
2025-06-26,0.00667222061995032
2025-06-27,-0.0039353486228848045
2025-06-30,0.0031191833105210787
2025-07-01,0.0018656747399754536
2025-07-02,0.004345108142282728
2025-07-03,0.004532290932353078
2025-07-07,-0.014150915719048918
2025-07-08,0.006240882857605934
2025-07-09,-0.0016538767443446956
2025-07-10,0.002692011823428375
2025-07-11,-0.0033044166349168735
2025-07-14,0.0014505493567380512
2025-07-15,0.007241846903804694
2025-07-16,0.004724723516730922
2025-07-17,0.005724775713972674
2025-07-18,-0.002236161795592606
2025-07-21,0.006519960938993652
2025-07-22,0.0006072627200459646
2025-07-23,0.01011531452383263
2025-07-24,-0.005407579733895607
2025-07-25,-0.003020570405553924
2025-07-28,-0.006665280297816101
2025-07-29,0.0004066786831957714
2025-07-30,-0.007317085462785977
2025-07-31,-0.005732980721173009
2025-08-01,-0.007413521420317926
2025-08-04,0.01037344381920513
2025-08-05,0.0028747307485665896
2025-08-06,0.004709245321821376
2025-08-07,0.0083554075802319
2025-08-08,-0.0008084259478053912
2025-08-11,-0.0028317029437133767
2025-08-12,0.012170432010216281
2025-08-13,0.012024017149777633
2025-08-14,-0.012277206571975507
2025-08-15,0.0012028379572770476
2025-08-18,0.005806986854265617
2025-08-19,-0.00816244975410274
2025-08-20,-0.0014050520925934507
2025-08-21,-0.0022110675447549744
2025-08-22,0.01994362793391269
2025-08-25,-0.005727847312055001
2025-08-26,-0.002582460622192695
2025-08-27,-0.005974890311306935
2025-08-28,0.003806824830492106
2025-08-29,-0.004790376668244778
2025-09-02,-0.0008022646417504831
2025-09-03,0.003813701884239906
2025-09-04,-0.003199357184205609
2025-09-05,0.012036154607504068
2025-09-08,0.00911792026791347
2025-09-09,0.005499877826283361
2025-09-10,0.00683731780050767
2025-09-11,0.014551804165258586
2025-09-12,-0.0005737730630873683
2025-09-15,0.007271356301568499
2025-09-16,0.007408803080744875
2025-09-17,0.0043371591086311945
2025-09-18,-0.002440804684843756
2025-09-19,-0.0022586626043575864
2025-09-22,0.004904775409601436
2025-09-23,0.0005631458426711422
2025-09-24,-0.0033771164681485333
2025-09-25,-0.005835797530629794
2025-09-26,-0.0018936240526010728
2025-09-29,0.009106422890789334
2025-09-30,0.003948165154951999
2025-10-01,0.007865134025169862
2025-10-02,0.004645113367104825
2025-10-03,0.0029591242521760375
2025-10-06,0.004609994506920234
2025-10-07,-0.007709217556430059
2025-10-08,0.00795413048931648
2025-10-09,-0.01027713995304047
2025-10-10,-0.03689971569081951
2025-10-13,0.02907204805842989
2025-10-14,-0.00898034677988524
2025-10-15,0.016424370621776152
2025-10-16,0.006500714582636791
2025-10-17,-0.00018450492317001466
2025-10-20,0.013658136943547339
2025-10-21,-0.011107006846173273
2025-10-22,-0.0009206969341452043
2025-10-23,0.008846357754919154
2025-10-27,0.01772008359998689
2025-10-28,-0.0003590101973138804
2025-10-29,0.005746089113220831
2025-10-30,-0.010355258592008254
2025-10-31,-0.002345319635567389
2025-11-03,0.006329155400490505
2025-11-04,-0.018328848693550226
2025-11-05,0.00896939143674147
2025-11-06,-0.0074383137764347795
2025-11-07,-0.0029245083182156684
2025-11-10,0.017598516918409857
2025-11-11,0.0010809110989964399
2025-11-12,0.00017999165530668826
2025-11-13,-0.011694881332582563
2025-11-14,0.0005461274190825538
2025-11-17,-0.011826741666836726
2025-11-18,-0.004971468439263438
2025-11-19,-0.003515959255871448
2025-11-20,-0.01374183629968262
2025-11-21,-0.00018832867850726576
2025-11-24,0.01054616552510712
2025-11-25,0.003540786940910756
2025-11-26,0.007242399543114786
2025-11-28,0.0014748896364651376
2025-12-01,-0.0007363938835065476
2025-12-02,0.00036846827954062356
