Date,XLI
2020-01-03,-0.0019272291898443372
2020-01-06,0.0003620911400179505
2020-01-07,-0.002051006056010496
2020-01-08,0.0033850346836952205
2020-01-09,0.0042172708898713385
2020-01-10,-0.007079258634422381
2020-01-13,0.008217824106966809
2020-01-14,0.00011955679063002655
2020-01-15,0.001557966970538116
2020-01-16,0.009931947728447632
2020-01-17,0.00011848044953510772
2020-01-21,-0.011017475681147193
2020-01-22,-0.0052709920972238145
2020-01-23,0.010838082007837757
2020-01-24,-0.004645960638292035
2020-01-27,-0.018911059610349557
2020-01-28,0.006465823976207874
2020-01-29,0.005333099171687117
2020-01-30,0.0010857008990960981
2020-01-31,-0.02312429493872925
2020-02-03,-0.0003701685645420838
2020-02-04,0.018870403561875415
2020-02-05,0.016704988300749735
2020-02-06,0.003214987132871938
2020-02-07,-0.007240009788390678
2020-02-10,0.005618910665007304
2020-02-11,0.0038039943334342574
2020-02-12,0.009355919386946798
2020-02-13,-0.005632071718217224
2020-02-14,-0.0012976064492354888
2020-02-18,-0.005671231819454614
2020-02-19,-0.0003563554618365439
2020-02-20,-0.0014266268234512935
2020-02-21,-0.004999480113882515
2020-02-24,-0.028472101644612335
2020-02-25,-0.04075854134533796
2020-02-26,-0.007573946201319126
2020-02-27,-0.03712310732384194
2020-02-28,-0.018269516146851905
2020-03-02,0.03516674130973607
2020-03-03,-0.02445455668629437
2020-03-04,0.04132789344278476
2020-03-05,-0.04892655622130526
2020-03-06,-0.008756451837452328
2020-03-09,-0.09220170144863804
2020-03-10,0.05184739974780772
2020-03-11,-0.058687296594783445
2020-03-12,-0.10350134026362856
2020-03-13,0.07810893397270058
2020-03-16,-0.11344127779042623
2020-03-17,0.04605732237288973
2020-03-18,-0.07366807794819519
2020-03-19,0.0007397633733023934
2020-03-20,-0.05008284843530564
2020-03-23,-0.04380067210178007
2020-03-24,0.12651214212295625
2020-03-25,0.05260279488580433
2020-03-26,0.06311608708282623
2020-03-27,-0.042127549738672165
2020-03-30,0.014603522561450255
2020-03-31,-0.012385114607044168
2020-04-01,-0.04507698846616537
2020-04-02,0.013309742490226206
2020-04-03,-0.013309934949776947
2020-04-06,0.06922240621931652
2020-04-07,-0.0023239401984954666
2020-04-08,0.03627281319333209
2020-04-09,0.015093097900043206
2020-04-13,-0.029262951831302342
2020-04-14,0.019064809138628513
2020-04-15,-0.027662236360930348
2020-04-16,-0.008880020067594918
2020-04-17,0.04695529358167039
2020-04-20,-0.02662441010925376
2020-04-21,-0.023607937628396636
2020-04-22,0.010505055124291562
2020-04-23,0.007920941843244877
2020-04-24,0.008022168347436187
2020-04-27,0.024849908273622656
2020-04-28,0.01870041659722066
2020-04-29,0.019134912673083537
2020-04-30,-0.019844232130394435
2020-05-01,-0.030213265158338443
2020-05-04,-0.012686722982258702
2020-05-05,0.0039037479670724906
2020-05-06,-0.013771801200252565
2020-05-07,0.011664156821840077
2020-05-08,0.02484573391036138
2020-05-11,-0.01251805859577304
2020-05-12,-0.02808073619211393
2020-05-13,-0.02509497982407638
2020-05-14,0.010499560339838787
2020-05-15,-0.0035192443551388397
2020-05-18,0.06592656926291962
2020-05-19,-0.012780080343359868
2020-05-20,0.018699173116075274
2020-05-21,0.0023533748079245242
2020-05-22,-0.0007825948002744276
2020-05-26,0.0419797523259311
2020-05-27,0.03337346566299604
2020-05-28,-0.009456100149356494
2020-05-29,-0.006168355247660573
2020-06-01,0.002217008028387424
2020-06-02,0.012975469818553576
2020-06-03,0.039010068560225486
2020-06-04,0.010647377850934614
2020-06-05,0.03673405863574786
2020-06-08,0.02005626323201004
2020-06-09,-0.024904958932912558
2020-06-10,-0.023928117227431156
2020-06-11,-0.07023818829979478
2020-06-12,0.019404428926738992
2020-06-15,0.009881040130842234
2020-06-16,0.01956812306871103
2020-06-17,-0.007196902394100313
2020-06-18,-0.0036960646031645172
2020-06-19,-0.012269721880612705
2020-06-22,0.001682862270345531
2020-06-23,0.00014464671149228003
2020-06-24,-0.034757340208270704
2020-06-25,0.01110270771180688
2020-06-26,-0.01854858566405093
2020-06-29,0.03280926073896384
2020-06-30,0.00570919795982161
2020-07-01,-0.004512622879250916
2020-07-02,0.00862724650234914
2020-07-06,0.014351911435194653
2020-07-07,-0.01915128903452723
2020-07-08,0.0
2020-07-09,-0.021710356903123285
2020-07-10,0.012958194485119368
2020-07-13,0.0041168591651075115
2020-07-14,0.02167220622256072
2020-07-15,0.02551235375530414
2020-07-16,0.00027949185443709723
2020-07-17,0.006008262878754778
2020-07-20,-0.012222158764647273
2020-07-21,0.013216933207552017
2020-07-22,0.008048702804002827
2020-07-23,-0.003028619370999408
2020-07-24,-0.008008693716934134
2020-07-27,0.0041760299107853616
2020-07-28,-0.006931296498235873
2020-07-29,0.015215309711732017
2020-07-30,-0.010037133446289093
2020-07-31,-0.003749844723655249
2020-08-03,0.004181971591521894
2020-08-04,0.0024991238650879932
2020-08-05,0.019111078316074614
2020-08-06,0.0038046402669904555
2020-08-07,0.017057221343238727
2020-08-10,0.024623884963580922
2020-08-11,0.0053262362707489075
2020-08-12,0.0032300631825716852
2020-08-13,-0.00528064024552688
2020-08-14,0.003884363844626648
2020-08-17,-0.004643350135877022
2020-08-18,-0.005442531189242872
2020-08-19,-0.00260544821007358
2020-08-20,-0.005356261595938383
2020-08-21,0.0040714558540762
2020-08-24,0.018051047865097924
2020-08-25,-0.0012848062255803594
2020-08-26,0.0005145410536488981
2020-08-27,0.0036003606105527997
2020-08-28,0.009480936784991734
2020-08-31,-0.01243834069769123
2020-09-01,0.010153283899262622
2020-09-02,0.016539383286046982
2020-09-03,-0.02803525795755102
2020-09-04,0.00231816188587719
2020-09-08,-0.018756546902527926
2020-09-09,0.015448981174685406
2020-09-10,-0.01276414033321771
2020-09-11,0.013582144273044605
2020-09-14,0.013529455536160251
2020-09-15,0.0006356245971468333
2020-09-16,0.010163743596153019
2020-09-17,0.00201229625604471
2020-09-18,-0.011171165370529756
2020-09-21,-0.03319496496680996
2020-09-22,0.009885164627276843
2020-09-23,-0.017880599943291164
2020-09-24,0.0014618225763365356
2020-09-25,0.014994865333950225
2020-09-28,0.01804158007697354
2020-09-29,-0.008860977871104625
2020-09-30,-0.0025913660216140277
2020-10-01,-0.002987915152973808
2020-10-02,0.011205293939768879
2020-10-05,0.01610643692525171
2020-10-06,-0.012173715109377703
2020-10-07,0.022079537499210433
2020-10-08,0.009922455231360594
2020-10-09,0.0037306525823377346
2020-10-12,0.005699453929124854
2020-10-13,-0.011088082649028608
2020-10-14,0.005606562732975773
2020-10-15,0.003592474804177792
2020-10-16,0.007282840666991586
2020-10-19,-0.012377316138587613
2020-10-20,0.005211637841638916
2020-10-21,-0.010122319370850508
2020-10-22,0.008230612550713001
2020-10-23,0.003957856262110315
2020-10-26,-0.025009336274640637
2020-10-27,-0.021860013144667456
2020-10-28,-0.03281204667784232
2020-10-29,0.014558337541152211
2020-10-30,-0.0011846105655153316
2020-11-02,0.027019710691726928
2020-11-03,0.029517430396560407
2020-11-04,-0.010346421101578573
2020-11-05,0.023554539388093154
2020-11-06,0.0009844210750089566
2020-11-09,0.03405476858154599
2020-11-10,0.017595871991361367
2020-11-11,-0.008412150704604326
2020-11-12,-0.011429342203216342
2020-11-13,0.022169224659164932
2020-11-16,0.024370425782107352
2020-11-17,-0.002618209464825383
2020-11-18,-0.004450826029026578
2020-11-19,0.002522022224747955
2020-11-20,-0.009033745308962837
2020-11-23,0.016732215506401138
2020-11-24,0.017477926228132823
2020-11-25,-0.007585133256490351
2020-11-27,-0.001685767023995921
2020-11-30,-0.008894497186943018
2020-12-01,-0.0024993837206569447
2020-12-02,0.0013668612134194458
2020-12-03,0.0026156398504062484
2020-12-04,0.011910377733315824
2020-12-07,-0.00482058319457801
2020-12-08,0.004843933780355192
2020-12-09,0.0022417342458926903
2020-12-10,-0.009506682691040269
2020-12-11,0.0023712602513032977
2020-12-14,-0.012955001294701729
2020-12-15,0.013923810715261498
2020-12-16,-0.006190839805839232
2020-12-17,0.006115986998463496
2020-12-18,0.00011272860944488983
2020-12-21,-0.0060354495690031484
2020-12-22,-0.0046624800324427396
2020-12-23,0.005255384788499962
2020-12-24,0.00011370902708818242
2020-12-28,0.001250190737097645
2020-12-29,-0.006015574522439171
2020-12-30,0.006394329879757965
2020-12-31,0.004651528348006639
2021-01-04,-0.024166775732691992
2021-01-05,0.009836579122018074
2021-01-06,0.02383673653670426
2021-01-07,0.005484792908437841
2021-01-08,-0.0024492613840492172
2021-01-11,-0.0003345937310342828
2021-01-12,0.009935253271810218
2021-01-13,-0.008621729065250938
2021-01-14,0.0034563365376749644
2021-01-15,-0.013000086181463533
2021-01-19,0.00326462395749072
2021-01-20,0.006171476230744766
2021-01-21,-0.007806295782491368
2021-01-22,-0.005170140549444757
2021-01-25,-0.006778934245302293
2021-01-26,-0.00921405049334778
2021-01-27,-0.019862115315516737
2021-01-28,0.014876163526753139
2021-01-29,-0.02158345147460672
2021-02-01,0.01038087310526592
2021-02-02,0.0212494251453752
2021-02-03,0.0006859347714505137
2021-02-04,0.010739289029753518
2021-02-05,0.005877541220394411
2021-02-08,0.008540348896624028
2021-02-09,0.0025628325628253013
2021-02-10,-0.0015558981282154383
2021-02-11,-0.002114977484854119
2021-02-12,0.007250293039390954
2021-02-16,-0.0009966564516575849
2021-02-17,-0.002771312786489122
2021-02-18,-0.005002116262411427
2021-02-19,0.01642285165992763
2021-02-22,0.0031874749879021724
2021-02-23,0.003067814583639139
2021-02-24,0.01889675905197752
2021-02-25,-0.018439209711199167
2021-02-26,-0.010375696787688127
2021-03-01,0.025604111759939707
2021-03-02,-0.002905350747243518
2021-03-03,0.0010793388936338744
2021-03-04,-0.015955045979282545
2021-03-05,0.023663481245302265
2021-03-08,0.010487728200276214
2021-03-09,-0.004130479550623067
2021-03-10,0.014782607860716501
2021-03-11,0.0007336404375659633
2021-03-12,0.013404371540078452
2021-03-15,0.008370523550213393
2021-03-16,-0.01424489298792675
2021-03-17,0.011539671235672788
2021-03-18,-0.0009249545916044655
2021-03-19,-0.007612335736107534
2021-03-22,-0.0005613640789778884
2021-03-23,-0.01747829110877197
2021-03-24,0.007306180018903818
2021-03-25,0.015978084838676132
2021-03-26,0.0172789079017015
2021-03-29,0.00020348247142076836
2021-03-30,0.004372693398407845
2021-03-31,-0.0032401401931640983
2021-04-01,0.0033523212875892217
2021-04-05,0.012350483519835143
2021-04-06,-0.0023999492025753577
2021-04-07,-0.004611146444623793
2021-04-08,0.0024169497469581636
2021-04-09,0.009744941892128045
2021-04-12,0.003681140620353185
2021-04-13,-0.004857146426069159
2021-04-14,0.001294833803850981
2021-04-15,0.003979358942653777
2021-04-16,0.0021798306356324293
2021-04-19,-0.004152450581744405
2021-04-20,-0.01102088327273043
2021-04-21,0.013653589305034686
2021-04-22,-0.005051281885046888
2021-04-23,0.010949875090705996
2021-04-26,-0.0029540570607966554
2021-04-27,0.00829546219462518
2021-04-28,-0.002056863520754071
2021-04-29,0.0070665353578533985
2021-04-30,-0.006627079415224668
2021-05-03,0.010301309468762954
2021-05-04,0.004369627603924453
2021-05-05,0.0009667510424613557
2021-05-06,0.006954596152411341
2021-05-07,0.0105516358124087
2021-05-10,0.0009490542932997226
2021-05-11,-0.014793661371440003
2021-05-12,-0.023967799612066076
2021-05-13,0.018737856258774777
2021-05-14,0.01384304618623533
2021-05-17,-0.003055281253464548
2021-05-18,-0.014558100269873697
2021-05-19,-0.005636981896859017
2021-05-20,0.002247948378205189
2021-05-21,0.00487602928554165
2021-05-24,0.006211419838870524
2021-05-25,-0.0029899383071195773
2021-05-26,0.0031921297844643703
2021-05-27,0.013693465562284679
2021-05-28,0.0
2021-06-01,0.003900422922044733
2021-06-02,-0.0028427717625603144
2021-06-03,-0.0021858039073402447
2021-06-04,0.003238117518447936
2021-06-07,-0.0069299429790924405
2021-06-08,0.002581019102451121
2021-06-09,-0.010202237849836648
2021-06-10,-0.00491269804673633
2021-06-11,0.0020328112513010588
2021-06-14,-0.00454069279715219
2021-06-15,0.004270440477321058
2021-06-16,-0.009470451167558624
2021-06-17,-0.015414691639509148
2021-06-18,-0.01298071508660903
2021-06-21,0.0219949531064747
2021-06-22,0.0010840608967812582
2021-06-23,-0.0022639700610292968
2021-06-24,0.007793925114551792
2021-06-25,0.0019577869262186187
2021-06-28,-0.005275966975038404
2021-06-29,-0.0019644053185318144
2021-06-30,0.007774990706119089
2021-07-01,0.007128578796755658
2021-07-02,0.0015515522759699252
2021-07-06,-0.009584553020417497
2021-07-07,0.00997080622313673
2021-07-08,-0.013937497064167581
2021-07-09,0.0158030017400812
2021-07-12,0.001352658756321512
2021-07-13,-0.009649606324932947
2021-07-14,-9.743946414331184e-05
2021-07-15,0.0019489791903548603
2021-07-16,-0.008850605669842415
2021-07-19,-0.020900761243547783
2021-07-20,0.027961621438550965
2021-07-21,0.009554414915845744
2021-07-22,-0.0036698815908045024
2021-07-23,0.004264817975374147
2021-07-26,-0.0004825105095024318
2021-07-27,-0.005503858048697352
2021-07-28,-0.0023304518098601346
2021-07-29,0.007883141240824454
2021-07-30,-0.0019312100445921798
2021-08-02,-0.006869025746101598
2021-08-03,0.01305394583103947
2021-08-04,-0.013559127401000737
2021-08-05,0.004679454317850107
2021-08-06,0.00465750072339377
2021-08-09,-0.003960063763738586
2021-08-10,0.010181463676062874
2021-08-11,0.01295838241129399
2021-08-12,-0.0018951586692012024
2021-08-13,-0.0031331544567164693
2021-08-16,0.003428489305877358
2021-08-17,-0.010819890501243323
2021-08-18,-0.010938319336938784
2021-08-19,-0.006984855990263772
2021-08-20,0.002637725345384201
2021-08-23,0.008184756032961316
2021-08-24,0.0050255601962387875
2021-08-25,0.006443064160108536
2021-08-26,-0.004395433107747704
2021-08-27,0.0069097799727850795
2021-08-30,-0.0011436752643276815
2021-08-31,-0.0027672345851241786
2021-09-01,-0.0038274667882964852
2021-09-02,0.01075816156116316
2021-09-03,-0.006081889476917346
2021-09-07,-0.017305723557166863
2021-09-08,0.0013620028505079151
2021-09-09,-0.004858245818203488
2021-09-10,-0.004491167588094203
2021-09-13,0.002648073644623272
2021-09-14,-0.012031710192768275
2021-09-15,0.010990252566236203
2021-09-16,-0.006855497190899729
2021-09-17,-0.010649742559903586
2021-09-20,-0.011469165900351075
2021-09-21,-0.0052600828809706845
2021-09-22,0.007931681136083668
2021-09-23,0.015334956211092043
2021-09-24,0.0020866774583494507
2021-09-27,0.0009912221014714007
2021-09-28,-0.011589720666791536
2021-09-29,0.0011025665575452592
2021-09-30,-0.020522625865978972
2021-10-01,0.013695989145122711
2021-10-04,-0.005444693856169969
2021-10-05,0.011151605270825593
2021-10-06,0.004411463691812445
2021-10-07,0.007785837960620601
2021-10-08,-9.921556086545102e-05
2021-10-11,-0.008023404953618973
2021-10-12,-0.0032954020016149332
2021-10-13,0.002103948308104675
2021-10-14,0.018896185475371752
2021-10-15,0.009616289827266922
2021-10-18,0.0006802960303158301
2021-10-19,0.005924714969778311
2021-10-20,0.006275974078733926
2021-10-21,0.002015077271543264
2021-10-22,0.003543000780819483
2021-10-25,0.002290044829578619
2021-10-26,-0.006188066123486435
2021-10-27,-0.011687028794534093
2021-10-28,0.012503759095118916
2021-10-29,0.0002871289263361998
2021-11-01,0.002775301643938466
2021-11-02,0.0033402799962722884
2021-11-03,-0.0021877312883160638
2021-11-04,0.004003952254851617
2021-11-05,0.01015936730164535
2021-11-08,0.004135874390593042
2021-11-09,0.002527288005424344
2021-11-10,-0.005602315960994142
2021-11-11,-0.004131526337048941
2021-11-12,0.00792032119164654
2021-11-15,0.0018707801062534113
2021-11-16,0.00018697920256816047
2021-11-17,-0.005974701729807297
2021-11-18,-0.00206607436859807
2021-11-19,-0.004987958016955174
2021-11-22,0.002742830004136332
2021-11-23,0.001697807972619092
2021-11-24,-0.0011299280180959714
2021-11-26,-0.027054981802518308
2021-11-29,0.0017436385042080005
2021-11-30,-0.02534074629850447
2021-12-01,-0.013893049715270389
2021-12-02,0.02968716351242473
2021-12-03,-0.0011728546137048657
2021-12-06,0.016927554033756786
2021-12-07,0.010199255274590646
2021-12-08,0.002476560186452925
2021-12-09,-0.0031355609850003408
2021-12-10,0.004098582335319456
2021-12-13,-0.010346635639751134
2021-12-14,-0.009495615281791658
2021-12-15,0.008715176023786686
2021-12-16,0.00047993251441713625
2021-12-17,-0.017079320634211803
2021-12-20,-0.016020793943348877
2021-12-21,0.019916620858013934
2021-12-22,0.0028313489268814163
2021-12-23,0.011780553526161475
2021-12-27,0.010585217018188597
2021-12-28,0.005046704752385001
2021-12-29,0.0018001794654147751
2021-12-30,-0.0035937360798646845
2021-12-31,0.00427085457914278
2022-01-03,-0.008222218139450121
2022-01-04,0.02010688340258393
2022-01-05,-0.009528446721463468
2022-01-06,0.004621326473637
2022-01-07,-0.0002816585460442278
2022-01-10,-0.011268527176335863
2022-01-11,0.005983310490241367
2022-01-12,0.0032101616628175123
2022-01-13,0.002164335189378086
2022-01-14,-0.006009977507366537
2022-01-18,-0.011525825228394515
2022-01-19,-0.011181946993881642
2022-01-20,-0.012758576792831211
2022-01-21,-0.009203299557317246
2022-01-24,0.005731285578916667
2022-01-25,-0.009824927597314792
2022-01-26,-0.00873177307372297
2022-01-27,-0.008909066452202796
2022-01-28,0.0069689464042739235
2022-01-31,0.010431323478025334
2022-02-01,0.013797918854510538
2022-02-02,0.006951946430000522
2022-02-03,-0.015947334171684258
2022-02-04,-0.010770552400811262
2022-02-07,0.0007990734114309284
2022-02-08,0.009981250996932589
2022-02-09,0.013736395901878584
2022-02-10,-0.016377512929106386
2022-02-11,-0.015262531141510438
2022-02-14,-0.003723977463255701
2022-02-15,0.015052153490676234
2022-02-16,0.005274730058335342
2022-02-17,-0.01831516929491117
2022-02-18,-0.008269298474191
2022-02-22,-0.009660486045520722
2022-02-23,-0.018379656325011928
2022-02-24,0.012761508704537183
2022-02-25,0.023858582442890963
2022-02-28,0.00766681652376322
2022-03-01,-0.014916452152928694
2022-03-02,0.021341345711789694
2022-03-03,0.001094663840195631
2022-03-04,-0.002186531180470852
2022-03-07,-0.02679571417678961
2022-03-08,-0.006141298192920419
2022-03-09,0.01812573497166725
2022-03-10,-0.0013151175096945966
2022-03-11,-0.008001432774066841
2022-03-14,0.0033693332615467586
2022-03-15,0.015874676160117618
2022-03-16,0.013222421523135575
2022-03-17,0.012852156240015233
2022-03-18,0.0038068645951629954
2022-03-21,0.002253560352838413
2022-03-22,0.005451409457597034
2022-03-23,-0.00958486705248851
2022-03-24,0.007624626303189164
2022-03-25,0.006208882609458399
2022-03-28,0.0002890812966813705
2022-03-29,0.009252985940500613
2022-03-30,-0.001145855306739496
2022-03-31,-0.015393394642311042
2022-04-01,-0.00776861907809967
2022-04-04,-0.001272276592915511
2022-04-05,-0.014208666330821296
2022-04-06,-0.007753631934444449
2022-04-07,0.003406281640459863
2022-04-08,-0.005591205860481341
2022-04-11,-0.003212626338850999
2022-04-12,-0.0016117748934082465
2022-04-13,0.009382624023420494
2022-04-14,-0.001099410957798752
2022-04-18,-0.003502115413742568
2022-04-19,0.018174498892308932
2022-04-20,0.005424107949684398
2022-04-21,-0.01020093678113132
2022-04-22,-0.024576526043501357
2022-04-25,0.0
2022-04-26,-0.021842905550323644
2022-04-27,0.003738968027718892
2022-04-28,0.011279041859942218
2022-04-29,-0.026501479559999597
2022-05-02,0.0021018584179004485
2022-05-03,0.00660811024677499
2022-05-04,0.02896736755841256
2022-05-05,-0.026126615244591367
2022-05-06,-0.00675892858117233
2022-05-09,-0.024183400840238733
2022-05-10,-0.0065443179437335575
2022-05-11,-0.009071259723690495
2022-05-12,0.0018525209937276799
2022-05-13,0.012727197203804996
2022-05-16,-0.001396361257552381
2022-05-17,0.022695615227249277
2022-05-18,-0.03723180783223701
2022-05-19,-0.008957848846310568
2022-05-20,-0.01080258435492265
2022-05-23,0.016380741889177042
2022-05-24,-0.0005480613127661904
2022-05-25,0.0058138577202919706
2022-05-26,0.020285516228404132
2022-05-27,0.02052407455909666
2022-05-31,-0.008065494726098299
2022-06-01,-0.006124563683552964
2022-06-02,0.019124649546398143
2022-06-03,-0.003857533599081475
2022-06-06,0.004186355512562745
2022-06-07,0.013444518664103455
2022-06-08,-0.018099481018197583
2022-06-09,-0.0196901578128007
2022-06-10,-0.029487193862369088
2022-06-13,-0.030052947990317214
2022-06-14,-0.002496515259785781
2022-06-15,0.009670916046142564
2022-06-16,-0.033355740434610426
2022-06-17,-0.002564514494179604
2022-06-21,0.018242233505948224
2022-06-22,-0.005533620572065634
2022-06-23,-0.0051011147087358655
2022-06-24,0.03495691872307538
2022-06-27,-0.0023642874052601792
2022-06-28,-0.011623947378017196
2022-06-29,-0.0058231493152437475
2022-06-30,0.0031008410304318446
2022-07-01,0.008701530028846438
2022-07-05,-0.014982911198905713
2022-07-06,0.005761793861397635
2022-07-07,0.011800983748379457
2022-07-08,-0.004529338532535454
2022-07-11,-0.006711406941414144
2022-07-12,-0.0030922393656348524
2022-07-13,-0.01217685413416647
2022-07-14,-0.005698352962686504
2022-07-15,0.01567242634986199
2022-07-18,-0.005988007324743361
2022-07-19,0.03568122270173091
2022-07-20,0.007718102431457652
2022-07-21,0.007215120767554817
2022-07-22,-0.003195993032593436
2022-07-25,0.004753908627131986
2022-07-26,-0.005391741001146921
2022-07-27,0.015488827175808462
2022-07-28,0.02091723205307705
2022-07-29,0.020595367847761947
2022-08-01,0.0010454875320988766
2022-08-02,-0.010549319358804876
2022-08-03,0.009395072266523252
2022-08-04,0.0036603082009094567
2022-08-05,0.0015629226930746754
2022-08-08,-0.00031216365369790555
2022-08-09,-0.0036423215632162
2022-08-10,0.021934491039731885
2022-08-11,0.005314701768196262
2022-08-12,0.015046799280290069
2022-08-15,0.002403938272404149
2022-08-16,0.004496373987803892
2022-08-17,-0.007957781518044604
2022-08-18,0.004010767594055276
2022-08-19,-0.012883383675711846
2022-08-22,-0.01902052969409862
2022-08-23,0.0018564238449245707
2022-08-24,0.0032942304134286893
2022-08-25,0.01528842778798234
2022-08-26,-0.03466422605179831
2022-08-29,-0.004501497539975086
2022-08-30,-0.014407461906381647
2022-08-31,-0.008429501393796168
2022-09-01,0.0013991147934939718
2022-09-02,-0.00967111807003973
2022-09-06,0.0016275355182306939
2022-09-07,0.01603279143308667
2022-09-08,0.002985450428419245
2022-09-09,0.012969107253798295
2022-09-12,0.005981758231191181
2022-09-13,-0.037659256464274815
2022-09-14,-0.0019512074413897684
2022-09-15,-0.01042663900500429
2022-09-16,-0.02085394580354294
2022-09-19,0.013572024904345392
2022-09-20,-0.012445798311895073
2022-09-21,-0.013277751628776757
2022-09-22,-0.015053134478566377
2022-09-23,-0.01875641619829116
2022-09-26,-0.010501510187334251
2022-09-27,-0.0033387948096388342
2022-09-28,0.02201476762859711
2022-09-29,-0.01732615130580839
2022-09-30,-0.013104580380010722
2022-10-03,0.03017850119408627
2022-10-04,0.03480196255502599
2022-10-05,-0.005435165623947524
2022-10-06,-0.011499621336493182
2022-10-07,-0.019119986039071057
2022-10-10,0.003522664784455287
2022-10-11,-0.00023401370477860173
2022-10-12,-0.007841855844713308
2022-10-13,0.0220598914076493
2022-10-14,-0.021929811197763383
2022-10-17,0.021831316916594457
2022-10-18,0.0241368730791649
2022-10-19,-0.007104132726423185
2022-10-20,-0.019648119099045624
2022-10-21,0.02745610756580641
2022-10-24,0.01330478916127209
2022-10-25,0.013463891635161485
2022-10-26,0.0035134490892856363
2022-10-27,0.011706698270326221
2022-10-28,0.023250784337439212
2022-10-31,-0.002853518589973625
2022-11-01,-0.0009539230818015332
2022-11-02,-0.017610919138186687
2022-11-03,0.010475144112384482
2022-11-04,0.016030767007966684
2022-11-07,0.010728888221724242
2022-11-08,0.008741868419008592
2022-11-09,-0.013927574302816659
2022-11-10,0.04195448523251599
2022-11-11,-0.0006024342681961725
2022-11-14,-0.006128842240763599
2022-11-15,0.006874156135955101
2022-11-16,-0.0072288072837437545
2022-11-17,-0.0017192341944687328
2022-11-18,0.007395365365734374
2022-11-21,0.003218070686057395
2022-11-22,0.0077184655316848705
2022-11-23,0.0037801390594636164
2022-11-25,0.003864599342518593
2022-11-28,-0.018163974138398764
2022-11-29,0.006133317805064209
2022-11-30,0.01648843538448186
2022-12-01,0.0002949096935400686
2022-12-02,0.005700142308974643
2022-12-05,-0.016710587311923653
2022-12-06,-0.011826686832697164
2022-12-07,-0.0013073747440461858
2022-12-08,0.005941559652561379
2022-12-09,-0.008209102063242879
2022-12-12,0.017159694798799086
2022-12-13,0.003770977216797755
2022-12-14,-0.0018785238138659954
2022-12-15,-0.024167898104312302
2022-12-16,-0.004263164847760126
2022-12-19,-0.0052644372864602
2022-12-20,0.0012353805783744676
2022-12-21,0.018819460705729707
2022-12-22,-0.012718108173875087
2022-12-23,0.0059298332638331175
2022-12-27,0.00304923367804677
2022-12-28,-0.013071450410499619
2022-12-29,0.012320336430807766
2022-12-30,-0.00395524654362045
2023-01-03,0.0021382052678677876
2023-01-04,0.008839621241138573
2023-01-05,-0.010776483153626337
2023-01-06,0.027387496662433897
2023-01-09,-0.004459431770780675
2023-01-10,0.005474875273286051
2023-01-11,0.009602853884247864
2023-01-12,0.005883471630802495
2023-01-13,-0.0011697031138115932
2023-01-17,-0.008491230551241902
2023-01-18,-0.01880084494516432
2023-01-19,-0.020565937475364837
2023-01-20,0.013930180456598329
2023-01-23,0.010910078851983362
2023-01-24,0.00659556694141239
2023-01-25,-0.005559313824636702
2023-01-26,0.005490486071746403
2023-01-27,0.004169919414072298
2023-01-30,-0.009788330029675829
2023-01-31,0.01697446191148111
2023-02-01,0.007265506720355308
2023-02-02,0.007798166063182288
2023-02-03,-0.0052229261400191795
2023-02-06,-0.002430799958601626
2023-02-07,0.003118884573335645
2023-02-08,-0.005635339268325712
2023-02-09,-0.008989816110891224
2023-02-10,0.007099275322215215
2023-02-13,0.00910524357674336
2023-02-14,-0.0027165118159149237
2023-02-15,0.006226083093238133
2023-02-16,-0.01034520980692355
2023-02-17,0.006545624416215201
2023-02-21,-0.02290597727886179
2023-02-22,-0.0024832807586944172
2023-02-23,0.004680190052249289
2023-02-24,-0.005748806737901346
2023-02-27,0.008872604091720637
2023-02-28,-0.0022728105926662634
2023-03-01,0.003961680598480788
2023-03-02,0.01173910485830465
2023-03-03,0.01082281377322003
2023-03-06,-0.0018325255076768743
2023-03-07,-0.012852844452076684
2023-03-08,0.002349487629318192
2023-03-09,-0.014747443393396398
2023-03-10,-0.018636027111167186
2023-03-13,-0.0056567031006919954
2023-03-14,0.01056495367975896
2023-03-15,-0.02462814408373848
2023-03-16,0.01288260529512364
2023-03-17,-0.016381720280720713
2023-03-20,0.013243374503701943
2023-03-21,0.011583807135687074
2023-03-22,-0.019152759659843976
2023-03-23,-0.0028929065871501347
2023-03-24,0.004144749176497209
2023-03-27,0.008358127625593736
2023-03-28,0.005116602119861424
2023-03-29,0.01455909122209098
2023-03-30,0.002107528931676983
2023-03-31,0.013218454781795508
2023-04-03,0.0017790472246839162
2023-04-04,-0.022395492927778204
2023-04-05,-0.013018384237779235
2023-04-06,-0.00030678228834946086
2023-04-10,0.009102892488793923
2023-04-11,0.005980258204230093
2023-04-12,0.0033249042349448032
2023-04-13,0.003715511110304215
2023-04-14,-0.0012004155284521811
2023-04-17,0.007913424904469668
2023-04-18,0.004770318870473966
2023-04-19,-0.0007914092064003064
2023-04-20,-0.0017817082453532862
2023-04-21,-0.002280725674290718
2023-04-24,0.0023853176593420233
2023-04-25,-0.018443223729774916
2023-04-26,-0.018890772370770637
2023-04-27,0.019769334227467628
2023-04-28,0.009693082153544585
2023-05-01,0.005400040691592167
2023-05-02,-0.010443652141037041
2023-05-03,-0.003819369424690189
2023-05-04,-0.010897144146774118
2023-05-05,0.015097602731139137
2023-05-08,-0.003617886486570465
2023-05-09,0.002218838616396601
2023-05-10,-0.0036227449206804874
2023-05-11,-0.006060021699221374
2023-05-12,0.0007114420180396319
2023-05-15,0.004874059619772275
2023-05-16,-0.013540901573531605
2023-05-17,0.017209699525121414
2023-05-18,0.007250675920617455
2023-05-19,-0.0023996261434788835
2023-05-22,-0.00020033065285463003
2023-05-23,-0.012029003453753462
2023-05-24,-0.012885499651698717
2023-05-25,0.0032891182004339825
2023-05-26,0.007478727942841656
2023-05-30,-0.0015252467973808637
2023-05-31,-0.01364708964211403
2023-06-01,0.012803298330326784
2023-06-02,0.02905508528659606
2023-06-05,-0.006934922797581677
2023-06-06,0.006285056172931736
2023-06-07,0.01606015941149841
2023-06-08,0.00175623061123642
2023-06-09,-0.0026296888949298713
2023-06-12,0.00712889235919989
2023-06-13,0.01163569902763939
2023-06-14,-0.0026837587792344353
2023-06-15,0.01508893922565635
2023-06-16,-0.0016095961085624833
2023-06-20,-0.007426560752256561
2023-06-21,0.005563642776605038
2023-06-22,-0.0072497543499995265
2023-06-23,-0.007590986432113422
2023-06-26,0.00832676872435223
2023-06-27,0.012003096780769162
2023-06-28,0.0
2023-06-29,0.009678320751851155
2023-06-30,0.008551856745489639
2023-07-03,0.00018639718524804394
2023-07-05,-0.005403407379482084
2023-07-06,-0.007493516961239011
2023-07-07,0.0022649535829479817
2023-07-10,0.014218541654133388
2023-07-11,0.01179098156678915
2023-07-12,-0.001743546865648371
2023-07-13,0.0012870046503923316
2023-07-14,-0.002937695196868373
2023-07-17,0.003774920913170998
2023-07-18,0.005595195950659937
2023-07-19,-0.00045592201565214374
2023-07-20,0.004471644880796877
2023-07-21,-0.004724240979913419
2023-07-24,0.002282139384742976
2023-07-25,-0.0012752377315009555
2023-07-26,0.007021754974232186
2023-07-27,-0.008602622844883556
2023-07-28,0.006210952068021136
2023-07-31,0.0023602627051322322
2023-08-01,0.0029886007475150578
2023-08-02,-0.01047400164579948
2023-08-03,-0.006296238939280774
2023-08-04,-0.00606055727451793
2023-08-07,0.012287466104567102
2023-08-08,-0.004563301976248768
2023-08-09,-0.0005500746804034673
2023-08-10,-0.0027519595921396967
2023-08-11,0.001655688675608058
2023-08-14,0.0003674193468841125
2023-08-15,-0.01276048663660434
2023-08-16,-0.005579447458746611
2023-08-17,-0.008415906988058497
2023-08-18,0.0018860249306220656
2023-08-21,-0.0012234895119169753
2023-08-22,-0.0023561245357358596
2023-08-23,0.010296552099722467
2023-08-24,-0.012155149058044268
2023-08-25,0.00842410623750589
2023-08-28,0.008165971671165506
2023-08-29,0.0076342629893346725
2023-08-30,0.0045273486665573515
2023-08-31,-0.00450694415892916
2023-09-01,0.0052665225241159686
2023-09-05,-0.01681981936991428
2023-09-06,-0.00430035032262599
2023-09-07,-0.0032860534030020316
2023-09-08,-0.004992495002929864
2023-09-11,0.00028403173439683904
2023-09-12,-0.0035964396615159044
2023-09-13,-0.006648889486329135
2023-09-14,0.009848808878691218
2023-09-15,-0.00577585748552667
2023-09-18,0.0011093232037862055
2023-09-19,-0.004202928526549021
2023-09-20,-0.003932912041155534
2023-09-21,-0.016371320084958785
2023-09-22,-0.003426603776548909
2023-09-25,0.005010378210070554
2023-09-26,-0.015249362236071873
2023-09-27,0.007444854369220044
2023-09-28,0.004237024442016901
2023-09-29,-0.005298398287337136
2023-10-02,-0.009765148288401138
2023-10-03,-0.006972750434577568
2023-10-04,0.0032098980113370867
2023-10-05,-0.005899539371289397
2023-10-06,0.013679354846467762
2023-10-09,0.015677829126163223
2023-10-10,0.0060570117983638205
2023-10-11,0.0060206216622009645
2023-10-12,-0.009073343141764778
2023-10-13,-0.008864286726707915
2023-10-16,0.010614270435201245
2023-10-17,0.0031118814070594247
2023-10-18,-0.024139561508007112
2023-10-19,-0.009238959295570282
2023-10-20,-0.010328060808709627
2023-10-23,-0.0046604920439807795
2023-10-24,0.007532630403119578
2023-10-25,-0.012830932824423158
2023-10-26,-0.004195991759673001
2023-10-27,-0.00883872045211409
2023-10-30,0.012442929366371924
2023-10-31,0.00737414841482642
2023-11-01,0.003253301560519617
2023-11-02,0.020571516293385717
2023-11-03,0.008837237890268579
2023-11-06,-0.0026575046443237937
2023-11-07,-0.002467117072327496
2023-11-08,0.0022752616881647203
2023-11-09,-0.0021714203996130443
2023-11-10,0.014442670476030317
2023-11-13,0.0008775007832773074
2023-11-14,0.020070031233126784
2023-11-15,0.0021014141744379877
2023-11-16,0.00019063704483346378
2023-11-17,0.006384486676238366
2023-11-20,0.0030301157127952116
2023-11-21,-0.0007552033368835032
2023-11-22,0.002172804095788905
2023-11-24,0.002450884802408515
2023-11-27,-0.005642150999617512
2023-11-28,-0.0023644463790913894
2023-11-29,0.0037920654651910635
2023-11-30,0.01095477014421431
2023-12-01,0.01578694889228327
2023-12-04,0.0016553156209859754
2023-12-05,-0.00807926434081696
2023-12-06,0.0044427260280364145
2023-12-07,0.0009215646638696118
2023-12-08,0.0031300728998655547
2023-12-11,0.009544775735848221
2023-12-12,0.0045455413245558685
2023-12-13,0.011131243930140089
2023-12-14,0.012888141937949182
2023-12-15,-0.001325513507908438
2023-12-18,-4.440017108675587e-05
2023-12-19,0.007740100758065749
2023-12-20,-0.0161560608432757
2023-12-21,0.010319562334650367
2023-12-22,0.004796093091312237
2023-12-26,0.0070715001630135
2023-12-27,0.001492145534586875
2023-12-28,0.0002629234412874215
2023-12-29,-0.0012266078494402866
2024-01-02,-0.010088571633662391
2024-01-03,-0.014888328007828688
2024-01-04,0.0012593805235563416
2024-01-05,0.0011680442382260292
2024-01-08,0.006551149355731312
2024-01-09,-0.003120589733780821
2024-01-10,0.005097930128147077
2024-01-11,-0.00231349902597211
2024-01-12,-8.923536801597187e-05
2024-01-16,-0.010079333065533547
2024-01-17,-0.006757946451542374
2024-01-18,0.013517159626588837
2024-01-19,0.006534144139779041
2024-01-22,0.007736798722399074
2024-01-23,-0.0007941995338487384
2024-01-24,-0.006182132383506511
2024-01-25,0.009597509790206571
2024-01-26,-0.0015844821551931343
2024-01-29,0.006523844777486243
2024-01-30,0.0003504638558711193
2024-01-31,-0.011557693811901304
2024-02-01,0.017007667007476357
2024-02-02,0.006706726376492611
2024-02-05,-0.005450758639939046
2024-02-06,0.008960468959631873
2024-02-07,0.0066390689102613365
2024-02-08,0.00017132604955305553
2024-02-09,0.0015413353612934166
2024-02-12,0.001453747758242585
2024-02-13,-0.010245952827593885
2024-02-14,0.016735729389745657
2024-02-15,0.007466487586893944
2024-02-16,-0.005979451683430725
2024-02-20,-0.0031347947839093226
2024-02-21,0.0039944581140367585
2024-02-22,0.012359241038939262
2024-02-23,0.005268119192227028
2024-02-26,-0.001497363379418748
2024-02-27,0.001499608838777311
2024-02-28,0.003410386295936707
2024-02-29,0.0030672290514364153
2024-03-01,0.004297436691794054
2024-03-04,0.003620836702440622
2024-03-05,-0.008199333721554236
2024-03-06,0.00520825754731713
2024-03-07,0.008059906790499838
2024-03-08,-0.002202727095362178
2024-03-11,-0.00515138402909765
2024-03-12,0.004438363150340852
2024-03-13,0.002700166552090044
2024-03-14,-0.004243493297509726
2024-03-15,0.00016399065291738957
2024-03-18,0.0017753340040591592
2024-03-19,0.008615045200482063
2024-03-20,0.012039384782939866
2024-03-21,0.00988652507520782
2024-03-22,-0.0034224142998299234
2024-03-25,-0.006469099998125283
2024-03-26,-0.003617387205053668
2024-03-27,0.016054909793489225
2024-03-28,0.00015870637277615174
2024-04-01,-0.007700773959296248
2024-04-02,-0.004640336631393738
2024-04-03,0.005144257602647029
2024-04-04,-0.008796525393049426
2024-04-05,0.013876497006035216
2024-04-08,-0.0017505139408152681
2024-04-09,-0.0023116296305091266
2024-04-10,-0.008549095066507917
2024-04-11,0.0011281984633826347
2024-04-12,-0.010705995450358441
2024-04-15,-0.007160253000428551
2024-04-16,-0.0022947393810703876
2024-04-17,-0.005174958900122206
2024-04-18,-0.0034678760102967443
2024-04-19,-0.001822938592260015
2024-04-22,0.007553778025089386
2024-04-23,0.01392327160068274
2024-04-24,-0.007963032700920247
2024-04-25,0.0030306026610742443
2024-04-26,0.0016332466794088951
2024-04-29,0.006685093674153597
2024-04-30,-0.015872995823573932
2024-05-01,-0.002468788468531047
2024-05-02,0.0057746129842939364
2024-05-03,0.0069718027562402085
2024-05-06,0.0101002176927667
2024-05-07,0.0027416961627384495
2024-05-08,0.0
2024-05-09,0.009971883485384136
2024-05-10,0.0007165726170281772
2024-05-13,-0.004216994822343723
2024-05-14,-0.00023965576309792347
2024-05-15,0.006553656991460821
2024-05-16,-0.005955173344760034
2024-05-17,0.0011182853356861422
2024-05-20,0.0019148658150345277
2024-05-21,-0.003265023686062851
2024-05-22,0.001198369947700506
2024-05-23,-0.011810598278598428
2024-05-24,0.0050876154963030995
2024-05-28,-0.012212758011822422
2024-05-29,-0.014153392753271099
2024-05-30,0.00684824193689848
2024-05-31,0.012128242575587755
2024-06-03,-0.01222581203444617
2024-06-04,-0.0024590113635230004
2024-06-05,0.010106869812246622
2024-06-06,-0.005938459643120231
2024-06-07,0.0010639616989105427
2024-06-10,0.0031063196171920993
2024-06-11,-0.005704494705352392
2024-06-12,0.00950734642026796
2024-06-13,-0.006413842213821241
2024-06-14,-0.010050647366120269
2024-06-17,0.011060632579249496
2024-06-18,0.005388196607547302
2024-06-20,0.0006495876245768972
2024-06-21,-0.0021098209287984115
2024-06-24,0.004251330312453838
2024-06-25,-0.00853170970842565
2024-06-26,-0.002704451839439348
2024-06-27,0.0010682114923359354
2024-06-28,0.00041047105668678974
2024-07-01,-0.010749176652568138
2024-07-02,0.005474471023427574
2024-07-03,0.003629818986051081
2024-07-05,-0.0036166910522030804
2024-07-08,0.001237444119149611
2024-07-09,-0.004366907298966272
2024-07-10,0.008937410088229347
2024-07-11,0.012713401846305983
2024-07-12,0.005750305501699415
2024-07-15,0.007167078776721292
2024-07-16,0.024945977578248124
2024-07-17,-0.012793505056017174
2024-07-18,-0.007822990530106155
2024-07-19,-0.00549539075593608
2024-07-22,0.01017052215954073
2024-07-23,-0.0019025871673575834
2024-07-24,-0.02152503161950836
2024-07-25,0.00803636223008164
2024-07-26,0.01707198940665733
2024-07-29,-0.0017419108185718901
2024-07-30,0.0029345715733235522
2024-07-31,0.01115072765801095
2024-08-01,-0.018535854185351197
2024-08-02,-0.021993762764063174
2024-08-05,-0.01735518480676479
2024-08-06,0.01202324107908792
2024-08-07,-0.004834163245675427
2024-08-08,0.023052846518941905
2024-08-09,0.0001609894030945025
2024-08-12,-0.00506922430606227
2024-08-13,0.0105136717518719
2024-08-14,0.004081501908111518
2024-08-15,0.013470515302729691
2024-08-16,-0.0014156666456811573
2024-08-19,0.0060643327927105695
2024-08-20,-0.00273989371397787
2024-08-21,0.006044400193516486
2024-08-22,-0.0012484198426166992
2024-08-23,0.009999964176985454
2024-08-26,-0.0010828061126003652
2024-08-27,0.0006194428504842087
2024-08-28,-0.0004643697135919833
2024-08-29,0.0070456210158458266
2024-08-30,0.010686470275317328
2024-09-03,-0.022135954587213957
2024-09-04,0.0010112070103258652
2024-09-05,-0.011656753146864318
2024-09-06,-0.01014314653499837
2024-09-09,0.015330807481545694
2024-09-10,0.0017211965587256017
2024-09-11,0.00179629676614379
2024-09-12,0.007718030124934883
2024-09-13,0.010134630368489495
2024-09-16,0.005131501114666426
2024-09-17,0.005486075062146378
2024-09-18,-0.0008335985567449189
2024-09-19,0.01721661264837837
2024-09-20,-0.00700861767344485
2024-09-23,0.006711804176098735
2024-09-24,0.007183420329211598
2024-09-25,-0.00468043286234332
2024-09-26,0.005000927489731799
2024-09-27,0.0014113535887794182
2024-09-30,0.004524215099470208
2024-10-01,0.000516822704874853
2024-10-02,-0.0018448745848860248
2024-10-03,-0.005101338356781615
2024-10-04,0.006985256953883523
2024-10-07,-0.002435289331809254
2024-10-08,0.002219345717077603
2024-10-09,0.008931256802880094
2024-10-10,-0.005121191056062346
2024-10-11,0.017869009812158998
2024-10-14,0.0059961599325200066
2024-10-15,-0.0076839810102351525
2024-10-16,0.007743481777163996
2024-10-17,-0.0028724528357307877
2024-10-18,0.003024892289331005
2024-10-21,-0.003518379687534212
2024-10-22,-0.012105448713440214
2024-10-23,-0.0029177242225693067
2024-10-24,-0.006876302602649487
2024-10-25,-0.00265174555750447
2024-10-28,0.002954243214612129
2024-10-29,-0.0013254822071868677
2024-10-30,-0.0016958942337768068
2024-10-31,-0.011522376056069983
2024-11-01,0.001345109417629775
2024-11-04,-0.0011193609676680705
2024-11-05,0.016733881981912724
2024-11-06,0.03916238591378529
2024-11-07,-0.006010080959667374
2024-11-08,0.0107413425250944
2024-11-11,0.007741386634705361
2024-11-12,-0.008589937365919176
2024-11-13,0.002113349945605636
2024-11-14,-0.016870491484053507
2024-11-15,-0.0053624826938964976
2024-11-18,-0.0013660024542381244
2024-11-19,-0.0008637717617230312
2024-11-20,0.0010807318525900556
2024-11-21,0.01252248722351057
2024-11-22,0.013931364351313924
2024-11-25,0.006239003219205674
2024-11-26,0.0011844980357667012
2024-11-27,-0.00368814805375528
2024-11-29,0.005657338546946278
2024-12-02,-0.0073616298300036576
2024-12-03,-0.006296913719892161
2024-12-04,0.004365335540035931
2024-12-05,-0.012127521385344564
2024-12-06,-0.0025546477030213843
2024-12-09,-0.008679676242399514
2024-12-10,-0.002440069035774095
2024-12-11,-0.0023021398620745037
2024-12-12,-0.006417831127006002
2024-12-13,-0.0026125666536197523
2024-12-16,0.0008732494145080594
2024-12-17,-0.009160330450422527
2024-12-18,-0.02824842572326247
2024-12-19,-0.0012837724332622757
2024-12-20,0.011718617309748991
2024-12-23,-0.0002255330504907782
2024-12-24,0.007812638420578999
2024-12-26,0.0007452746416338751
2024-12-27,-0.007448229585829802
2024-12-30,-0.010055585960423885
2024-12-31,-0.0012128508199333865
2025-01-02,-0.003490990266340366
2025-01-03,0.010814803317527488
2025-01-06,-0.002185048470164097
2025-01-07,-0.0009816534522353315
2025-01-08,0.003930588691095194
2025-01-10,-0.01121820242277427
2025-01-13,0.011726145473083038
2025-01-14,0.011816128989966534
2025-01-15,0.006322442987016563
2025-01-16,0.01212208017790073
2025-01-17,0.005988391356100742
2025-01-21,0.02054453193483985
2025-01-22,-0.0023474412648966103
2025-01-23,0.010124661954362235
2025-01-24,-0.004234930653404967
2025-01-27,-0.013397765815131302
2025-01-28,-0.006610087153155697
2025-01-29,-0.0033995648244831145
2025-01-30,0.011176503822592831
2025-01-31,-0.0070334770049448325
2025-02-03,-0.009902576528469043
2025-02-04,0.00029204023245266164
2025-02-05,0.0007299436780048296
2025-02-06,0.004521495315545021
2025-02-07,-0.0029765878539412816
2025-02-10,0.008956423142163494
2025-02-11,0.000361026695393063
2025-02-12,-0.006204637713395966
2025-02-13,0.0010164831875159042
2025-02-14,-0.002465791833775044
2025-02-18,0.007851849959059631
2025-02-19,0.0010098080708584867
2025-02-20,-0.0065576309123905885
2025-02-21,-0.02190644412160425
2025-02-24,-0.00452386674108507
2025-02-25,0.00514047177495125
2025-02-26,0.0005928841109801297
2025-02-27,-0.003481429994401264
2025-02-28,0.013379997073394101
2025-03-03,-0.014230180973852535
2025-03-04,-0.019495507557452885
2025-03-05,0.015785123531858236
2025-03-06,-0.008591774723206047
2025-03-07,0.01168047900802538
2025-03-10,-0.0156424574590609
2025-03-11,-0.015361311737783101
2025-03-12,-7.677032912078996e-05
2025-03-13,-0.010222256502963933
2025-03-14,0.018248263432511624
2025-03-17,0.013803097688189991
2025-03-18,-0.007973615013152191
2025-03-19,0.013269775439425091
2025-03-20,-0.005013813308304638
2025-03-21,-0.005340064162393188
2025-03-24,0.018544382913863844
2025-03-25,0.001489467354343299
2025-03-26,-0.0066176149617908075
2025-03-27,-0.00531442828340134
2025-03-28,-0.020618536432823298
2025-03-31,0.0070689027908963364
2025-04-01,0.005645655363982316
2025-04-02,0.009407631460940369
2025-04-03,-0.05411512081078018
2025-04-04,-0.06285256031771014
2025-04-07,-0.004663378661656226
2025-04-08,-0.008263085466080122
2025-04-09,0.08881643953013851
2025-04-10,-0.02579685404810339
2025-04-11,0.017653260879575416
2025-04-14,0.010424127766020641
2025-04-15,-0.00496140667552647
2025-04-16,-0.013692102720205823
2025-04-17,0.005456593618782923
2025-04-21,-0.022426242416957565
2025-04-22,0.01747079047717337
2025-04-23,0.012517104244935462
2025-04-24,0.022426520713964226
2025-04-25,-7.754510540292081e-05
2025-04-28,0.003333149481985931
2025-04-29,0.006489447301691431
2025-04-30,0.007215203312453511
2025-05-01,0.00754462499636932
2025-05-02,0.017926037484589097
2025-05-05,0.0005200474049360526
2025-05-06,-0.008763391622024108
2025-05-07,0.005094725555427004
2025-05-08,0.013790489859334176
2025-05-09,0.0008089914558118139
2025-05-12,0.030783895441615527
2025-05-13,0.006985037383264503
2025-05-14,-0.004813196165890599
2025-05-15,0.011095243482476258
2025-05-16,0.011395755142830089
2025-05-19,0.0034079334741627942
2025-05-20,-0.0036042970763169313
2025-05-21,-0.01690434594445267
2025-05-22,-0.00021238753275398814
2025-05-23,-0.0032556690584284453
2025-05-27,0.017609837911443105
2025-05-28,-0.004954240992435355
2025-05-29,0.0009116537565114768
2025-05-30,0.0006305451987094202
2025-06-02,-0.0012604033312181295
2025-06-03,0.007711814151053931
2025-06-04,0.0005566176124676137
2025-06-05,-0.0006953315225719514
2025-06-06,0.008418970020057426
2025-06-09,-0.0008968914197245992
2025-06-10,-0.004350930789697061
2025-06-11,0.00048566779001335547
2025-06-12,-0.0026345022840663646
2025-06-13,-0.008411097940245638
2025-06-16,0.006870075546267396
2025-06-17,-0.0075193440620465735
2025-06-18,-0.0023849958083067557
2025-06-20,0.0011249960284722693
2025-06-23,0.013541130528199385
2025-06-24,0.008341376246669308
2025-06-25,-0.008823836653609085
2025-06-26,0.010849854278512705
2025-06-27,0.009976583976152975
2025-06-30,0.004973149481109829
2025-07-01,0.003321530026766384
2025-07-02,0.0010134498983600526
2025-07-03,0.008504360403037703
2025-07-07,-0.0034801738579560704
2025-07-08,-0.00026856935880870125
2025-07-09,0.006986326044331026
2025-07-10,0.005603865149079734
2025-07-11,-0.0035824457009685506
2025-07-14,0.005392835626133463
2025-07-15,-0.007482848803231246
2025-07-16,0.0035361448160224906
2025-07-17,0.009241382527939823
2025-07-18,-0.0022397325321301675
2025-07-21,-0.005282014817440506
2025-07-22,0.0023894976817417923
2025-07-23,0.017944661024042352
2025-07-24,-0.0016912517266086668
2025-07-25,0.00990422933205326
2025-07-28,-0.0030970874487044053
2025-07-29,-0.011390771242120401
2025-07-30,-0.004910006945227363
2025-07-31,6.572258657500107e-05
2025-08-01,-0.01493316593318228
2025-08-04,0.009215916039563732
2025-08-05,-0.0020512922421267454
2025-08-06,0.0007957070022317492
2025-08-07,-0.0014575686419100453
2025-08-08,0.000796234923054806
2025-08-11,-0.0032487397305499544
2025-08-12,0.010376427414844347
2025-08-13,0.0038183534953089016
2025-08-14,-0.0088535617727582
2025-08-15,-0.004565627216142398
2025-08-18,0.003921813858515089
2025-08-19,0.002185006702729808
2025-08-20,-0.0009250190004449488
2025-08-21,-0.0035709733486072315
2025-08-22,0.016326067428663604
2025-08-25,-0.009990905352635249
2025-08-26,0.010289607956800895
2025-08-27,-0.0001306411780993555
2025-08-28,0.0017629859391317115
2025-08-29,-0.009190501623662639
2025-09-02,-0.009538825082364588
2025-09-03,-0.005047777937662867
2025-09-04,0.011281796888584328
2025-09-05,-0.003696698388148456
2025-09-08,0.0022527445140427815
2025-09-09,-0.006742941900619859
2025-09-10,0.007387722344989411
2025-09-11,0.009513685786695314
2025-09-12,-0.007984297931783568
2025-09-15,0.004618079274449904
2025-09-16,-0.002955096716783956
2025-09-17,-0.004544577966496655
2025-09-18,0.010652392244116848
2025-09-19,0.0024222032219274325
2025-09-22,0.0033445458606242706
2025-09-23,0.00026139402701175207
2025-09-24,-0.005162005493922095
2025-09-25,-0.006765180816399874
2025-09-26,0.00899352333932768
2025-09-29,0.003080359254573395
2025-09-30,0.007709850717103173
2025-10-01,-0.0027879964189383433
2025-10-02,0.0026007404977084203
2025-10-03,0.001361911271228422
2025-10-06,0.00466291822826892
2025-10-07,-0.0056726929356913924
2025-10-08,0.008687172368820884
2025-10-09,-0.01478246099294811
2025-10-10,-0.022114942515005676
2025-10-13,0.01040702388860737
2025-10-14,0.011752269248604952
2025-10-15,-0.004176451100929901
2025-10-16,-0.006553079685473029
2025-10-17,0.0008574513112795668
2025-10-20,0.011797328117877148
2025-10-21,0.008858784344077275
2025-10-22,-0.012977851899900417
2025-10-23,0.012494300537166936
2025-10-24,0.0008399333495141548
2025-10-27,0.005680650721194613
2025-10-28,-0.00712498015397478
2025-10-29,0.002586043277826411
2025-10-30,-0.002514827089525773
2025-10-31,0.0023918489323682124
2025-11-03,-0.004256440555275853
2025-11-04,-0.011593221223395234
2025-11-05,0.0038660398108314453
2025-11-06,-0.0039817273009322696
2025-11-07,0.004849633075063586
2025-11-10,0.0056740044792154
2025-11-11,0.00025945879191757726
2025-11-12,0.0009724707672615907
2025-11-13,-0.01548027332791535
2025-11-14,6.575333444702736e-05
2025-11-17,-0.009801922822304965
2025-11-18,-0.004451223424977613
2025-11-19,0.0033366698674313078
2025-11-20,-0.016760918990092466
2025-11-21,0.012176168771308893
2025-11-24,0.0024727334432508297
2025-11-25,0.012799987792968759
2025-11-26,0.0057925545906989395
2025-11-28,0.005824603219065194
2025-12-01,-0.014639859224791163
2025-12-02,0.008716270761685907
2025-12-03,0.009492093867327078
