Date,XLK
2020-01-03,-0.011243071901071877
2020-01-06,0.0023821690585208444
2020-01-07,-0.00043223412878390377
2020-01-08,0.010700773485759152
2020-01-09,0.011335689499358814
2020-01-10,-0.002326335836589144
2020-01-13,0.012506358805279172
2020-01-14,-0.004710532394103906
2020-01-15,0.0011570556224373973
2020-01-16,0.013446896399822661
2020-01-17,0.006737709238721523
2020-01-21,-0.0004118571246409797
2020-01-22,0.003605214027154524
2020-01-23,0.004721410673736992
2020-01-24,-0.004699223708760192
2020-01-27,-0.02381195626948951
2020-01-28,0.01913565629456926
2020-01-29,0.002579173740934637
2020-01-30,0.008643825828671625
2020-01-31,-0.02744342912430442
2020-02-03,0.013217397215877336
2020-02-04,0.026193004935025854
2020-02-05,0.005851794302908164
2020-02-06,0.00912726106948103
2020-02-07,-0.0091445188094188
2020-02-10,0.01354229867399459
2020-02-11,-0.0033652449334381496
2020-02-12,0.010824293640725458
2020-02-13,-0.002652550409528831
2020-02-14,0.004334311805935354
2020-02-18,-0.003726950326156331
2020-02-19,0.011911762093232081
2020-02-20,-0.010409752016369622
2020-02-21,-0.022414388431800214
2020-02-24,-0.041331473220767245
2020-02-25,-0.03199413801609974
2020-02-26,0.004551272897062475
2020-02-27,-0.05393728883834348
2020-02-28,0.0076398494400462535
2020-03-02,0.057825120799342766
2020-03-03,-0.037976282284267304
2020-03-04,0.04292247762782919
2020-03-05,-0.03155994789195993
2020-03-06,-0.02113815940405961
2020-03-09,-0.07591977178484255
2020-03-10,0.06669937713118745
2020-03-11,-0.047238958589092106
2020-03-12,-0.0976049603884549
2020-03-13,0.11731942172543719
2020-03-16,-0.13813992509123518
2020-03-17,0.06808167917903418
2020-03-18,-0.037677318451758146
2020-03-19,0.003620099191642634
2020-03-20,-0.0458248879530434
2020-03-23,-0.009134487206641784
2020-03-24,0.10241459613337756
2020-03-25,-0.0012885206820266726
2020-03-26,0.061927656891382465
2020-03-27,-0.04519500280058608
2020-03-30,0.042117147301177216
2020-03-31,-0.0186813300297185
2020-04-01,-0.04765451408038135
2020-04-02,0.023386671209076892
2020-04-03,-0.015447652699998038
2020-04-06,0.08532155615665538
2020-04-07,-0.008960522224135126
2020-04-08,0.026883657193162547
2020-04-09,0.00023474558814595703
2020-04-13,0.0022302152681246135
2020-04-14,0.04192508727813227
2020-04-15,-0.02180491296392939
2020-04-16,0.01217924527955927
2020-04-17,0.013282414647856955
2020-04-20,-0.016020953406828187
2020-04-21,-0.041899057397486006
2020-04-22,0.03850241681939792
2020-04-23,-0.006865371536008191
2020-04-24,0.021200469056045446
2020-04-27,0.008575171641174384
2020-04-28,-0.013312663901161592
2020-04-29,0.04104325406248943
2020-04-30,-0.004465237728026095
2020-05-01,-0.02745854682076343
2020-05-04,0.013273308484735846
2020-05-05,0.013765010194433769
2020-05-06,0.007775082932179211
2020-05-07,0.014995128698679805
2020-05-08,0.014666565187453351
2020-05-11,0.00664703460781757
2020-05-12,-0.020647900348961246
2020-05-13,-0.017230131018163952
2020-05-14,0.012740842562853016
2020-05-15,0.005053602834794724
2020-05-18,0.02450003837174397
2020-05-19,-0.0036549218500483427
2020-05-20,0.02190527156751254
2020-05-21,-0.013948862871467127
2020-05-22,0.003640808527067607
2020-05-26,-0.0010365637848511744
2020-05-27,0.005706147319956001
2020-05-28,-0.0019600407828079813
2020-05-29,0.01260978585161232
2020-06-01,-0.0003060678563351349
2020-06-02,0.009393489708189318
2020-06-03,0.007788784802031046
2020-06-04,-0.008230656024233785
2020-06-05,0.02631327553698659
2020-06-08,0.005029092525640433
2020-06-09,0.0047095648312618366
2020-06-10,0.016699310337519035
2020-06-11,-0.05734307645674552
2020-06-12,0.012940712372532692
2020-06-15,0.009656790326000975
2020-06-16,0.021321222248632754
2020-06-17,-0.00019513809581339636
2020-06-18,0.004488040106486624
2020-06-19,-0.006896595554349294
2020-06-22,0.018840798003975534
2020-06-23,0.0072199787880185
2020-06-24,-0.022555692226914892
2020-06-25,0.012809360692046079
2020-06-26,-0.01969496174557528
2020-06-29,0.010931747770949407
2020-06-30,0.017925070339384064
2020-07-01,0.0016266928407770997
2020-07-02,0.005828519190275161
2020-07-06,0.017478945278207814
2020-07-07,-0.010456500658615475
2020-07-08,0.01632229884850367
2020-07-09,0.003620542502980939
2020-07-10,-0.00027770239650615203
2020-07-13,-0.020725607562671167
2020-07-14,0.011526926434629603
2020-07-15,0.005417656482286981
2020-07-16,-0.01235601649923146
2020-07-17,0.004891441963798204
2020-07-20,0.025554715371143955
2020-07-21,-0.010040300065830454
2020-07-22,0.008021586929870983
2020-07-23,-0.02597663664586869
2020-07-24,-0.012113822316757505
2020-07-27,0.015779709148691534
2020-07-28,-0.011697622141755293
2020-07-29,0.014487160631643237
2020-07-30,0.005600173848694379
2020-07-31,0.024967455653203796
2020-08-03,0.02463106294870787
2020-08-04,0.002563032195217474
2020-08-05,0.0037024275966830444
2020-08-06,0.014052241562277912
2020-08-07,-0.01489698956181107
2020-08-10,-0.0028133439279721673
2020-08-11,-0.0179862111233714
2020-08-12,0.022714802911047327
2020-08-13,0.0004390381397356702
2020-08-14,-0.0007019432789612257
2020-08-17,0.006673739242742505
2020-08-18,0.0037509208114954173
2020-08-19,-0.0012167757668830603
2020-08-20,0.013312495460783946
2020-08-21,0.012708176284634831
2020-08-24,0.008648449235210132
2020-08-25,0.005043667459217804
2020-08-26,0.020324600209631116
2020-08-27,0.0008198516152719826
2020-08-28,0.008763837878873248
2020-08-31,0.0031667170504654507
2020-09-01,0.019101592445561977
2020-09-02,0.008895272658743902
2020-09-03,-0.056994346417910347
2020-09-04,-0.013941290703780251
2020-09-08,-0.045208154310413806
2020-09-09,0.03262990887775019
2020-09-10,-0.022582831352569666
2020-09-11,-0.007642953320768364
2020-09-14,0.020980911593470708
2020-09-15,0.00988461032145782
2020-09-16,-0.015454690167662877
2020-09-17,-0.008284632921557011
2020-09-18,-0.017235198886275782
2020-09-21,0.008312737910596057
2020-09-22,0.015830875220114615
2020-09-23,-0.03116805047524207
2020-09-24,0.005602624353966856
2020-09-25,0.023903808276377614
2020-09-28,0.019133120393921565
2020-09-29,-0.003358802405477923
2020-09-30,0.008381603952765326
2020-10-01,0.010539714936898426
2020-10-02,-0.025353827650982375
2020-10-05,0.02192434847774316
2020-10-06,-0.015494765456405935
2020-10-07,0.018333003890356636
2020-10-08,0.0051798781945182615
2020-10-09,0.015291266515288893
2020-10-12,0.027292272639707793
2020-10-13,-0.006398935557909269
2020-10-14,-0.005298882678129169
2020-10-15,-0.004507254649867232
2020-10-16,-0.0028814414684814604
2020-10-19,-0.01832882853148532
2020-10-20,0.00344807714792994
2020-10-21,-0.0015086612768953067
2020-10-22,-0.004700637986094769
2020-10-23,-0.0010962882887323167
2020-10-26,-0.021698918382351717
2020-10-27,0.0050057013316262555
2020-10-28,-0.042421796614061535
2020-10-29,0.01668039534316268
2020-10-30,-0.022140215716918488
2020-11-02,0.0025258287257798884
2020-11-03,0.017635397668702035
2020-11-04,0.03890376420649
2020-11-05,0.031063848390808113
2020-11-06,0.003549188042217599
2020-11-09,-0.007237966870282664
2020-11-10,-0.018641319105314524
2020-11-11,0.02372317607857899
2020-11-12,-0.008906334821749184
2020-11-13,0.008487190037109515
2020-11-16,0.009653408934955143
2020-11-17,-0.005556866528342974
2020-11-18,-0.010682914598339144
2020-11-19,0.008057106453361662
2020-11-20,-0.01030000329725711
2020-11-23,-0.0002495374138220541
2020-11-24,0.013907100116323345
2020-11-25,0.0021357651749960294
2020-11-27,0.005327415313371109
2020-11-30,0.006685213509852073
2020-12-01,0.012795282235578131
2020-12-02,-0.001519161824413695
2020-12-03,-0.0006405332817888132
2020-12-04,0.010016830978773594
2020-12-07,0.002856083681866073
2020-12-08,0.003243672749599913
2020-12-09,-0.019162508573669967
2020-12-10,0.0014471647928187004
2020-12-11,-0.0020872646958993712
2020-12-14,0.0036202721700151486
2020-12-15,0.01667325700002542
2020-12-16,0.006780793550474229
2020-12-17,0.00790974004805034
2020-12-18,-0.0034963790367043
2020-12-21,0.0010002329564036128
2020-12-22,0.008666682251666336
2020-12-23,-0.007585933352213914
2020-12-24,0.006629821214958254
2020-12-28,0.01131256975722561
2020-12-29,-0.004750315461778287
2020-12-30,-0.0005388081181479931
2020-12-31,0.0014634244852893552
2021-01-04,-0.01630528583323243
2021-01-05,0.006489449929270252
2021-01-06,-0.01724528983625584
2021-01-07,0.02695422025821359
2021-01-08,0.00646561736777973
2021-01-11,-0.008259524977663468
2021-01-12,-0.004780781196066286
2021-01-13,0.0063534812097012505
2021-01-14,-0.008777228837164364
2021-01-15,-0.010253363191727427
2021-01-19,0.013027854968438168
2021-01-20,0.019832853429856412
2021-01-21,0.012913967995454856
2021-01-22,-0.003824945605301666
2021-01-25,0.008356642637286305
2021-01-26,0.0006720606572001575
2021-01-27,-0.01887651183011052
2021-01-28,0.004106341783169043
2021-01-29,-0.02355350886817764
2021-02-01,0.025052559794061402
2021-02-02,0.013544029829410942
2021-02-03,-0.003433971707905048
2021-02-04,0.01595620511241802
2021-02-05,-0.002211984409107748
2021-02-08,0.0104935748761108
2021-02-09,-0.0011700390298789998
2021-02-10,-0.0014644070218693406
2021-02-11,0.010998753341421308
2021-02-12,0.00514931354741921
2021-02-16,-0.00324675770040439
2021-02-17,-0.008831831429236936
2021-02-18,-0.0048934950636941865
2021-02-19,-0.0014674890310397704
2021-02-22,-0.022050857357381104
2021-02-23,-0.0027812982829142907
2021-02-24,0.01530025316244088
2021-02-25,-0.03496390416876094
2021-02-26,0.005307283436427834
2021-03-01,0.03221380737901858
2021-03-02,-0.015863592004406235
2021-03-03,-0.02515802748854623
2021-03-04,-0.022098638662408687
2021-03-05,0.018884302509597495
2021-03-08,-0.02419543630665022
2021-03-09,0.03401405723413986
2021-03-10,-0.003996549546931738
2021-03-11,0.02137521444804813
2021-03-12,-0.007177198998283729
2021-03-15,0.010653418038428786
2021-03-16,0.007529225932305206
2021-03-17,-0.000821771681020933
2021-03-18,-0.027748510446896746
2021-03-19,-0.0030002698268500883
2021-03-22,0.019663182996350947
2021-03-23,-0.006218304941862041
2021-03-24,-0.01213268647707677
2021-03-25,-0.000617897838285586
2021-03-26,0.025428898059089988
2021-03-29,-0.005200959091794077
2021-03-30,-0.009470969432801901
2021-03-31,0.015910724260105757
2021-04-01,0.020103766675320545
2021-04-05,0.020667446609942353
2021-04-06,-0.004266962814899022
2021-04-07,0.005301821612078816
2021-04-08,0.014448667030234175
2021-04-09,0.009614138624584712
2021-04-12,-0.004796419517936079
2021-04-13,0.009426516333625345
2021-04-14,-0.010602688668150284
2021-04-15,0.017174391296450597
2021-04-16,-0.00020923386434101854
2021-04-19,-0.008304362297235413
2021-04-20,-0.008866379997948703
2021-04-21,0.010081894275975722
2021-04-22,-0.0117386112191743
2021-04-23,0.014936043080280959
2021-04-26,0.005115681968697272
2021-04-27,-0.0024400580420347318
2021-04-28,-0.00929574038044123
2021-04-29,-0.0008464874395873734
2021-04-30,-0.013627045806532623
2021-05-03,-0.002791737091922042
2021-05-04,-0.017945507336371458
2021-05-05,-0.002412183798814471
2021-05-06,0.010038098673374796
2021-05-07,0.00856008914915063
2021-05-10,-0.025246034100521397
2021-05-11,-0.003025645015793166
2021-05-12,-0.028125303488582998
2021-05-13,0.013251199106774525
2021-05-14,0.022021486324378392
2021-05-17,-0.007354083250789345
2021-05-18,-0.008000961324041156
2021-05-19,0.0035100727162389322
2021-05-20,0.019126221816453404
2021-05-21,-0.00547678039520183
2021-05-24,0.017769492261251463
2021-05-25,0.0002884403180027917
2021-05-26,-7.228882143450743e-05
2021-05-27,-0.005265150392143925
2021-05-28,0.0035529048556519616
2021-06-01,-0.004913325169968563
2021-06-02,0.006898201536214232
2021-06-03,-0.009302821365217873
2021-06-04,0.019216944826139448
2021-06-07,-0.00021440583671628044
2021-06-08,7.114515237249819e-05
2021-06-09,0.0007146756136058308
2021-06-10,0.007351760503582883
2021-06-11,0.005952114912917805
2021-06-14,0.010142774534226406
2021-06-15,-0.006136271865119114
2021-06-16,-0.005402402270501927
2021-06-17,0.011569184542109978
2021-06-18,-0.009135428376581212
2021-06-21,0.010716988135144545
2021-06-22,0.0090686158763853
2021-06-23,-0.0011059621483417992
2021-06-24,0.006297793020311859
2021-06-25,-0.001168847194338074
2021-06-28,0.010465872695168077
2021-06-29,0.0072913717441494
2021-06-30,-0.001082244728006776
2021-07-01,0.0016929863961565594
2021-07-02,0.013183551398439297
2021-07-06,0.0038034740804417932
2021-07-07,0.005451294534281725
2021-07-08,-0.00945452716826789
2021-07-09,0.00921098961262179
2021-07-12,0.0007935909080614145
2021-07-13,0.00409745502492509
2021-07-14,0.007371223760235024
2021-07-15,-0.008232269382535518
2021-07-16,-0.009881198995736251
2021-07-19,-0.013772255357606511
2021-07-20,0.014841350747832216
2021-07-21,0.009639288510972177
2021-07-22,0.007374136298766487
2021-07-23,0.009934785373218569
2021-07-26,-0.0005178634288645068
2021-07-27,-0.009453375601277014
2021-07-28,-0.001242448732872492
2021-07-29,0.004647447152187567
2021-07-30,-0.0006517591998534966
2021-08-02,-0.003585058972785049
2021-08-03,0.006411098199441412
2021-08-04,0.002015196706586897
2021-08-05,0.005514803175610927
2021-08-06,-0.0008387343358370325
2021-08-09,-0.003228648428768577
2021-08-10,-0.007191460167885633
2021-08-11,0.00013066751018775413
2021-08-12,0.0057415153659432505
2021-08-13,0.005449441215767736
2021-08-16,0.004516214817802844
2021-08-17,-0.008285679535388168
2021-08-18,-0.013795114359360983
2021-08-19,0.00978499357277185
2021-08-20,0.01287736967791342
2021-08-23,0.012905961515663922
2021-08-24,-0.0011410600044313712
2021-08-25,-0.0005710315361229235
2021-08-26,-0.006286539042716144
2021-08-27,0.009648988534635139
2021-08-30,0.010760048726181193
2021-08-31,-0.005260155108125941
2021-09-01,0.00025160946119129335
2021-09-02,-0.0010697415479792305
2021-09-03,0.003969002728912985
2021-09-07,0.00025091906285790166
2021-09-08,-0.003826694258859731
2021-09-09,-0.0037785882253097425
2021-09-10,-0.009861512479637846
2021-09-13,0.0003189644515830814
2021-09-14,-0.001276256700423195
2021-09-15,0.008754820944973263
2021-09-16,0.0005703185816592349
2021-09-17,-0.015575659468995862
2021-09-20,-0.01821436759660089
2021-09-21,0.0003939618701558345
2021-09-22,0.013710384758780725
2021-09-23,0.01339549293293718
2021-09-24,0.0007024143216476375
2021-09-27,-0.009699540901464743
2021-09-28,-0.029641143842709106
2021-09-29,-0.0012617297350221435
2021-09-30,-0.007181003432193522
2021-10-01,0.01506867566869885
2021-10-04,-0.02315771379387077
2021-10-05,0.014250983665665462
2021-10-06,0.006525909896226256
2021-10-07,0.00912975044508113
2021-10-08,-0.0037369435467988765
2021-10-11,-0.0055274969207603775
2021-10-12,-0.005161494626748309
2021-10-13,0.006119432666856772
2021-10-14,0.02254399044574784
2021-10-15,0.008016883352447879
2021-10-18,0.008466378786011086
2021-10-19,0.009921837751092788
2021-10-20,-0.0027708085679896133
2021-10-21,0.00385216841150271
2021-10-22,-0.0034600293085768064
2021-10-25,0.0032826097159917023
2021-10-26,0.0028316027442432112
2021-10-27,-0.0008785412952954097
2021-10-28,0.010047859243315305
2021-10-29,0.004289956518686022
2021-11-01,-0.0014858993157665923
2021-11-02,0.008803945714682238
2021-11-03,0.005838728340263888
2021-11-04,0.01564225581431611
2021-11-05,0.005173741683077937
2021-11-08,0.005386488289269353
2021-11-09,-0.00410751906111273
2021-11-10,-0.01649831224995424
2021-11-11,0.004680012902060771
2021-11-12,0.012159838379603105
2021-11-15,-0.0010159747459050905
2021-11-16,0.010529911024287575
2021-11-17,-0.00301951155091873
2021-11-18,0.009976811730861845
2021-11-19,0.007291225456602435
2021-11-22,-0.011149619517107578
2021-11-23,-0.00230221227367966
2021-11-24,0.007277864632798892
2021-11-26,-0.02496481092650804
2021-11-29,0.025001591929189493
2021-11-30,-0.008346091430188163
2021-12-01,-0.013691178972177531
2021-12-02,0.009193886443206178
2021-12-03,-0.0167322620463507
2021-12-06,0.009507740773287532
2021-12-07,0.03491315603791545
2021-12-08,0.004579041794188221
2021-12-09,-0.010790001257018678
2021-12-10,0.02006531165637848
2021-12-13,-0.014867288362612086
2021-12-14,-0.016426781605464513
2021-12-15,0.026497748759014783
2021-12-16,-0.028343306721230532
2021-12-17,-0.006685837942386641
2021-12-20,-0.011893770328384345
2021-12-21,0.02530645004146903
2021-12-22,0.013077126120076832
2021-12-23,0.005582053832687617
2021-12-27,0.021452417954042735
2021-12-28,-0.005207969901041998
2021-12-29,0.0008536311937470398
2021-12-30,-0.0065955398556778455
2021-12-31,-0.004864966428555051
2022-01-03,0.009490213773736489
2022-01-04,-0.01059729456544678
2022-01-05,-0.03074954958217524
2022-01-06,-0.005050224824957095
2022-01-07,-0.009195711140377427
2022-01-10,0.00018088533755200586
2022-01-11,0.011990652126709467
2022-01-12,0.004703933412493644
2022-01-13,-0.02589790961401639
2022-01-14,0.008456322709635034
2022-01-18,-0.024010436664456014
2022-01-19,-0.013969511629791875
2022-01-20,-0.012913721649777221
2022-01-21,-0.019877922262062753
2022-01-24,0.005183553056107071
2022-01-25,-0.023141799186863765
2022-01-26,0.005872965858133572
2022-01-27,-0.0068884942527632775
2022-01-28,0.043731122555013435
2022-01-31,0.02512658623367492
2022-02-01,0.0025931440974278352
2022-02-02,0.008128677811111595
2022-02-03,-0.029014878437363167
2022-02-04,0.004026078265457977
2022-02-07,-0.006641486980644373
2022-02-08,0.012362819629692545
2022-02-09,0.022180515354000674
2022-02-10,-0.026148692790570416
2022-02-11,-0.03054412801599704
2022-02-14,-0.00032269295851283797
2022-02-15,0.026285169680709153
2022-02-16,-0.0010068115112511489
2022-02-17,-0.029921325972847912
2022-02-18,-0.010129900731648767
2022-02-22,-0.009249515478241155
2022-02-23,-0.025028203835471774
2022-02-24,0.034159685135181084
2022-02-25,0.013593252653692378
2022-02-28,-0.0018139732165958211
2022-03-01,-0.019990680982223674
2022-03-02,0.021656761689402115
2022-03-03,-0.011927757506573933
2022-03-04,-0.017517586492451498
2022-03-07,-0.03659416980329777
2022-03-08,-0.004852001529641381
2022-03-09,0.03956278743271224
2022-03-10,-0.017487657952088065
2022-03-11,-0.017594131972715865
2022-03-14,-0.01853393941709003
2022-03-15,0.033594986227917234
2022-03-16,0.03250304681771077
2022-03-17,0.007091339866863278
2022-03-18,0.02046608037939346
2022-03-21,-0.0018996400762005816
2022-03-22,0.014370107835234736
2022-03-23,-0.01537877315310665
2022-03-24,0.025988092041561828
2022-03-25,-0.0005683216726440898
2022-03-28,0.01188212814614431
2022-03-29,0.02123664604322162
2022-03-30,-0.013333164399935593
2022-03-31,-0.014815459037581746
2022-04-01,-0.0029570151545792456
2022-04-04,0.018995245989019915
2022-04-05,-0.021056460927619813
2022-04-06,-0.023660517893269173
2022-04-07,0.0015550146425800104
2022-04-08,-0.013974316709145174
2022-04-11,-0.025195214075966144
2022-04-12,-0.004442292398224135
2022-04-13,0.016090880076868652
2022-04-14,-0.024286385120166898
2022-04-18,0.0032732308152660927
2022-04-19,0.018760445819133498
2022-04-20,-0.0009340935779365012
2022-04-21,-0.016962821623486612
2022-04-22,-0.027988958665146058
2022-04-25,0.015026319668808297
2022-04-26,-0.03725124763173382
2022-04-27,0.014804916826656855
2022-04-28,0.04003093357730991
2022-04-29,-0.04167531616761877
2022-05-02,0.0152030376778991
2022-05-03,0.0017415148971557937
2022-05-04,0.035113144074788494
2022-05-05,-0.04809544009556743
2022-05-06,-0.0080447724483238
2022-05-09,-0.03869949926293903
2022-05-10,0.0152443099790176
2022-05-11,-0.03156185228726427
2022-05-12,-0.010311589621010642
2022-05-13,0.03323437504102711
2022-05-16,-0.008832547540323143
2022-05-17,0.02896170061608694
2022-05-18,-0.04575610448927114
2022-05-19,-0.010966595059471507
2022-05-20,0.0022173989431562013
2022-05-23,0.022966843259775604
2022-05-24,-0.014843005056529246
2022-05-25,0.011659286068194552
2022-05-26,0.024023596904844124
2022-05-27,0.03383759523296681
2022-05-31,-0.007140077311638904
2022-06-01,-0.0029904303546950395
2022-06-02,0.02420925753562364
2022-06-03,-0.02391572459357072
2022-06-06,7.141065070226382e-05
2022-06-07,0.011928538400100885
2022-06-08,-0.011293646552541614
2022-06-09,-0.026701176661452664
2022-06-10,-0.03843590782569861
2022-06-13,-0.04432083005087972
2022-06-14,0.006305909286952849
2022-06-15,0.02109937219046576
2022-06-16,-0.04070551992046567
2022-06-17,0.00915057706032707
2022-06-21,0.025447330749437835
2022-06-22,-0.004236683472255587
2022-06-23,0.014970104559121067
2022-06-24,0.03594140861801076
2022-06-27,-0.0067436880117087705
2022-06-28,-0.029951141388371516
2022-06-29,0.002022100368270552
2022-06-30,-0.013349995365133371
2022-07-01,0.002281373550030219
2022-07-05,0.012557723802068876
2022-07-06,0.008603973235453477
2022-07-07,0.02067332650736442
2022-07-08,0.00045163562339634034
2022-07-11,-0.013772909100590591
2022-07-12,-0.01365975539309161
2022-07-13,-0.0026304056607492354
2022-07-14,0.009153352810248538
2022-07-15,0.017603474550937026
2022-07-18,-0.009669045928189846
2022-07-19,0.030510935353199375
2022-07-20,0.015617975913843729
2022-07-21,0.014065891192091007
2022-07-22,-0.01379878804569279
2022-07-25,-0.006340077032278124
2022-07-26,-0.01620847503838596
2022-07-27,0.0430146498966999
2022-07-28,0.015224135845859799
2022-07-29,0.015347706759190949
2022-08-01,-0.002149526745951924
2022-08-02,-0.007087780735189231
2022-08-03,0.026594185998490172
2022-08-04,0.004567272730376937
2022-08-05,-0.0023073510087198157
2022-08-08,-0.0085020692492348
2022-08-09,-0.010016020091314193
2022-08-10,0.027302629616553276
2022-08-11,-0.003912526070045108
2022-08-12,0.019909449406899205
2022-08-15,0.006307596532489912
2022-08-16,-0.0027051671449999093
2022-08-17,-0.007145114715771617
2022-08-18,0.005197659592931947
2022-08-19,-0.018163736777312645
2022-08-22,-0.027884917803262188
2022-08-23,-0.0026392851567307307
2022-08-24,0.0006267680991824953
2022-08-25,0.016911267209939407
2022-08-26,-0.042704267223736325
2022-08-29,-0.013225805982346572
2022-08-30,-0.010432625607805335
2022-08-31,-0.009737107940966272
2022-09-01,-0.004879509727600317
2022-09-02,-0.013001286650466515
2022-09-06,-0.006624271423813055
2022-09-07,0.01598863534332784
2022-09-08,0.0034308320993639008
2022-09-09,0.019770942987048734
2022-09-12,0.016035045959145622
2022-09-13,-0.05308472324434865
2022-09-14,0.0036364421162276006
2022-09-15,-0.023022557449908665
2022-09-16,-0.005562610540044033
2022-09-19,0.008154720357163692
2022-09-20,-0.0058717070225015044
2022-09-21,-0.015620065737085076
2022-09-22,-0.010183810409574945
2022-09-23,-0.013080431010933702
2022-09-26,-0.00695002994402627
2022-09-27,0.0013022083346543312
2022-09-28,0.010565604010631224
2022-09-29,-0.026057509701172155
2022-09-30,-0.019157816790890125
2022-10-03,0.030981662069882177
2022-10-04,0.03356207573802794
2022-10-05,0.0033182081762204163
2022-10-06,-0.00818948499365968
2022-10-07,-0.04112752964500743
2022-10-10,-0.01680880653258776
2022-10-11,-0.015327630401071435
2022-10-12,-0.003078989971631252
2022-10-13,0.031057132048538216
2022-10-14,-0.028124444573791263
2022-10-17,0.03047916106307702
2022-10-18,0.008474611452200076
2022-10-19,-0.0028833328209180165
2022-10-20,0.0005782953903181731
2022-10-21,0.02675466976820884
2022-10-24,0.013833047037671964
2022-10-25,0.019117918375706422
2022-10-26,-0.022262075330883202
2022-10-27,-0.011384293350956809
2022-10-28,0.04348515465988978
2022-10-31,-0.013196421218819143
2022-11-01,-0.008367882020519857
2022-11-02,-0.03454263494870524
2022-11-03,-0.02940703796524835
2022-11-04,0.01826302922569578
2022-11-07,0.016695582394725683
2022-11-08,0.009592683962434734
2022-11-09,-0.026008390030359152
2022-11-10,0.08217572900931569
2022-11-11,0.0171124505798137
2022-11-14,-0.008562532251254917
2022-11-15,0.012121428628038888
2022-11-16,-0.013697805618599013
2022-11-17,0.0012900727438924786
2022-11-18,0.0011370486864650253
2022-11-21,-0.010750389441334662
2022-11-22,0.01936193589126889
2022-11-23,0.00885865227275362
2022-11-25,-0.00580417891121221
2022-11-28,-0.021407130988641
2022-11-29,-0.00979064374754568
2022-11-30,0.050208548473197556
2022-12-01,0.0013975464326159148
2022-12-02,-0.0058025783834344535
2022-12-05,-0.016622493821646267
2022-12-06,-0.02141063400804888
2022-12-07,-0.005066735967658054
2022-12-08,0.016358086474902667
2022-12-09,-0.006149463397795429
2022-12-12,0.021846898049160846
2022-12-13,0.011811284644851483
2022-12-14,-0.008422378692101717
2022-12-15,-0.03740398707344117
2022-12-16,-0.01323637699722413
2022-12-19,-0.013334558992845968
2022-12-20,0.001514938126629728
2022-12-21,0.016559287167709824
2022-12-22,-0.02521739846126969
2022-12-23,0.0010444774132385426
2022-12-27,-0.00947033583398571
2022-12-28,-0.016123838690589865
2022-12-29,0.02618789472118599
2022-12-30,-0.0013641668186850087
2023-01-03,-0.009482575043459507
2023-01-04,0.0025961533906908585
2023-01-05,-0.01942060524496758
2023-01-06,0.029295324920510568
2023-01-09,0.01162501710121222
2023-01-10,0.006181750764952865
2023-01-11,0.017328284416329165
2023-01-12,0.007432684355199282
2023-01-13,0.0028434368163174906
2023-01-17,0.004521553577913284
2023-01-18,-0.01289301844939561
2023-01-19,-0.011670215821590002
2023-01-20,0.027056675186640566
2023-01-23,0.022765462814881454
2023-01-24,-0.0004468158718733406
2023-01-25,-0.002085261124368909
2023-01-26,0.015971411164719118
2023-01-27,0.004186965485098559
2023-01-30,-0.019092742507260563
2023-01-31,0.01394575200585213
2023-02-01,0.023536471338651888
2023-02-02,0.027306642977376727
2023-02-03,-0.00832389457634497
2023-02-06,-0.012202860446957176
2023-02-07,0.024992728854307478
2023-02-08,-0.01205249623288307
2023-02-09,-0.005500027063712332
2023-02-10,-0.004609163878904532
2023-02-13,0.017310109299920606
2023-02-14,0.00427152648199236
2023-02-15,0.004671529043173583
2023-02-16,-0.017350225731548874
2023-02-17,-0.012500758741360252
2023-02-21,-0.023744906365314566
2023-02-22,-0.0014652526055113357
2023-02-23,0.016580988213372727
2023-02-24,-0.017826263959232258
2023-02-27,0.005364068134167788
2023-02-28,-0.00219251129996223
2023-03-01,-0.00732484806474365
2023-03-02,0.012322863150503238
2023-03-03,0.021502924731875872
2023-03-06,0.00478086746435924
2023-03-07,-0.012428033055175591
2023-03-08,0.00826948542077588
2023-03-09,-0.01433522442720292
2023-03-10,-0.017582936808184013
2023-03-13,0.005449986554215247
2023-03-14,0.023075299992130205
2023-03-15,0.0005730181153991154
2023-03-16,0.02805178008527509
2023-03-17,-0.0013920080702654047
2023-03-20,0.002696515367619723
2023-03-21,0.00808197026505142
2023-03-22,-0.00995229679000531
2023-03-23,0.016265266751090524
2023-03-24,0.0026102031839356776
2023-03-27,-0.007741891811058554
2023-03-28,-0.004695022010932526
2023-03-29,0.02095028812775701
2023-03-30,0.011619225261829014
2023-03-31,0.014306811917393691
2023-04-03,-0.0015892278171655283
2023-04-04,-0.0055051027326543656
2023-04-05,-0.01140457059365163
2023-04-06,0.005666930461750486
2023-04-10,-0.0005366018978761877
2023-04-11,-0.009396669738830021
2023-04-12,-0.005691503879719173
2023-04-13,0.01860308292302859
2023-04-14,-0.00555271540857738
2023-04-17,0.0036328460450198996
2023-04-18,0.003083213548020769
2023-04-19,-0.002873277738450808
2023-04-20,-0.006567468553306921
2023-04-21,-0.003238162169265757
2023-04-24,-0.004399004882853386
2023-04-25,-0.021344431253420226
2023-04-26,0.014864119289332178
2023-04-27,0.02121693778214273
2023-04-28,0.010857217166936772
2023-05-01,0.0005966716167853381
2023-05-02,-0.009342898679530531
2023-05-03,-0.008427363244460029
2023-05-04,-0.004789168443925851
2023-05-05,0.025078018700902094
2023-05-08,-0.0005290054184535764
2023-05-09,-0.0076739190758573494
2023-05-10,0.012199868426394644
2023-05-11,-0.004478766327641881
2023-05-12,-0.001323301253770115
2023-05-15,0.008281000104975123
2023-05-16,0.0010514397048171364
2023-05-17,0.013323688860103156
2023-05-18,0.020467469657418524
2023-05-19,-0.00044421787087012277
2023-05-22,0.0019049188041924126
2023-05-23,-0.014767199426952482
2023-05-24,-0.007333819296467481
2023-05-25,0.03836457206392274
2023-05-26,0.028396541687496057
2023-05-30,0.00534062449678574
2023-05-31,-0.00833041136089141
2023-06-01,0.0101655585425795
2023-06-02,0.0057245164234644985
2023-06-05,-0.005751877337217937
2023-06-06,-0.00024097781946152974
2023-06-07,-0.014948720875647692
2023-06-08,0.01083078855939723
2023-06-09,0.004963979339057012
2023-06-12,0.021745583421127535
2023-06-13,0.006072524268528001
2023-06-14,0.010313563613842947
2023-06-15,0.012876429813356571
2023-06-16,-0.008246081658920268
2023-06-20,-0.0067582447006282464
2023-06-21,-0.014796593351702025
2023-06-22,0.008159792039200031
2023-06-23,-0.010850433269921744
2023-06-26,-0.007174688134872431
2023-06-27,0.019708794225511417
2023-06-28,0.0005855553155464932
2023-06-29,0.0017561823917873198
2023-06-30,0.015893248100713908
2023-07-03,-0.002128183391680749
2023-07-05,-0.006167442686720648
2023-07-06,-0.0026679031523821894
2023-07-07,-0.004361364425413239
2023-07-10,0.0026281728905845902
2023-07-11,0.0021555486457423
2023-07-12,0.011335184997107728
2023-07-13,0.01304757330605466
2023-07-14,-0.001475253182015246
2023-07-17,0.012784832160043447
2023-07-18,0.011333049033687148
2023-07-19,-0.0024964829244454867
2023-07-20,-0.019965547358156588
2023-07-21,-0.0005106027038541683
2023-07-24,0.0017600323206574675
2023-07-25,0.01144857844342817
2023-07-26,-0.013448263550487893
2023-07-27,-0.002896807506445609
2023-07-28,0.013614492453113192
2023-07-31,0.0023039910840902955
2023-08-01,0.0016821457336935186
2023-08-02,-0.024741172674832224
2023-08-03,-0.0040750641806147625
2023-08-04,-0.013600799371167094
2023-08-07,0.0028044755310121516
2023-08-08,-0.007690535996379921
2023-08-09,-0.01291671581841669
2023-08-10,0.00011867793335529342
2023-08-11,-0.007374769299310691
2023-08-14,0.015938002808528973
2023-08-15,-0.009849266226237496
2023-08-16,-0.009530143112816858
2023-08-17,-0.009501297262929032
2023-08-18,0.0015177163381105974
2023-08-21,0.01909565590039697
2023-08-22,-0.0011303201912977734
2023-08-23,0.018044193581117085
2023-08-24,-0.023047659295077016
2023-08-25,0.010179178757607099
2023-08-28,0.008179622168811518
2023-08-29,0.020048221094071783
2023-08-30,0.007550368328411938
2023-08-31,0.004862448205291026
2023-09-01,0.0030741774040325964
2023-09-05,0.003575592426631413
2023-09-06,-0.010575201020347702
2023-09-07,-0.014460443868532957
2023-09-08,0.002087842216597524
2023-09-11,0.005208640813371135
2023-09-12,-0.01813586933819744
2023-09-13,0.0025215047869320273
2023-09-14,0.007252787189916177
2023-09-15,-0.019220766313615245
2023-09-18,0.004805967771011277
2023-09-19,-0.0005314626238724918
2023-09-20,-0.01571536549944108
2023-09-21,-0.015246184484292158
2023-09-22,0.002133483498788502
2023-09-25,0.0032235218201441818
2023-09-26,-0.018006718391427756
2023-09-27,0.0015437312029975558
2023-09-28,0.00708918822267246
2023-09-29,0.003427744418422085
2023-10-02,0.01073636652917842
2023-10-03,-0.016959338910322086
2023-10-04,0.012463107547168839
2023-10-05,0.0013339414555422202
2023-10-06,0.018712413430390873
2023-10-09,0.00517182983678377
2023-10-10,0.001537738075851225
2023-10-11,0.00927072512402316
2023-10-12,0.0009361336548692201
2023-10-13,-0.0143205805888591
2023-10-16,0.009606711845797866
2023-10-17,-0.004640298284639743
2023-10-18,-0.010267969745831329
2023-10-19,-0.005723690600280551
2023-10-20,-0.016910633906650263
2023-10-23,0.0011590541634889373
2023-10-24,0.006884632266817237
2023-10-25,-0.011799571290605493
2023-10-26,-0.019104817609351565
2023-10-27,0.005805683713945742
2023-10-30,0.010737442587202217
2023-10-31,0.007122938925949729
2023-11-01,0.019328033557574953
2023-11-02,0.016928116023941397
2023-11-03,0.010293350760381514
2023-11-06,0.006579071209549481
2023-11-07,0.010931746310973045
2023-11-08,0.005664287664667311
2023-11-09,-0.004665225800994932
2023-11-10,0.026121694091082448
2023-11-13,-0.0058489086788139355
2023-11-14,0.020003408258386868
2023-11-15,0.0012633995603297254
2023-11-16,0.004992648309450676
2023-11-17,-0.0020743763970878515
2023-11-20,0.014496657494812881
2023-11-21,-0.008088497998020805
2023-11-22,0.004457854112754678
2023-11-24,-0.0019483535194568802
2023-11-27,-5.435940627451785e-05
2023-11-28,0.0018980685589913282
2023-11-29,0.0007577890879544302
2023-11-30,0.0014603796100081112
2023-12-01,0.0022682496596873047
2023-12-04,-0.012178015036315437
2023-12-05,0.006000405562809563
2023-12-06,-0.008458805474736208
2023-12-07,0.012140300741129817
2023-12-08,0.008536882701718707
2023-12-11,0.008732313263668301
2023-12-12,0.006638886399004118
2023-12-13,0.0088107725961728
2023-12-14,-0.0024579647653691916
2023-12-15,0.005032909983864409
2023-12-18,0.002990501860085981
2023-12-19,0.0038049851001185075
2023-12-20,-0.015110550045085658
2023-12-21,0.011229985822438948
2023-12-22,0.0013034256853405868
2023-12-26,0.004165597029524459
2023-12-27,-5.1865966177344625e-05
2023-12-28,0.001192899052868679
2023-12-29,-0.0030561248135893004
2024-01-02,-0.026184522554584255
2024-01-03,-0.01018985352857582
2024-01-04,-0.007330493618795675
2024-01-05,-0.0002713845447759322
2024-01-08,0.025092447115320438
2024-01-09,0.0015892893039759493
2024-01-10,0.00851675985887379
2024-01-11,0.005087758572739576
2024-01-12,0.003235767845397808
2024-01-16,0.0024967432736073825
2024-01-17,-0.004929309375275026
2024-01-18,0.020284736322092156
2024-01-19,0.023050164613040325
2024-01-22,0.004396294345906382
2024-01-23,0.004028874367388635
2024-01-24,0.0068858969031739825
2024-01-25,0.0041820378410364345
2024-01-26,-0.011514024012425406
2024-01-29,0.009169855442014319
2024-01-30,-0.008251442228342731
2024-01-31,-0.020998535241914418
2024-02-01,0.01259618829339626
2024-02-02,0.010341173755300304
2024-02-05,0.002274602236547185
2024-02-06,-0.004588073612956767
2024-02-07,0.01323286327948714
2024-02-08,0.003130408337044255
2024-02-09,0.013458242207113447
2024-02-12,-0.007601932317781723
2024-02-13,-0.016969046302464097
2024-02-14,0.0104558107723971
2024-02-15,-0.002098830996790979
2024-02-16,-0.00919537539698212
2024-02-20,-0.010169353333155495
2024-02-21,-0.00628399106912525
2024-02-22,0.03272289191720956
2024-02-23,-0.0023328747199241606
2024-02-26,0.000974310328441419
2024-02-27,0.0008758605179355339
2024-02-28,-0.004716276644399997
2024-02-29,0.011138306915515539
2024-03-01,0.01826260290453874
2024-03-04,0.0
2024-03-05,-0.024577712803912855
2024-03-06,0.007928849388802783
2024-03-07,0.015781002636163777
2024-03-08,-0.014870675541183709
2024-03-11,-0.002749100320833864
2024-03-12,0.020505079316190722
2024-03-13,-0.010804788542188581
2024-03-14,0.00019152311306847025
2024-03-15,-0.015087504866638901
2024-03-18,0.004914916213345943
2024-03-19,0.005186608936752712
2024-03-20,0.011187743472515832
2024-03-21,0.0007153592045359147
2024-03-22,0.0003336299259066866
2024-03-25,-0.006621846595074032
2024-03-26,-0.004124385458585178
2024-03-27,0.005104479118276162
2024-03-28,-0.002155829744159954
2024-04-01,0.0027847564403598035
2024-04-02,-0.009624248910286237
2024-04-03,0.0026590259963188423
2024-04-04,-0.0158155456372161
2024-04-05,0.011464430420593308
2024-04-08,-0.0011625076575545457
2024-04-09,0.00504337125906873
2024-04-10,-0.012255578819069135
2024-04-11,0.019979311940214295
2024-04-12,-0.016187658844718955
2024-04-15,-0.01898558168854869
2024-04-16,0.0011910238629946335
2024-04-17,-0.014423078024700886
2024-04-18,-0.01141569673994891
2024-04-19,-0.020602255225388832
2024-04-22,0.00893368833086483
2024-04-23,0.014826156968913429
2024-04-24,0.004565627137792516
2024-04-25,-0.00217135300357274
2024-04-26,0.011285299950634098
2024-04-29,0.004303665900972531
2024-04-30,-0.022023978271265787
2024-05-01,-0.010240962389164276
2024-05-02,0.014413522080306773
2024-05-03,0.027859641154540205
2024-05-06,0.01175023431158495
2024-05-07,-0.0032694488138528266
2024-05-08,0.0028395776680849583
2024-05-09,-0.00029294878150909476
2024-05-10,0.003711245154844889
2024-05-13,0.004719351673571959
2024-05-14,0.008861563810206752
2024-05-15,0.022511183251924027
2024-05-16,-0.0034736971248610082
2024-05-17,-0.0022137987965622496
2024-05-20,0.011755157427180363
2024-05-21,0.0016332121708930725
2024-05-22,0.002236091425901643
2024-05-23,-0.008134269563566221
2024-05-24,0.008435176659625565
2024-05-28,0.004228929507147372
2024-05-29,-0.006339679216595839
2024-05-30,-0.022819314054874362
2024-05-31,0.001572681319565783
2024-06-03,0.0025219154326441284
2024-06-04,0.0020884223374664224
2024-06-05,0.02221377814512593
2024-06-06,-0.003336109020975364
2024-06-07,0.002324437449599648
2024-06-10,0.002550987405098404
2024-06-11,0.018598208472039524
2024-06-12,0.02211921482813728
2024-06-13,0.007909752617878407
2024-06-14,0.0037474659865726068
2024-06-17,0.015153476020962398
2024-06-18,0.0012547190317500068
2024-06-20,-0.011235434284116774
2024-06-21,-0.0017481283523304025
2024-06-24,-0.024516520257424124
2024-06-25,0.018343689149293185
2024-06-26,-0.001147804247079498
2024-06-27,0.0004861675142866506
2024-06-28,-0.0005301748027305431
2024-07-01,0.0075587095359825884
2024-07-02,0.005001291051977219
2024-07-03,0.01348871972429877
2024-07-05,0.0030581724631695284
2024-07-08,0.006827557971059495
2024-07-09,-0.0008103997274349073
2024-07-10,0.014512549288358434
2024-07-11,-0.025033642863208305
2024-07-12,0.008932772029797365
2024-07-15,0.001796516006455029
2024-07-16,-0.00333030991861738
2024-07-17,-0.03889645693969468
2024-07-18,8.920335031592508e-05
2024-07-19,-0.015643267787402326
2024-07-22,0.023679212870120647
2024-07-23,-0.003980605485296995
2024-07-24,-0.04138536256414094
2024-07-25,-0.010700395135692986
2024-07-26,0.012689037230779743
2024-07-29,-0.004438735653824466
2024-07-30,-0.02512537862569575
2024-07-31,0.04235158083102908
2024-08-01,-0.037294427761244586
2024-08-02,-0.02810474456715395
2024-08-05,-0.033313933894376646
2024-08-06,0.013592799778928244
2024-08-07,-0.016202267714694907
2024-08-08,0.03734685499963275
2024-08-09,0.004494076369389921
2024-08-12,0.008169985125418666
2024-08-13,0.030726887512514622
2024-08-14,0.005475583016261609
2024-08-15,0.028764215046471087
2024-08-16,0.0016739762189865726
2024-08-19,0.016486040356339382
2024-08-20,-0.0035103709571093766
2024-08-21,0.005885999412957199
2024-08-22,-0.02300735953998778
2024-08-23,0.016198631062079638
2024-08-26,-0.012546972068567919
2024-08-27,0.006059341325133527
2024-08-28,-0.01379836154006886
2024-08-29,-0.009023925148387235
2024-08-30,0.013291083985965457
2024-09-03,-0.045931065559583484
2024-09-04,-0.0025688583644503105
2024-09-05,-0.0015262233521711188
2024-09-06,-0.02593747336305896
2024-09-09,0.01637892268514518
2024-09-10,0.014957110327670886
2024-09-11,0.03413202969744944
2024-09-12,0.008274265280543869
2024-09-13,0.00501503507599943
2024-09-16,-0.003810512489644813
2024-09-17,-0.001958147495658036
2024-09-18,-0.009125324605956164
2024-09-19,0.02970030380534805
2024-09-20,-0.004874402798463184
2024-09-23,-0.0001845055055433864
2024-09-24,0.00684400440737698
2024-09-25,0.0028622424282254144
2024-09-26,0.013244119345461325
2024-09-27,-0.009330205333449748
2024-09-30,0.002931978774602051
2024-10-01,-0.02436209114637433
2024-10-02,0.007400314420465959
2024-10-03,0.004146159456481557
2024-10-04,0.011130598940269243
2024-10-07,-0.006880045312602778
2024-10-08,0.018682438287015435
2024-10-09,0.011188068575453958
2024-10-10,-0.00026031485104549557
2024-10-11,0.0017360397221137802
2024-10-14,0.013041010878264592
2024-10-15,-0.021982729520661715
2024-10-16,0.003104851210826931
2024-10-17,0.003051595092036896
2024-10-18,0.0035638006746261386
2024-10-21,0.00467720390282822
2024-10-22,-0.0010345693093922748
2024-10-23,-0.014325833651049114
2024-10-24,0.0029331336546449815
2024-10-25,0.00519413075423536
2024-10-28,-0.0003038602453580008
2024-10-29,0.013465293808511358
2024-10-30,-0.01590084786137902
2024-10-31,-0.0320979212912359
2024-11-01,0.007514375940730789
2024-11-04,-0.0007592473390681809
2024-11-05,0.014078882122923186
2024-11-06,0.028471986708366925
2024-11-07,0.017441611781603195
2024-11-08,-0.001095182503468295
2024-11-11,-0.005523678880206329
2024-11-12,0.0012719489485943924
2024-11-13,-0.003472282957605599
2024-11-14,-0.003399554356198209
2024-11-15,-0.024815517694620204
2024-11-18,0.0032355019768184334
2024-11-19,0.008193504571310406
2024-11-20,-0.0008645345287416895
2024-11-21,0.010167402683944005
2024-11-22,0.0005139835421352767
2024-11-25,-4.279352446545648e-05
2024-11-26,0.005008765816779004
2024-11-27,-0.013545808498151901
2024-11-29,0.00928411142100738
2024-12-02,0.009498097634276004
2024-12-03,0.0036025232696450527
2024-12-04,0.01828548572872246
2024-12-05,-0.005059493901593326
2024-12-06,0.0038764028942288586
2024-12-09,-0.00651890823222645
2024-12-10,-0.013875524850266219
2024-12-11,0.014494567384496504
2024-12-12,-0.005597967249489133
2024-12-13,0.004285186948981723
2024-12-16,0.009997945077754533
2024-12-17,-0.006047137397856006
2024-12-18,-0.03225268750533494
2024-12-19,0.0010764998580072849
2024-12-20,0.014925401722661213
2024-12-23,0.010595348734901311
2024-12-24,0.01033312851332746
2024-12-26,0.0006651562766697428
2024-12-27,-0.013295110784203423
2024-12-30,-0.012716276137579308
2024-12-31,-0.008316715985829504
2025-01-02,-0.002365323272934927
2025-01-03,0.01629515467559206
2025-01-06,0.012725398709173996
2025-01-07,-0.020062814646322757
2025-01-08,-0.0003419175071920355
2025-01-10,-0.021806040244568448
2025-01-13,-0.00708110007937357
2025-01-14,0.002641280713062688
2025-01-15,0.019889382273297285
2025-01-16,-0.007705883913591172
2025-01-17,0.015661611761868643
2025-01-21,0.008329374245904297
2025-01-22,0.02257907876303955
2025-01-23,0.0017813181716364035
2025-01-24,-0.010420959812132757
2025-01-27,-0.049017977343527086
2025-01-28,0.026673085345182868
2025-01-29,-0.008132089799573028
2025-01-30,0.001855428715040075
2025-01-31,-0.005857742519758347
2025-02-03,-0.013474327919216877
2025-02-04,0.01440496568425198
2025-02-05,0.01389728862661066
2025-02-06,0.0027328501656160853
2025-02-07,-0.008559356667497964
2025-02-10,0.014603569060416932
2025-02-11,0.00046558992560497003
2025-02-12,-0.002158011150145911
2025-02-13,0.014163406862789607
2025-02-14,0.0033868194614652403
2025-02-18,0.00912616398487276
2025-02-19,8.255322958183875e-05
2025-02-20,-0.0031794296359228813
2025-02-21,-0.0270909021285205
2025-02-24,-0.014305745535284187
2025-02-25,-0.01295839218911321
2025-02-26,0.010896654736388456
2025-02-27,-0.036406902296748256
2025-02-28,0.013208110894327385
2025-03-03,-0.030417149380104536
2025-03-04,-0.0007775014496651522
2025-03-05,0.014050398984771117
2025-03-06,-0.02775655352114048
2025-03-07,0.01448328853785985
2025-03-10,-0.042509317855987105
2025-03-11,-0.004062075523950881
2025-03-12,0.015738940347230557
2025-03-13,-0.01899087080986117
2025-03-14,0.030241703737493797
2025-03-17,0.006964548099064771
2025-03-18,-0.01522541227426466
2025-03-19,0.01300972139440959
2025-03-20,-0.007119226426853809
2025-03-21,0.002718165801001149
2025-03-24,0.018938609570799292
2025-03-25,0.0033083404678735384
2025-03-26,-0.022303692545689646
2025-03-27,-0.00922804093724039
2025-03-28,-0.024254058423880842
2025-03-31,0.00048444230553901235
2025-04-01,0.00731307102214962
2025-04-02,0.007404193362398059
2025-04-03,-0.06824796601029792
2025-04-04,-0.06587106338560988
2025-04-07,0.005976901844292781
2025-04-08,-0.020331359848994812
2025-04-09,0.13425687549849052
2025-04-10,-0.0465515842234292
2025-04-11,0.02047645382601715
2025-04-14,0.009125292225076853
2025-04-15,0.003647096314659759
2025-04-16,-0.034745365480415624
2025-04-17,-0.005414901614147483
2025-04-21,-0.02582183504356872
2025-04-22,0.02437729259519994
2025-04-23,0.028992940298235625
2025-04-24,0.03731568825443987
2025-04-25,0.014798266208923216
2025-04-28,-0.0016308700143889965
2025-04-29,0.004660528070631997
2025-04-30,0.004160621294464928
2025-05-01,0.014668745160417496
2025-05-02,0.016709753653534554
2025-05-05,-0.005309072144175642
2025-05-06,-0.008307876259621705
2025-05-07,0.010015497104526094
2025-05-08,0.009545448775720056
2025-05-09,-0.001239287412898471
2025-05-12,0.0464154268261292
2025-05-13,0.021607349119891595
2025-05-14,0.006491351706395809
2025-05-15,0.0013667001026349546
2025-05-16,0.0018767212607107009
2025-05-19,-0.0014474327679336874
2025-05-20,-0.0037519073375518186
2025-05-21,-0.018787156976940333
2025-05-22,0.00026164771178072144
2025-05-23,-0.011031638613290928
2025-05-27,0.023764390295709203
2025-05-28,-0.004134311576388772
2025-05-29,0.0016865594960600028
2025-05-30,-0.003108380377700559
2025-06-02,0.008834483614262645
2025-06-03,0.015024714246756998
2025-06-04,0.0014802766773092113
2025-06-05,-0.002829378827263196
2025-06-06,0.009443937589750595
2025-06-09,0.0049085420329384455
2025-06-10,0.00559426297981136
2025-06-11,-0.002200350726960121
2025-06-12,0.009278509835000115
2025-06-13,-0.014016560977384018
2025-06-16,0.01618091625888418
2025-06-17,-0.0070769639188812405
2025-06-18,0.0012016832824794932
2025-06-20,-0.004428647862574686
2025-06-23,0.011401699162316259
2025-06-24,0.017951237702518386
2025-06-25,0.008534188290878264
2025-06-26,0.006897981284435861
2025-06-27,-0.0011949123121425265
2025-06-30,0.009809747164034377
2025-07-01,-0.00892467772550165
2025-07-02,0.010559001182178118
2025-07-03,0.013169351681870944
2025-07-07,-0.007938988196104835
2025-07-08,0.0053742902155073935
2025-07-09,0.00600870455587077
2025-07-10,-0.003296621638357866
2025-07-11,-0.0043972511962965255
2025-07-14,-0.0008208593584146939
2025-07-15,0.008879747986492381
2025-07-16,0.0031017678417999406
2025-07-17,0.009083534596472154
2025-07-18,-0.0006511433224626328
2025-07-21,0.0013032522979088412
2025-07-22,-0.009263892680756225
2025-07-23,0.005718552301287927
2025-07-24,0.004225992329867312
2025-07-25,0.0022953545577546475
2025-07-28,0.007977378707325622
2025-07-29,3.7953009083491196e-05
2025-07-30,0.002234051489633737
2025-07-31,-0.007329568032517608
2025-08-01,-0.02158025887099646
2025-08-04,0.020305703483881388
2025-08-05,-0.008273251342925225
2025-08-06,0.011263913375259893
2025-08-07,0.0009124640851581045
2025-08-08,0.009989075500443256
2025-08-11,-0.006769102565325369
2025-08-12,0.015485374975053645
2025-08-13,0.0003728884465419302
2025-08-14,-0.002161559611953301
2025-08-15,-0.007582303788173039
2025-08-18,0.0021451860738748163
2025-08-19,-0.0174634057445453
2025-08-20,-0.006765547414836703
2025-08-21,-0.0036174263003190266
2025-08-22,0.01355682719164264
2025-08-25,-0.0022483850030659003
2025-08-26,0.004583111448465571
2025-08-27,0.005398759093967698
2025-08-28,0.007903169448611802
2025-08-29,-0.015344776254065051
2025-09-02,-0.010097306717348986
2025-09-03,0.005966221209360079
2025-09-04,0.00493597219664621
2025-09-05,0.0008374498059484647
2025-09-08,0.007494588681684178
2025-09-09,0.0019257371598389028
2025-09-10,0.018127711391983548
2025-09-11,0.0033685434977133166
2025-09-12,-0.000664096856457852
2025-09-15,0.009007757984018427
2025-09-16,-0.003475818799048125
2025-09-17,-0.0034512565959859964
2025-09-18,0.017278894655087473
2025-09-19,0.010140558837938629
2025-09-22,0.014711237609444483
2025-09-23,-0.008632287588600684
2025-09-24,-0.0061737598272493255
2025-09-25,-0.0017594536664051752
2025-09-26,0.0030215695607576087
2025-09-29,0.0053435312506942
2025-09-30,0.005457849151298211
2025-10-01,0.009792130522473519
2025-10-02,0.005410753184391659
2025-10-03,-0.005032158313453827
2025-10-06,0.010115218005285254
2025-10-07,-0.006675985351138336
2025-10-08,0.017537139085938236
2025-10-09,-0.0016856108922210788
2025-10-10,-0.04069606155001948
2025-10-13,0.024354317405597126
2025-10-14,-0.012834461864051683
2025-10-15,0.009910759584238482
2025-10-16,0.0007387336675130918
2025-10-17,0.0017574074121746719
2025-10-20,0.011157477165087304
2025-10-21,0.0005204687713442624
2025-10-22,-0.009884185821296354
2025-10-23,0.012609920580963996
2025-10-24,0.015531461798238944
2025-10-27,0.01846179465779163
2025-10-28,0.009899636973505377
2025-10-29,0.007186426974240989
2025-10-30,-0.01229734052651632
2025-10-31,0.0009653384373748963
2025-11-03,0.004090764321836415
2025-11-04,-0.026398599331021066
2025-11-05,0.003912342270302682
2025-11-06,-0.020095539494301096
2025-11-07,-0.0034582929427837694
2025-11-10,0.025576051580806558
2025-11-11,-0.008527015951276806
2025-11-12,0.0031057084460606177
2025-11-13,-0.024938815851156648
2025-11-14,0.005443307786481499
2025-11-17,-0.015651498676300668
2025-11-18,-0.016253051865247503
2025-11-19,0.006952666200384927
2025-11-20,-0.03139127766629646
2025-11-21,0.0038582338199362187
2025-11-24,0.02382861990179408
2025-11-25,0.0026813486214718463
2025-11-26,0.011837721690690861
2025-11-28,0.00859821852104492
2025-12-01,0.00045421313066196234
2025-12-02,0.010302013712500946
2025-12-03,0.0023850759437296087
