Date,XLRE
2020-01-03,0.0073260292392181015
2020-01-06,0.00025974745828416523
2020-01-07,-0.010906200462890148
2020-01-08,0.0049881418927399945
2020-01-09,-0.0002612402540944636
2020-01-10,0.009668053090407636
2020-01-13,0.012163600289408771
2020-01-14,-0.004858227393623293
2020-01-15,0.006937263416744388
2020-01-16,0.008931099177572843
2020-01-17,0.00126469406634655
2020-01-21,0.010103373014044292
2020-01-22,-0.008001875809621528
2020-01-23,0.00957905843728657
2020-01-24,-0.001498283968350056
2020-01-27,-0.00425094959974448
2020-01-28,0.002510790191898815
2020-01-29,-0.005260090411998375
2020-01-30,0.0022663780535878697
2020-01-31,-0.014321541059606702
2020-02-03,0.0010197737917783112
2020-02-04,0.012986899946493269
2020-02-05,-0.0007546331152379349
2020-02-06,0.004276733623197693
2020-02-07,0.000501478923132348
2020-02-10,0.011517247305381506
2020-02-11,0.012128705456602606
2020-02-12,0.006358585881406809
2020-02-13,0.006075501903807012
2020-02-14,0.011593963262148455
2020-02-18,-0.0009551362784251394
2020-02-19,-0.014101397984943698
2020-02-20,0.011151600878663848
2020-02-21,0.005274549790613703
2020-02-24,-0.013355741620521888
2020-02-25,-0.025138906939384698
2020-02-26,-0.008678185583361198
2020-02-27,-0.05652843208750302
2020-02-28,-0.024655364079590014
2020-03-02,0.04974164809488024
2020-03-03,-0.0007769407896606184
2020-03-04,0.03887036228313567
2020-03-05,-0.022948312088011402
2020-03-06,-0.017104929558364512
2020-03-09,-0.07064932905371901
2020-03-10,0.04863057551581562
2020-03-11,-0.05357155497841859
2020-03-12,-0.08589140720409083
2020-03-13,0.0878008263091552
2020-03-16,-0.1600115378502316
2020-03-17,0.06068768637447253
2020-03-18,-0.07024775945559625
2020-03-19,-0.015726535543115205
2020-03-20,-0.05661684338456041
2020-03-23,-0.05556806977577722
2020-03-24,0.08719578674677853
2020-03-25,0.04443633764709731
2020-03-26,0.07679003574520982
2020-03-27,0.002569898075952759
2020-03-30,0.025953125327079274
2020-03-31,-0.031854871099003534
2020-04-01,-0.06064515165336504
2020-04-02,0.0147662486240554
2020-04-03,-0.00846022874842478
2020-04-06,0.07235496936614405
2020-04-07,0.0003184638326134692
2020-04-08,0.07508729622250732
2020-04-09,0.051494495292970344
2020-04-13,-0.045876862611809566
2020-04-14,0.033333565499212625
2020-04-15,-0.0385384075607037
2020-04-16,-0.006532125073056894
2020-04-17,0.03227761869296386
2020-04-20,-0.03705863863559855
2020-04-21,-0.014732555283266557
2020-04-22,0.017393994796624623
2020-04-23,-0.011397698389348343
2020-04-24,0.003640853760698226
2020-04-27,0.02902054458001313
2020-04-28,0.0008811831734352182
2020-04-29,0.0026418276732256274
2020-04-30,-0.007025975958987796
2020-05-01,-0.030660330338515118
2020-05-04,-0.0006082272990873827
2020-05-05,0.006390831469428093
2020-05-06,-0.018445942273950244
2020-05-07,0.008934115804101195
2020-05-08,0.01832072000840501
2020-05-11,-0.011993867071679376
2020-05-12,-0.04248879267720762
2020-05-13,-0.015847845109104197
2020-05-14,0.0012882966481326807
2020-05-15,-0.003537999391998503
2020-05-18,0.048741265204151674
2020-05-19,-0.01939068647607778
2020-05-20,0.009416069570182595
2020-05-21,-0.004975181827435171
2020-05-22,0.0218750926792326
2020-05-26,0.031804297038262375
2020-05-27,0.02133956187335606
2020-05-28,0.011317492617696212
2020-05-29,-0.005738914420536201
2020-06-01,0.019913460753477885
2020-06-02,0.0065081758419818225
2020-06-03,0.023896698208417888
2020-06-04,-0.018671053151680383
2020-06-05,0.0366536356027054
2020-06-08,0.02186214127034858
2020-06-09,-0.011621808502908726
2020-06-10,-0.01870634790870296
2020-06-11,-0.0618192462720194
2020-06-12,0.03163969838322056
2020-06-15,0.012662141165426632
2020-06-16,0.016671075369584232
2020-06-17,-0.011751786756621807
2020-06-18,-0.012444589773505599
2020-06-19,-0.010081486797192452
2020-06-22,-0.0028503685246685784
2020-06-23,-0.003716428934961824
2020-06-24,-0.025537883841281306
2020-06-25,0.010600544811065093
2020-06-26,-0.017191269041239465
2020-06-29,0.017195971665369125
2020-06-30,0.014572938587310569
2020-07-01,0.027290509107455785
2020-07-02,-0.0033555270902768664
2020-07-06,0.001122359958404262
2020-07-07,-0.016256038099095038
2020-07-08,-0.000569360080100556
2020-07-09,-0.0034207005101805077
2020-07-10,0.0011440605286234806
2020-07-13,-0.01571425321647124
2020-07-14,0.009869269927989421
2020-07-15,0.004599062271244403
2020-07-16,-0.011730790885250753
2020-07-17,0.013896783087787412
2020-07-20,-0.009423140544935649
2020-07-21,0.0002881428810970199
2020-07-22,0.012103693951653893
2020-07-23,-0.005125272048916996
2020-07-24,-0.004006699795836677
2020-07-27,0.01178148345369312
2020-07-28,0.02016460304468981
2020-07-29,0.018930883844664237
2020-07-30,-0.008196412068351533
2020-07-31,-0.0011023293114502675
2020-08-03,-0.015995265606656206
2020-08-04,0.014854214702192614
2020-08-05,-0.007456798952904409
2020-08-06,0.001948051948051921
2020-08-07,0.013607387206668209
2020-08-10,-0.0016441221045485621
2020-08-11,-0.019209350696503424
2020-08-12,0.012590773479056017
2020-08-13,-0.011605428505373383
2020-08-14,0.0025160686114733544
2020-08-17,0.008923794970177257
2020-08-18,-0.0011059225298406528
2020-08-19,-0.020476081370800148
2020-08-20,0.010734839441053134
2020-08-21,0.00335384149988327
2020-08-24,0.001392852621225682
2020-08-25,0.0030594314604521777
2020-08-26,-0.006932733402760571
2020-08-27,0.013404065134699161
2020-08-28,0.007715800189560085
2020-08-31,-0.008750291120670273
2020-09-01,-0.0016553353155353001
2020-09-02,0.022381879872236388
2020-09-03,-0.01675683053557886
2020-09-04,-0.0035731608801570225
2020-09-08,-0.012689753588609798
2020-09-09,0.010897018717496154
2020-09-10,-0.014096315295501483
2020-09-11,-0.003364247952318933
2020-09-14,0.024472747395859917
2020-09-15,0.013179557360553318
2020-09-16,0.006503842302445717
2020-09-17,-0.02207832959326972
2020-09-18,-0.019824235533804746
2020-09-21,-0.02676108988204018
2020-09-22,0.011904845539622455
2020-09-23,-0.028694472454865005
2020-09-24,0.00472695285659297
2020-09-25,0.019406072173253852
2020-09-28,0.017305857696840787
2020-09-29,-0.005103457171978687
2020-09-30,0.005129636049867159
2020-10-01,0.016444515851157693
2020-10-02,0.01617846876510254
2020-10-05,0.00549034198115117
2020-10-06,-0.008463059105665471
2020-10-07,0.0027532663558422765
2020-10-08,0.01674879220694403
2020-10-09,-0.0027001105764803413
2020-10-12,0.005144509976531042
2020-10-13,-0.016971821899855244
2020-10-14,-0.011510242922064706
2020-10-15,0.00471317684054906
2020-10-16,-0.0035872791979799645
2020-10-19,-0.01578519668468037
2020-10-20,0.006753233730754982
2020-10-21,-0.0036332085461325825
2020-10-22,-0.007013002581868322
2020-10-23,0.006497542342296381
2020-10-26,-0.012068704000223418
2020-10-27,-0.012784015628227063
2020-10-28,-0.022158227971654787
2020-10-29,0.011477470255727873
2020-10-30,-0.00640093560030619
2020-11-02,0.024597346070591275
2020-11-03,0.01571840058565943
2020-11-04,0.0028140117527046815
2020-11-05,0.0036476072930828884
2020-11-06,-0.003913828510943462
2020-11-09,0.02638227008282734
2020-11-10,0.0054687652650424745
2020-11-11,0.007614960836395568
2020-11-12,-0.010256247191382961
2020-11-13,0.022906682676405277
2020-11-16,0.006398377069964267
2020-11-17,0.0005300577612610269
2020-11-18,-0.016945139318944813
2020-11-19,0.0016159347955024828
2020-11-20,-0.006722117942929873
2020-11-23,-0.0032484310605028766
2020-11-24,-0.0005432003324669088
2020-11-25,0.0024456378474946305
2020-11-27,-0.0018975016861199068
2020-11-30,-0.008690836839877258
2020-12-01,0.012602767765526268
2020-12-02,-0.010551823604980637
2020-12-03,0.0073829320407414745
2020-12-04,0.013300844532457834
2020-12-07,-0.009911640368364005
2020-12-08,-0.004599743457373795
2020-12-09,-0.009241444563225731
2020-12-10,-0.005486832037366884
2020-12-11,0.0005514920195217599
2020-12-14,-0.007168250072413174
2020-12-15,0.017495158531408705
2020-12-16,0.00027284179884512483
2020-12-17,0.011732452284218597
2020-12-18,-0.01726009992981503
2020-12-21,-0.009006224978399091
2020-12-22,0.00701248721034653
2020-12-23,-0.009470630046930273
2020-12-24,0.009842543040723628
2020-12-28,0.008075573849257056
2020-12-29,-0.00773486311750915
2020-12-30,0.005568058491741246
2020-12-31,0.01218171374622834
2021-01-04,-0.032275753914434824
2021-01-05,-0.001130671489518953
2021-01-06,-0.004810414255663975
2021-01-07,0.003127785836991137
2021-01-08,0.010771002353615833
2021-01-11,-0.01682596300835959
2021-01-12,0.0008559348284866708
2021-01-13,0.01367904657003427
2021-01-14,0.006185099880131384
2021-01-15,0.015367449456590299
2021-01-19,-0.006604322676374896
2021-01-20,0.020775656071478243
2021-01-21,-0.0032565203555693367
2021-01-22,0.002450142034577052
2021-01-25,0.008962684370986018
2021-01-26,0.010228709067512387
2021-01-27,-0.012789590360757774
2021-01-28,0.0026989671080894784
2021-01-29,-0.010497969430746545
2021-02-01,0.022578912878763235
2021-02-02,0.004256312284762975
2021-02-03,-0.003973351250234902
2021-02-04,0.005584953694220962
2021-02-05,0.003438397783857683
2021-02-08,0.0021085236580520306
2021-02-09,0.0044713319594960055
2021-02-10,0.006808018439342867
2021-02-11,-0.001820574007395881
2021-02-12,-0.000260572981373719
2021-02-16,-0.010685229573433208
2021-02-17,0.0007901327265378288
2021-02-18,-0.000526378446947362
2021-02-19,0.0031602867527815715
2021-02-22,0.005776016719246435
2021-02-23,0.0036542204929794764
2021-02-24,0.004681658486140217
2021-02-25,-0.01630869819581482
2021-02-26,-0.017368264975806347
2021-03-01,0.0010710227690533536
2021-03-02,-0.006153031394542041
2021-03-03,-0.012382371347957277
2021-03-04,-0.007358684103298985
2021-03-05,0.011532054218258425
2021-03-08,0.004886197475285847
2021-03-09,0.01134496655562156
2021-03-10,0.00988236500625006
2021-03-11,0.014810887531483408
2021-03-12,0.017201135649624222
2021-03-15,0.01127323973951122
2021-03-16,0.0
2021-03-17,-0.0015200358437980066
2021-03-18,-0.0063436153690951125
2021-03-19,-0.013278993043897236
2021-03-22,0.011030339094189046
2021-03-23,0.0031025792847405587
2021-03-24,-0.004381308256184435
2021-03-25,0.008542561356318812
2021-03-26,0.024384003463783888
2021-03-29,-0.0022551083576243247
2021-03-30,-0.004269523495201155
2021-03-31,-0.004035198561893272
2021-04-01,0.015953541421122264
2021-04-05,0.005234193957268873
2021-04-06,0.002479667395963503
2021-04-07,0.0012367122587912949
2021-04-08,-0.004940847965046569
2021-04-09,0.0014895594753783215
2021-04-12,0.0059495951143495596
2021-04-13,0.005914406788615656
2021-04-14,-0.0061246981482310225
2021-04-15,0.01897938632514884
2021-04-16,0.0014515796340863751
2021-04-19,0.0031398364372221543
2021-04-20,0.011076479888687984
2021-04-21,0.004524828285814353
2021-04-22,-0.004267282057408894
2021-04-23,0.005714338640003591
2021-04-26,0.0021307145219287005
2021-04-27,0.0
2021-04-28,-0.003543814432989678
2021-04-29,0.007349580613095652
2021-04-30,0.00658986433048403
2021-05-03,-0.005377878854527229
2021-05-04,-0.006111597601789698
2021-05-05,-0.014664287180267799
2021-05-06,0.004800689114236034
2021-05-07,0.01218341171643944
2021-05-10,0.004484456048825303
2021-05-11,-0.01174808257154314
2021-05-12,-0.024251058355649557
2021-05-13,0.012670592912529033
2021-05-14,0.009384202838416345
2021-05-17,0.00047650770642149176
2021-05-18,0.001905965621840311
2021-05-19,-0.0038051001545755803
2021-05-20,0.012413811297658395
2021-05-21,-0.0016503131092063805
2021-05-24,0.010864258730120202
2021-05-25,0.0028035057868784907
2021-05-26,0.0023299294172076657
2021-05-27,-0.0011622567324525157
2021-05-28,0.006749056490029659
2021-06-01,0.017106088835294297
2021-06-02,0.013863388692383127
2021-06-03,-0.0020173177383447927
2021-06-04,0.0008981994308556729
2021-06-07,0.00942570592599079
2021-06-08,0.00533555701442312
2021-06-09,0.0011059071552184108
2021-06-10,0.010160997191269061
2021-06-11,-0.006341432010224857
2021-06-14,0.005721843146182071
2021-06-15,-0.009190480699874493
2021-06-16,-0.009054899335987687
2021-06-17,0.0037889024044590602
2021-06-18,-0.015763735644660826
2021-06-21,0.01986612455958281
2021-06-22,-0.004452309948667854
2021-06-23,-0.0031305355234019228
2021-06-24,-0.004710796131935369
2021-06-25,0.007211940598720545
2021-06-28,0.0004475618053467745
2021-06-29,-0.0006710423750833083
2021-06-30,-0.007833200004639829
2021-07-01,0.004060172187761113
2021-07-02,0.004718304883646773
2021-07-06,0.008944246905606912
2021-07-07,0.005097423020307357
2021-07-08,-0.0008818060317276055
2021-07-09,0.013242060255159505
2021-07-12,0.00871279407138914
2021-07-13,-0.012956115803731794
2021-07-14,0.008750818770815183
2021-07-15,0.0015178442667969083
2021-07-16,0.0010828982069028825
2021-07-19,-0.015574262882415257
2021-07-20,0.01801785630185848
2021-07-21,-0.003021937653872153
2021-07-22,-0.00714409803194993
2021-07-23,0.009158148511122066
2021-07-26,0.0
2021-07-27,0.007995144036155422
2021-07-28,-0.006002414749403884
2021-07-29,-0.00301914121321456
2021-07-30,0.003244705395703873
2021-08-02,0.00043106403497916723
2021-08-03,0.004094953006625657
2021-08-04,-0.003219633533247279
2021-08-05,0.007967124840262185
2021-08-06,-0.0017089803662420078
2021-08-09,-0.0044937766944875834
2021-08-10,-0.010748135041561913
2021-08-11,0.005432456294643062
2021-08-12,0.0034582296696590298
2021-08-13,0.006676471829108577
2021-08-16,0.0010696417296904848
2021-08-17,0.001923541930435535
2021-08-18,-0.010451990845584236
2021-08-19,0.008406870769463337
2021-08-20,0.00470284966025214
2021-08-23,-0.0038297072659682074
2021-08-24,-0.007475541732875457
2021-08-25,-0.0010761400766530205
2021-08-26,0.0006463228713424751
2021-08-27,0.008180901169948296
2021-08-30,0.01217168187341433
2021-08-31,0.005907256116042037
2021-09-01,0.01719801659981668
2021-09-02,0.004742178995296609
2021-09-03,0.0
2021-09-07,-0.011081509105613563
2021-09-08,0.006017761542541855
2021-09-09,-0.02124560622001337
2021-09-10,-0.012644840296284432
2021-09-13,0.005549489037518507
2021-09-14,-0.0021227612136499596
2021-09-15,0.0038288929032064267
2021-09-16,0.0019071442007077
2021-09-17,-0.009094432349499693
2021-09-20,-0.00684733224036016
2021-09-21,0.0002160679818401512
2021-09-22,0.008426907176050324
2021-09-23,-0.004928093944393641
2021-09-24,-0.011412504181631755
2021-09-27,-0.016554211668327046
2021-09-28,-0.005979711640824559
2021-09-29,0.006461398024843135
2021-09-30,-0.01593989964257514
2021-10-01,0.010798763194219463
2021-10-04,0.0011127544877873596
2021-10-05,-0.007781206098111837
2021-10-06,0.009634975035712534
2021-10-07,0.0011094470589911865
2021-10-08,-0.010862390963389257
2021-10-11,0.0013448371282720473
2021-10-12,0.013428647899489388
2021-10-13,0.005741944874512628
2021-10-14,0.014053951822174282
2021-10-15,0.0004330726385481931
2021-10-18,0.001731351597198838
2021-10-19,0.004537957416151039
2021-10-20,0.015271796203438104
2021-10-21,0.003177993450246497
2021-10-22,0.0071805949232568445
2021-10-25,0.002935522811639668
2021-10-26,0.004599645221623261
2021-10-27,-0.0072839601895497985
2021-10-28,0.01467499424747909
2021-10-29,-0.01198359185418596
2021-11-01,0.002300349299446447
2021-11-02,0.009388864072561676
2021-11-03,0.005787492289196505
2021-11-04,-0.011303014181994087
2021-11-05,0.002286482888009589
2021-11-08,-0.00020733025209240807
2021-11-09,0.0037333526120695293
2021-11-10,-0.004959348881700465
2021-11-11,0.0004152632935277012
2021-11-12,0.0004150909215046017
2021-11-15,0.005602943113088399
2021-11-16,-0.006190725502232652
2021-11-17,0.00664446644977934
2021-11-18,-0.00020621835271261713
2021-11-19,-0.005364044609300955
2021-11-22,-0.004978498048752722
2021-11-23,0.010631774319034282
2021-11-24,0.013407616385214816
2021-11-26,-0.02707119786556822
2021-11-29,0.012552502733870208
2021-11-30,-0.02086762262636277
2021-12-01,-0.013083020662149836
2021-12-02,0.027367849143772327
2021-12-03,-0.004994803858733632
2021-12-06,0.014432123998182833
2021-12-07,0.017732148080267462
2021-12-08,0.00425435146358355
2021-12-09,-0.012709338337981158
2021-12-10,0.005108161331438321
2021-12-13,0.013417425205399569
2021-12-14,-0.011033107382737883
2021-12-15,0.014807359915234741
2021-12-16,0.0037978065033170694
2021-12-17,-0.0033850300823436985
2021-12-20,-0.006549061984400306
2021-12-21,0.005679399081349068
2021-12-22,0.009883081946576944
2021-12-23,-0.0029960794353279807
2021-12-27,0.02043275935073008
2021-12-28,0.004318878667673998
2021-12-29,0.006059518478797266
2021-12-30,0.004468509084594174
2021-12-31,0.002127736921185841
2022-01-03,-0.009264614873334076
2022-01-04,-0.0038962911455744376
2022-01-05,-0.03246631372002973
2022-01-06,0.0012128445445807046
2022-01-07,-0.005249351404902458
2022-01-10,-0.005885980367701715
2022-01-11,-0.001633186144406662
2022-01-12,0.0026583574914307295
2022-01-13,-0.0034670696831191616
2022-01-14,-0.011666180228684597
2022-01-18,-0.0068336024703631315
2022-01-19,-0.012927644935999738
2022-01-20,-0.008871905455867357
2022-01-21,-0.000639610791756895
2022-01-24,0.002133031098514815
2022-01-25,-0.0027667802058450874
2022-01-26,-0.01664526047749637
2022-01-27,-0.018012089758402183
2022-01-28,0.03469616463841785
2022-01-31,0.011106195619288606
2022-02-01,-0.006759516521631315
2022-02-02,0.017226868853615462
2022-02-03,-0.010244863398803372
2022-02-04,-0.013730436595445927
2022-02-07,0.00021434662492647583
2022-02-08,-0.008993859650017533
2022-02-09,0.02420078967530781
2022-02-10,-0.02848096524288035
2022-02-11,-0.013680883701579938
2022-02-14,-0.010788174596999989
2022-02-15,0.004896490530386544
2022-02-16,0.0026577816893709194
2022-02-17,-0.008614941812935428
2022-02-18,-0.00445625282236739
2022-02-22,-0.0026858362482150566
2022-02-23,-0.013016259099106975
2022-02-24,0.017280646786293374
2022-02-25,0.025033705790097782
2022-02-28,-0.017226534385174186
2022-03-01,-0.001996922608031082
2022-03-02,0.01778576917030006
2022-03-03,0.010921568406730975
2022-03-04,0.008426933699537953
2022-03-07,-0.018212705560796127
2022-03-08,-0.008947986825829313
2022-03-09,0.016736461127130342
2022-03-10,0.0034652634655429893
2022-03-11,-0.00992898799006059
2022-03-14,-0.006103992854396223
2022-03-15,0.007896487629839744
2022-03-16,0.011098866684202457
2022-03-17,0.01420591341372357
2022-03-18,0.0023343661524994896
2022-03-21,-0.005131622114121548
2022-03-22,0.000641823737911773
2022-03-23,-0.011336801661924079
2022-03-24,0.007788837332013632
2022-03-25,0.01180756002945138
2022-03-28,0.012730839308441988
2022-03-29,0.029331541585471355
2022-03-30,-0.005495603429614082
2022-03-31,-0.011051855833863922
2022-04-01,0.019867462918097045
2022-04-04,-0.0030438973209562237
2022-04-05,0.0008141959311238622
2022-04-06,0.014846505746401784
2022-04-07,-0.008216340921283316
2022-04-08,0.003636881234916123
2022-04-11,-0.013690158329461188
2022-04-12,-0.0030619156128779412
2022-04-13,0.004094975429530301
2022-04-14,-0.005709743036539483
2022-04-18,-0.0024609461237538044
2022-04-19,0.020970443949805517
2022-04-20,0.018928791075510487
2022-04-21,-0.006521931336509135
2022-04-22,-0.017903284728583824
2022-04-25,-0.0046586499918714885
2022-04-26,-0.015669511800064373
2022-04-27,-0.0059951785400970126
2022-04-28,0.018302588709836254
2022-04-29,-0.04820276943507573
2022-05-02,-0.025965450732171935
2022-05-03,0.012117120911662171
2022-05-04,0.01175451159320584
2022-05-05,-0.02560245219110202
2022-05-06,-0.010156753664568585
2022-05-09,-0.046620471114717454
2022-05-10,-0.022227465462449802
2022-05-11,-0.0014358018822141494
2022-05-12,0.007428821487161397
2022-05-13,0.02497613801858134
2022-05-16,-0.008122477089706148
2022-05-17,0.010762634888063838
2022-05-18,-0.029166821989949354
2022-05-19,-0.0019071453475550948
2022-05-20,0.011705437232992555
2022-05-23,0.012986923197679578
2022-05-24,0.011655233217078509
2022-05-25,0.005529756221843929
2022-05-26,-0.0011456313419317965
2022-05-27,0.028217462649944514
2022-05-31,-0.01338669193181441
2022-06-01,-0.010854914727033593
2022-06-02,0.01508921468650759
2022-06-03,-0.01261267848832115
2022-06-06,-0.002965386246174817
2022-06-07,0.011667985547833881
2022-06-08,-0.023971233507106282
2022-06-09,-0.022937786101288715
2022-06-10,-0.023713577090414883
2022-06-13,-0.048093540393926104
2022-06-14,-0.0071443898493299685
2022-06-15,0.022873069970946736
2022-06-16,-0.02386929223219414
2022-06-17,0.005920253905033368
2022-06-21,0.018623508456697024
2022-06-22,0.01620665549020983
2022-06-23,0.01968608366702651
2022-06-24,0.021749809599524328
2022-06-27,-0.0035876993108107103
2022-06-28,-0.013682078939408648
2022-06-29,-0.006327596717038753
2022-06-30,0.0007347203433423211
2022-07-01,0.017866010047082437
2022-07-05,-0.004087642338279296
2022-07-06,-0.000724357895501071
2022-07-07,0.0007248829702037884
2022-07-08,-0.004587153124969046
2022-07-11,0.0
2022-07-12,-0.006306007542386194
2022-07-13,-0.005370163107705106
2022-07-14,-0.009815611246406841
2022-07-15,0.016109157743835034
2022-07-18,-0.009756276449988888
2022-07-19,0.027586317910154312
2022-07-20,-0.0050337367353128215
2022-07-21,0.01035889010554003
2022-07-22,0.007630110199009943
2022-07-25,0.0007100609419279369
2022-07-26,0.001891209592363774
2022-07-27,0.005428728295016949
2022-07-28,0.03685448327829377
2022-07-29,0.003848783864951022
2022-08-01,-0.00902146223079725
2022-08-02,-0.013199607536672375
2022-08-03,0.004151299192131974
2022-08-04,0.0009187516475477331
2022-08-05,0.0032125320900355803
2022-08-08,0.0073192631007139575
2022-08-09,0.007947248535072227
2022-08-10,0.013516326181252092
2022-08-11,-0.004667587043966304
2022-08-12,0.016971757933318843
2022-08-15,0.004392013129985495
2022-08-16,-0.003935386851767975
2022-08-17,-0.0028534376540514383
2022-08-18,-0.006823656332332173
2022-08-19,-0.009751707670675014
2022-08-22,-0.02081478461175912
2022-08-23,-0.015085516094416329
2022-08-24,0.007890398628842776
2022-08-25,0.015427108549685098
2022-08-26,-0.025397022804784175
2022-08-29,-0.008608462966137709
2022-08-30,-0.01431593703586087
2022-08-31,-0.0035715709542333274
2022-09-01,0.0035843727960005456
2022-09-02,-0.01714288968749822
2022-09-06,0.010416813257495106
2022-09-07,0.01917999597941855
2022-09-08,0.002822937396283809
2022-09-09,0.009617401120365132
2022-09-12,0.008364329054372233
2022-09-13,-0.038018279198008154
2022-09-14,-0.012215625323238832
2022-09-15,-0.02182340997008303
2022-09-16,0.0002478815970945458
2022-09-19,-0.0019007309265806072
2022-09-20,-0.026309099168460137
2022-09-21,-0.014668164356989144
2022-09-22,-0.00940192681626928
2022-09-23,-0.01239139741170625
2022-09-26,-0.02696184478944119
2022-09-27,-0.013168946982440533
2022-09-28,0.018904594076198045
2022-09-29,-0.027830761858530284
2022-09-30,0.010665302808087418
2022-10-03,0.01860594037804808
2022-10-04,0.015812402268806203
2022-10-05,-0.018518308137467576
2022-10-06,-0.032813985750110075
2022-10-07,-0.023748865019848964
2022-10-10,-0.011294610478140177
2022-10-11,0.009373432132771864
2022-10-12,-0.01334890082724316
2022-10-13,0.018823493819830395
2022-10-14,-0.02511554616393452
2022-10-17,0.037311197646143546
2022-10-18,0.013131633168595114
2022-10-19,-0.02507769802149218
2022-10-20,-0.004913037619255878
2022-10-21,0.0069705371033845775
2022-10-24,-0.0005765823798256076
2022-10-25,0.03953819433967265
2022-10-26,-0.0019434904703392597
2022-10-27,0.000556111968429196
2022-10-28,0.02363086027529837
2022-10-31,-0.0024440062296349208
2022-11-01,-0.0016338287486556968
2022-11-02,-0.026179192003866536
2022-11-03,-0.0005602050307739193
2022-11-04,0.014009417810960878
2022-11-07,-0.0002763874903489727
2022-11-08,0.006080918866327112
2022-11-09,-0.010989157948707584
2022-11-10,0.07666685675752416
2022-11-11,-0.0005161228883573399
2022-11-14,-0.026587389346687584
2022-11-15,0.012463574850595238
2022-11-16,-0.007072175459221897
2022-11-17,-0.00896858783431076
2022-11-18,0.012776596699965115
2022-11-21,0.007095558873436714
2022-11-22,0.004958474104930222
2022-11-23,0.0015579808155337105
2022-11-25,0.00596311593028287
2022-11-28,-0.028092612605772005
2022-11-29,0.016706290943214963
2022-11-30,0.02347432975792141
2022-12-01,-0.002039022106486099
2022-12-02,-0.004851464043476139
2022-12-05,-0.01693625245021202
2022-12-06,-0.007570031241626807
2022-12-07,0.00210400612876116
2022-12-08,0.007349448844109707
2022-12-09,-0.002084601214828119
2022-12-12,0.008355049772542422
2022-12-13,0.02200948347691245
2022-12-14,-0.009627576488302592
2022-12-15,-0.011511914906104592
2022-12-16,-0.029502921875328658
2022-12-19,-0.011839730355443612
2022-12-20,-0.0021835280764699316
2022-12-21,0.010120473045080569
2022-12-22,-0.004874046704306467
2022-12-23,0.008979594811799885
2022-12-27,-0.0008093182898709639
2022-12-28,-0.015924175605938395
2022-12-29,0.022216176348196504
2022-12-30,-0.009122706380807255
2023-01-03,0.0037906859535632442
2023-01-04,0.022929651811081975
2023-01-05,-0.029271958218110794
2023-01-06,0.029067978593709576
2023-01-09,-0.0005275983667101247
2023-01-10,0.0029049257821698315
2023-01-11,0.03634467882142611
2023-01-12,0.011181850361808188
2023-01-13,-0.005780183262661054
2023-01-17,0.0002526491928926955
2023-01-18,-0.015415852524833018
2023-01-19,-0.0048767339558192235
2023-01-20,0.011606927235612297
2023-01-23,0.002804728189908845
2023-01-24,0.004322282475036632
2023-01-25,0.0010127678899811698
2023-01-26,0.011380788162583144
2023-01-27,0.00900228330383257
2023-01-30,-0.012143760095985834
2023-01-31,0.01831413944177762
2023-02-01,0.007390854812227454
2023-02-02,0.022988642224810008
2023-02-03,-0.020798569409828493
2023-02-06,-0.006347526325491515
2023-02-07,-0.0039312178785059215
2023-02-08,-0.002713301744737384
2023-02-09,-0.009646465357530665
2023-02-10,0.0019981138390734454
2023-02-13,0.009222339631680176
2023-02-14,-0.010373123366569037
2023-02-15,0.0027454411773768506
2023-02-16,-0.009208671732722551
2023-02-17,-0.005023986576348616
2023-02-21,-0.019691806152803193
2023-02-22,-0.009013815794792213
2023-02-23,0.009615392982227133
2023-02-24,-0.01853256371710077
2023-02-27,0.0015732951021050212
2023-02-28,0.0005237540374762872
2023-03-01,-0.015440848582874644
2023-03-02,0.01302489328659262
2023-03-03,0.016793552923930033
2023-03-06,-0.0038711164487778005
2023-03-07,-0.025129490783977526
2023-03-08,0.01408453054067449
2023-03-09,-0.022798852078099507
2023-03-10,-0.03191196343669889
2023-03-13,0.016066598640883445
2023-03-14,0.010359848731214871
2023-03-15,0.0005397237955853118
2023-03-16,0.0
2023-03-17,-0.022923573714786705
2023-03-20,0.010729855441537373
2023-03-21,-0.005775221934230745
2023-03-22,-0.03651455244440671
2023-03-23,-0.006029568133010255
2023-03-24,0.025707842886578902
2023-03-27,-0.0033794554016280953
2023-03-28,-0.003390562556483956
2023-03-29,0.023816214854486706
2023-03-30,0.013015501187888523
2023-03-31,0.021870162341948607
2023-04-03,-0.00936345827579843
2023-04-04,0.0002700239722031039
2023-04-05,-0.005129519296340979
2023-04-06,0.0067842501100709995
2023-04-10,0.005121447303981341
2023-04-11,0.004826987621816992
2023-04-12,-0.002935827925657386
2023-04-13,-0.0032118887716934275
2023-04-14,-0.017185865808295953
2023-04-17,0.02267756969232604
2023-04-18,-0.001603051994266358
2023-04-19,0.005887257882780217
2023-04-20,-0.011971381982518459
2023-04-21,0.0010771206526192234
2023-04-24,-0.0026896807268609324
2023-04-25,-0.009169443214076312
2023-04-26,-0.008165226124787206
2023-04-27,0.02414888814936078
2023-04-28,0.011522254763310036
2023-05-01,-0.009271463832891236
2023-05-02,-0.01711245241741266
2023-05-03,-0.006256845403099898
2023-05-04,0.009307613826972538
2023-05-05,0.015459507641158776
2023-05-08,-0.006944296443902154
2023-05-09,-0.0032276615828797928
2023-05-10,0.009444421829834404
2023-05-11,-0.010425183519667258
2023-05-12,0.001891014900793353
2023-05-15,-0.0018874457128258415
2023-05-16,-0.026742397070470436
2023-05-17,0.01304474805114264
2023-05-18,-0.006301300611764593
2023-05-19,-0.0016543211319415274
2023-05-22,0.0066280202396209464
2023-05-23,-0.012345681827536259
2023-05-24,-0.021944529036610594
2023-05-25,0.002272205792372084
2023-05-26,0.011618139498459357
2023-05-30,0.003081036127759118
2023-05-31,0.006422832529028533
2023-06-01,0.00027755666647411026
2023-06-02,0.02108188243485798
2023-06-05,-0.004618405996803743
2023-06-06,0.006004325083100115
2023-06-07,0.018448341857946637
2023-06-08,-0.006126840340921702
2023-06-09,-0.005092731465541789
2023-06-12,-0.0005387385725174054
2023-06-13,0.007277563176838697
2023-06-14,0.005352012181315757
2023-06-15,0.00425872801417837
2023-06-16,-0.001060277187694636
2023-06-20,-0.01074171155519621
2023-06-21,-0.0043322825493545825
2023-06-22,-0.014142077452135582
2023-06-23,-0.01075885051945058
2023-06-26,0.022309131474904875
2023-06-27,0.010911035230713795
2023-06-28,0.002698345139380054
2023-06-29,0.009149618004362203
2023-06-30,0.005066634731727193
2023-07-03,0.00795983376339926
2023-07-05,0.005001283964100933
2023-07-06,-0.005500362895870192
2023-07-07,-0.004740377933669215
2023-07-10,0.003439846206850561
2023-07-11,0.011339716808852707
2023-07-12,0.004693513906821156
2023-07-13,0.0067479914085006865
2023-07-14,0.0
2023-07-17,-0.00850727733061929
2023-07-18,-0.008320409786148786
2023-07-19,0.011012264737710886
2023-07-20,-0.003371583541539769
2023-07-21,0.00442357163108742
2023-07-24,0.009585792254159564
2023-07-25,-0.007441923841091103
2023-07-26,0.0036195088675945453
2023-07-27,-0.021123084441759143
2023-07-28,-0.0028944963082471187
2023-07-31,0.007917381726784134
2023-08-01,-0.001832866700525182
2023-08-02,-0.004197256590162568
2023-08-03,-0.013698743030344684
2023-08-04,-0.00988245760703077
2023-08-07,0.01267882374822693
2023-08-08,-0.005061345472053613
2023-08-09,0.002409588628646153
2023-08-10,-0.003204952014223994
2023-08-11,0.001875704312851445
2023-08-14,-0.005349168990210429
2023-08-15,-0.010217736199647609
2023-08-16,-0.012225020078138638
2023-08-17,-0.0074257019424018855
2023-08-18,0.0027708691705847777
2023-08-21,-0.008565913780121392
2023-08-22,0.0030658641087053518
2023-08-23,0.01472638700507689
2023-08-24,-0.004655261864960902
2023-08-25,0.00275127680827425
2023-08-28,0.007955975677307103
2023-08-29,0.01143166879463875
2023-08-30,0.003498497384130106
2023-08-31,-0.00724050639059437
2023-09-01,-0.0005403854749721493
2023-09-05,-0.009999755248800701
2023-09-06,-0.0019110366694067293
2023-09-07,0.008205404539988415
2023-09-08,-0.006510988409672347
2023-09-11,0.0005459509257896844
2023-09-12,0.0
2023-09-13,-0.010098007462088776
2023-09-14,0.018196703897325417
2023-09-15,-0.0037909144228182035
2023-09-18,-0.008740053232916822
2023-09-19,-0.005251260583591488
2023-09-20,0.001944953757847978
2023-09-21,-0.034664431308721766
2023-09-22,-0.00689456142635414
2023-09-25,-0.0017357837960436662
2023-09-26,-0.017675926787135587
2023-09-27,-0.00884978725552088
2023-09-28,0.010416747059681875
2023-09-29,0.003534665930435832
2023-10-02,-0.01819786666532419
2023-10-03,-0.018236183320437194
2023-10-04,0.010657815806202287
2023-10-05,0.007231208068596562
2023-10-06,0.0038885649011957124
2023-10-09,0.01311095277332508
2023-10-10,0.003529227149880132
2023-10-11,0.020222990770715654
2023-10-12,-0.01321451741002877
2023-10-13,-0.00029138790042360085
2023-10-16,0.01019215444563848
2023-10-17,-0.005188750710293899
2023-10-18,-0.022022635902627985
2023-10-19,-0.024592655816738973
2023-10-20,-0.005163935539625242
2023-10-23,-0.00854954611261527
2023-10-24,0.012626993418898946
2023-10-25,-0.020985407749202545
2023-10-26,0.021124548059441084
2023-10-27,-0.015819878381928443
2023-10-30,0.003091249616323566
2023-10-31,0.02003063475532696
2023-11-01,0.005136223869333101
2023-11-02,0.03095862748039102
2023-11-03,0.02361528246306621
2023-11-06,-0.01367130161864305
2023-11-07,-0.00837437877592917
2023-11-08,0.005824224163180958
2023-11-09,-0.015344479476395834
2023-11-10,0.011173049861437745
2023-11-13,-0.008432703843284317
2023-11-14,0.053958882892925164
2023-11-15,0.002225929706298757
2023-11-16,-0.00027753821337273
2023-11-17,-0.0011108012636483755
2023-11-20,0.00778425560650331
2023-11-21,-0.004965455180618861
2023-11-22,0.003049480495778578
2023-11-24,0.003869593469763233
2023-11-27,0.0035794316759745204
2023-11-28,0.005486961534130863
2023-11-29,0.007639938137069979
2023-11-30,0.00812329997436767
2023-12-01,0.020950766543226695
2023-12-04,0.005524882653722862
2023-12-05,-0.004186178356478054
2023-12-06,-0.003415574797901333
2023-12-07,0.0013181352826907577
2023-12-08,-0.0021064766927402223
2023-12-11,0.0034301022123910396
2023-12-12,-0.00026297684418552514
2023-12-13,0.036296698724124665
2023-12-14,0.027665072637204968
2023-12-15,-0.012101763781970365
2023-12-18,-0.002754156911701555
2023-12-19,0.006840884579140116
2023-12-20,-0.012581779277522798
2023-12-21,0.008409640209257052
2023-12-22,0.004043487531227186
2023-12-26,0.007299350991382347
2023-12-27,0.005746984269525024
2023-12-28,0.006211280515045159
2023-12-29,-0.0108641764927081
2024-01-02,0.009236185010162323
2024-01-03,-0.023744960081426236
2024-01-04,-0.0025334675807365814
2024-01-05,-0.002031962926683506
2024-01-08,0.013743933505356631
2024-01-09,-0.007029937418897569
2024-01-10,0.0015170874373227061
2024-01-11,-0.009340912074786045
2024-01-12,0.007645052572222033
2024-01-16,-0.006069680223280471
2024-01-17,-0.01832064993036686
2024-01-18,-0.006479831592247742
2024-01-19,0.009652841988502692
2024-01-22,0.0046512249520411775
2024-01-23,-0.005401254455403515
2024-01-24,-0.013705984700398188
2024-01-25,0.013634236074045125
2024-01-26,-0.004397455657011662
2024-01-29,0.007274574943795686
2024-01-30,-0.00928544725116176
2024-01-31,-0.007289620856186674
2024-02-01,0.01757139947441888
2024-02-02,-0.012628739693144042
2024-02-05,-0.01983828432581891
2024-02-06,0.01517980172981992
2024-02-07,-0.0005249132944361579
2024-02-08,0.0055121509871634
2024-02-09,0.0026100729662319466
2024-02-12,-0.003124228424040476
2024-02-13,-0.01828143050518416
2024-02-14,0.006650704402794361
2024-02-15,0.024048645095318122
2024-02-16,-0.010322683845661373
2024-02-20,-0.0015645582306679229
2024-02-21,0.007312677731732942
2024-02-22,0.002592793273006322
2024-02-23,0.001292887301669099
2024-02-26,-0.011363615017741857
2024-02-27,0.0007838679014751104
2024-02-28,0.012790264615580638
2024-02-29,0.00798971071808885
2024-03-01,0.01099448452227847
2024-03-04,0.011381084740988978
2024-03-05,-0.012753408273260436
2024-03-06,0.0055724829103087625
2024-03-07,0.0
2024-03-08,0.011838628081387803
2024-03-11,-0.0049786395500776015
2024-03-12,-0.00250187630613552
2024-03-13,-0.006270378476680105
2024-03-14,-0.01413429543919642
2024-03-15,-0.0005119706899107124
2024-03-18,-0.00015483945756511464
2024-03-19,0.0
2024-03-20,0.004126965657997861
2024-03-21,0.0038531994514221513
2024-03-22,-0.011771046526232398
2024-03-25,-0.0038839217238152424
2024-03-26,-0.0041588361601748725
2024-03-27,0.02531954814357751
2024-03-28,0.006364538655496688
2024-04-01,-0.017455118737631947
2024-04-02,-0.011071070047062426
2024-04-03,0.0005206665869768035
2024-04-04,-0.007806143383774722
2024-04-05,0.006556386608930431
2024-04-08,0.008598183614888733
2024-04-09,0.012658247533948064
2024-04-10,-0.04107137463762889
2024-04-11,0.0010640490022004734
2024-04-12,-0.010363930497150453
2024-04-15,-0.017454433999363972
2024-04-16,-0.01530468813840602
2024-04-17,-0.008326452175030807
2024-04-18,0.00027980391934412374
2024-04-19,0.003917169764835027
2024-04-22,0.008082740597158633
2024-04-23,0.009123423251586216
2024-04-24,0.003835496540774086
2024-04-25,-0.00573126257338652
2024-04-26,0.0008233926354501708
2024-04-29,0.011245242336084038
2024-04-30,-0.018443053232000017
2024-05-01,0.0005524947656054824
2024-05-02,0.014360589395431056
2024-05-03,0.007895691210072053
2024-05-06,0.00027005382754952123
2024-05-07,0.010531965372210683
2024-05-08,-0.009353208879858688
2024-05-09,0.023738962999693136
2024-05-10,-0.0036891600308001093
2024-05-13,0.0026447503520619087
2024-05-14,0.007122074758176611
2024-05-15,0.017024598772410693
2024-05-16,-0.0018028802673757394
2024-05-17,0.0
2024-05-20,-0.006191787613339161
2024-05-21,-0.0007787174459068513
2024-05-22,-0.008573714498070428
2024-05-23,-0.021226352089695033
2024-05-24,0.0
2024-05-28,-0.005890303902373328
2024-05-29,-0.009426261315199524
2024-05-30,0.014409959007176454
2024-05-31,0.01983371097282971
2024-06-03,-0.003942103583850387
2024-06-04,0.009498640895588828
2024-06-05,-0.0013069269541227113
2024-06-06,0.0015704907394928913
2024-06-07,-0.007839092120920599
2024-06-10,0.005003914576716673
2024-06-11,-0.003144570743323527
2024-06-12,0.007097840473463624
2024-06-13,0.004959504520973823
2024-06-14,0.0007791218689834345
2024-06-17,-0.00519065760794557
2024-06-18,0.003913201130036015
2024-06-20,-0.0025987013168519146
2024-06-21,0.0026054721607871034
2024-06-24,0.006746652487633842
2024-06-25,-0.014080732225011605
2024-06-26,-0.0013225260141791484
2024-06-27,0.009004160436428599
2024-06-28,0.008136604270426728
2024-07-01,-0.009632843707480632
2024-07-02,0.004206056340955611
2024-07-03,-0.001047135883666006
2024-07-05,0.0036687132277533063
2024-07-08,0.002350008044633256
2024-07-09,0.00026038483761281483
2024-07-10,0.007031250565822322
2024-07-11,0.026635720703435117
2024-07-12,0.007304693203586066
2024-07-15,0.0042511256953818854
2024-07-16,0.009462191942064768
2024-07-17,0.008880150940319353
2024-07-18,-0.0083130803713366
2024-07-19,-0.0012327598510344373
2024-07-22,0.009874153313346845
2024-07-23,-0.0017110983456662954
2024-07-24,-0.013712152490117036
2024-07-25,-0.005461651702820758
2024-07-26,0.01672476307288151
2024-07-29,0.006383693921371059
2024-07-30,0.007318869159160135
2024-07-31,-0.002422025799275196
2024-08-01,0.015537789770963206
2024-08-02,0.0007172942278805827
2024-08-05,-0.028905922329019007
2024-08-06,0.02214015720541762
2024-08-07,-0.007220132377380728
2024-08-08,0.00848487720458091
2024-08-09,0.0050479601580277755
2024-08-12,-0.005979329345466633
2024-08-13,0.006977870460851854
2024-08-14,0.003584092261918803
2024-08-15,-0.002856996097809872
2024-08-16,-0.00047756194098858007
2024-08-19,0.005972186616808539
2024-08-20,0.0009499072076144532
2024-08-21,0.003321520090775687
2024-08-22,0.006148022272336018
2024-08-23,0.019271356176288057
2024-08-26,-0.0006916410461753619
2024-08-27,0.002538016854169989
2024-08-28,-0.0034522036578874538
2024-08-29,-0.003926154996917397
2024-08-30,0.009738053697333937
2024-09-03,0.002296245187532575
2024-09-04,0.002290893504899527
2024-09-05,-0.0027428977437841118
2024-09-06,0.0
2024-09-09,0.011918581673846518
2024-09-10,0.017666943354770037
2024-09-11,-0.0026707722911729626
2024-09-12,0.001785253390274688
2024-09-13,0.00712855327974693
2024-09-16,0.003317811137507176
2024-09-17,-0.007936537828033274
2024-09-18,-0.002888755159216605
2024-09-19,-0.0024515626664380896
2024-09-20,-0.0017872476705421692
2024-09-23,0.011066095750845717
2024-09-24,0.0
2024-09-25,-0.004235355495636917
2024-09-26,-0.009849956028401441
2024-09-27,0.0013565782045301678
2024-09-30,0.008579725554610285
2024-10-01,-0.00604420689094165
2024-10-02,-0.0036036314624378063
2024-10-03,-0.00971961886701389
2024-10-04,-0.0066196228116317535
2024-10-07,-0.007352907846734036
2024-10-08,0.003009271203831876
2024-10-09,0.00046146372688404824
2024-10-10,-0.00830442703458012
2024-10-11,0.010234880419607961
2024-10-14,0.006907653579873996
2024-10-15,0.012577243169056729
2024-10-16,0.009936798954169435
2024-10-17,-0.00648483359366836
2024-10-18,0.0069773775577863795
2024-10-21,-0.02056336848231788
2024-10-22,0.0015975128391665372
2024-10-23,0.009797217517591772
2024-10-24,0.002256312909099112
2024-10-25,-0.007879405797303507
2024-10-28,0.0031768114696457683
2024-10-29,-0.009047618622657239
2024-10-30,0.003652072156725472
2024-10-31,-0.017511974344663672
2024-11-01,-0.010648162312508425
2024-11-04,0.01123078458285831
2024-11-05,0.013651112572703683
2024-11-06,-0.026706334872313442
2024-11-07,0.0124296360407814
2024-11-08,0.017141461197154984
2024-11-11,-0.00865397583402816
2024-11-12,-0.012635028460174058
2024-11-13,0.00791078687168123
2024-11-14,-0.00900289628941442
2024-11-15,0.001164684323034626
2024-11-18,0.008841505478424994
2024-11-19,0.0041512095031415175
2024-11-20,-0.0016077860958535473
2024-11-21,0.006671308192310876
2024-11-22,0.007541045417666092
2024-11-25,0.01338183532386461
2024-11-26,0.004923786826521281
2024-11-27,0.006904252820447043
2024-11-29,-0.004645015468258462
2024-12-02,-0.015111010498852218
2024-12-03,-0.005866360151373984
2024-12-04,-0.0027237140151324946
2024-12-05,-0.00250326500138498
2024-12-06,-0.0013691384491523184
2024-12-09,0.0020563430607232203
2024-12-10,-0.016187872404407777
2024-12-11,-0.0025491865918637613
2024-12-12,-0.0006972261838040783
2024-12-13,-0.004184899905846362
2024-12-16,-0.0051366492211706305
2024-12-17,-0.004459000886392728
2024-12-18,-0.039132438896720134
2024-12-19,-0.017173856060350823
2024-12-20,0.01822274757357656
2024-12-23,0.004559393847652249
2024-12-24,0.006660155849437688
2024-12-26,0.0014701150573066535
2024-12-27,-0.008074336501586288
2024-12-30,-0.004686787036868534
2024-12-31,0.007930547753304928
2025-01-02,-0.009343420964736282
2025-01-03,0.013651081900290851
2025-01-06,-0.013712014997349087
2025-01-07,-0.0074478750017564765
2025-01-08,0.004252157883231522
2025-01-10,-0.02415952508103103
2025-01-13,0.01276169804886318
2025-01-14,0.008568514224571722
2025-01-15,0.004247810501477822
2025-01-16,0.022393663170627187
2025-01-17,-0.00024319123903560058
2025-01-21,0.018256987391362722
2025-01-22,-0.01745168143330411
2025-01-23,0.008029246508086896
2025-01-24,0.0028964181439652403
2025-01-27,0.009867687108349621
2025-01-28,-0.012154523647346926
2025-01-29,-0.011580177347568776
2025-01-30,0.013180318166440053
2025-01-31,-0.0021681742265329262
2025-02-03,-0.0016900010517153508
2025-02-04,0.0
2025-02-05,0.015719554137175074
2025-02-06,0.0028571096648877248
2025-02-07,-0.0035612586437765437
2025-02-10,0.0014295760127356338
2025-02-11,0.005472295823268247
2025-02-12,-0.008518595182734678
2025-02-13,0.007875756448520121
2025-02-14,-0.004025419949278741
2025-02-18,0.0035662457029788097
2025-02-19,0.0018952943065155825
2025-02-20,0.0068575026728061594
2025-02-21,-0.008219985050072376
2025-02-24,0.004499319560758774
2025-02-25,0.010608125715900973
2025-02-26,-0.0048985190991619465
2025-02-27,0.004453692903261697
2025-02-28,0.007001268585377085
2025-03-03,0.008574835864578967
2025-03-04,-0.011488955873092177
2025-03-05,0.009297952588553482
2025-03-06,-0.027406840045632652
2025-03-07,0.005683282916219445
2025-03-10,-0.009653837376460639
2025-03-11,-0.010461340057170143
2025-03-12,-0.0036040416136067233
2025-03-13,-0.019532200820666645
2025-03-14,0.01942939758758544
2025-03-17,0.017611674706716984
2025-03-18,-0.006164110310080462
2025-03-19,0.001192718726400921
2025-03-20,-0.0011912978431547483
2025-03-21,-0.009780591526659443
2025-03-24,0.013916581008253104
2025-03-25,-0.011955998941226342
2025-03-26,0.005082240150607653
2025-03-27,-0.002407841370491548
2025-03-28,-0.00048278678349411575
2025-03-31,0.010625409248675943
2025-04-01,0.0007169588193534082
2025-04-02,0.004775621897735061
2025-04-03,-0.029943069253544174
2025-04-04,-0.045565948276681145
2025-04-07,-0.02412726135832277
2025-04-08,-0.024723778422077403
2025-04-09,0.057443203802099774
2025-04-10,-0.021167909854620803
2025-04-11,0.014069718499519768
2025-04-14,0.02209666762667939
2025-04-15,0.0015083381263125695
2025-04-16,-0.0005020546076142107
2025-04-17,0.015821154236140167
2025-04-21,-0.020766389006722008
2025-04-22,0.020449371309053888
2025-04-23,0.001237078303544692
2025-04-24,0.0029651470866871588
2025-04-25,-0.0014782382686934215
2025-04-28,0.006168316954856978
2025-04-29,0.008092144802616996
2025-04-30,0.004621845607826858
2025-05-01,0.002905462952154325
2025-05-02,0.012312959218215402
2025-05-05,-0.0011924355683800014
2025-05-06,-0.00692458692343112
2025-05-07,-0.0007212543222568923
2025-05-08,-0.004812299328097902
2025-05-09,0.00604443847611047
2025-05-12,0.0009613033681596939
2025-05-13,-0.013445415244053738
2025-05-14,-0.00851778159353822
2025-05-15,0.018409371434338073
2025-05-16,0.012532994603075664
2025-05-19,0.0021424076507357004
2025-05-20,-0.005225585719146109
2025-05-21,-0.026504303301537857
2025-05-22,-0.003433930748111935
2025-05-23,0.0002460986725849601
2025-05-27,0.016486272113010347
2025-05-28,0.0
2025-05-29,0.009198656062763488
2025-05-30,0.0009594587956498479
2025-06-02,0.0014378551476654788
2025-06-03,-0.003589291098997971
2025-06-04,0.0031219617063458216
2025-06-05,-0.0002394749194361001
2025-06-06,0.002873644353168059
2025-06-09,-0.000477506622672319
2025-06-10,0.008838834015899799
2025-06-11,-0.005446274125426642
2025-06-12,0.0054760984587709505
2025-06-13,-0.008051069829759228
2025-06-16,0.0009548778769248312
2025-06-17,-0.0040544289347344
2025-06-18,0.0019157938614349224
2025-06-20,-0.0002389815640276849
2025-06-23,0.014594063068939622
2025-06-24,0.004755050601978006
2025-06-25,-0.02437292227393295
2025-06-26,-0.00630597908249686
2025-06-27,0.0036611447863001967
2025-06-30,0.007295672878057768
2025-07-01,0.006760081286161013
2025-07-02,0.0019184036875530275
2025-07-03,0.000478774616665234
2025-07-07,-0.00765553257544016
2025-07-08,-0.0014465265200853672
2025-07-09,-0.0004827502622088975
2025-07-10,0.005072440085730046
2025-07-11,-0.0009613688961920275
2025-07-14,0.006735595779924219
2025-07-15,-0.012903088331652879
2025-07-16,0.010893128610378389
2025-07-17,-0.0009578237243529353
2025-07-18,0.0028763182242248497
2025-07-21,0.0038240610379856044
2025-07-22,0.017380990514018535
2025-07-23,0.002808331277842413
2025-07-24,-0.0014001884679333276
2025-07-25,0.0
2025-07-28,-0.017293833658397095
2025-07-29,0.01664686409757965
2025-07-30,-0.014034997490057544
2025-07-31,-0.01755642037539873
2025-08-01,-0.0028978506486074807
2025-08-04,0.008476589606084106
2025-08-05,0.0033621363920386393
2025-08-06,-0.008377175772569134
2025-08-07,0.0038619975580700405
2025-08-08,-0.008175056788428336
2025-08-11,-0.005818274594904027
2025-08-12,0.0017069867138659323
2025-08-13,0.006572470795958463
2025-08-14,-0.007013215931104044
2025-08-15,0.006575765706037906
2025-08-18,-0.009436360161434565
2025-08-19,0.01783101155378497
2025-08-20,0.0038397542321146894
2025-08-21,-0.00358596577380188
2025-08-22,0.015834885736945914
2025-08-25,-0.00495982607154688
2025-08-26,-0.0028483264998374613
2025-08-27,0.00428464820831298
2025-08-28,-0.002607123854782345
2025-08-29,0.005465740741417369
2025-09-02,-0.01701725218718486
2025-09-03,-0.002644920242965143
2025-09-04,0.0067502099826453055
2025-09-05,0.010057517287033857
2025-09-08,-0.006638186485799058
2025-09-09,-0.000477311642853806
2025-09-10,-0.0004776313596377424
2025-09-11,0.01624465530014607
2025-09-12,-0.004466467205246238
2025-09-15,-0.0011805543895030413
2025-09-16,-0.0059102030787214765
2025-09-17,-0.0004756090181247119
2025-09-18,0.000713798721564185
2025-09-19,-0.004992935645835472
2025-09-22,0.0032986070608964635
2025-09-23,0.007919410740474309
2025-09-24,-0.01023810250418522
2025-09-25,-0.0024055442592063603
2025-09-26,0.009886661088580384
2025-09-29,0.001910172261631704
2025-09-30,0.004051524960721142
2025-10-01,0.0
2025-10-02,-0.005221960957167537
2025-10-03,0.004056358488702783
2025-10-06,-0.009981035298639696
2025-10-07,-0.0031205249301821114
2025-10-08,-0.005056563704435857
2025-10-09,-0.004598224300877307
2025-10-10,-0.010940937302535203
2025-10-13,0.005653872677259253
2025-10-14,0.009533106602372943
2025-10-15,0.014527900724025766
2025-10-16,-0.0031026506773500495
2025-10-17,0.006463980244306944
2025-10-20,0.010466189750877763
2025-10-21,-0.0030602888304172016
2025-10-22,0.004486480478207211
2025-10-23,-0.000940312991689285
2025-10-24,0.003529447667738994
2025-10-27,0.0021102027987802696
2025-10-28,-0.022227438596898352
2025-10-29,-0.02727923820707223
2025-10-30,0.0056580451070809
2025-10-31,0.0004892479755649326
2025-11-03,-0.0017114839171810114
2025-11-04,0.002694018876350679
2025-11-05,-0.0002442189025058106
2025-11-06,-0.004886410003621777
2025-11-07,0.013258063383167373
2025-11-10,-0.0007268906945512299
2025-11-11,0.01115419655069605
2025-11-12,-0.00791371283014397
2025-11-13,-0.013052867168770743
2025-11-14,0.0029389891379700828
2025-11-17,-0.006593417649164657
2025-11-18,0.0036873531158705397
2025-11-19,-0.007837460082553704
2025-11-20,-0.003455921882228763
2025-11-21,0.013128625415333772
2025-11-24,0.0014669329182246393
2025-11-25,0.008056685508564643
2025-11-26,0.004359416352255119
2025-11-28,0.004822689711963202
2025-12-01,-0.013918839497086055
2025-12-02,-0.0024336450170296953
2025-12-03,0.0019516470622504833
