Date,XLU
2020-01-03,0.0020372150173404435
2020-01-06,0.0009383524713615365
2020-01-07,-0.001406209187176266
2020-01-08,-0.00046925353097915234
2020-01-09,0.005478958405876755
2020-01-10,0.0026468270431043717
2020-01-13,0.006055652598466743
2020-01-14,0.002932724769973527
2020-01-15,0.014004087946448252
2020-01-16,0.0062229588584725715
2020-01-17,0.006937726147269396
2020-01-21,0.009137330752764017
2020-01-22,0.0031171593050236535
2020-01-23,0.008878377901622603
2020-01-24,0.0026397924341359236
2020-01-27,-0.0024865843974446467
2020-01-28,0.004106098938752023
2020-01-29,0.0026288788704487143
2020-01-30,0.009322624234791022
2020-01-31,-0.0044736663952816835
2020-02-03,0.0031892809014475443
2020-02-04,-0.009971268521506982
2020-02-05,0.004087053492705994
2020-02-06,0.0002906871936887434
2020-02-07,-0.003197559202670619
2020-02-10,0.0037908862242026498
2020-02-11,0.003631220040709815
2020-02-12,0.0007235238586387194
2020-02-13,0.011135241960199993
2020-02-14,0.006722055485847367
2020-02-18,0.00838197392838591
2020-02-19,-0.010848409201778875
2020-02-20,0.0035612719562601036
2020-02-21,-0.0018453313253598003
2020-02-24,-0.011659412817132231
2020-02-25,-0.021003976804808366
2020-02-26,-0.010139843008017402
2020-02-27,-0.04498196270651755
2020-02-28,-0.03342153024120176
2020-03-02,0.05886126828970162
2020-03-03,-0.012302540619174906
2020-03-04,0.05674314628770527
2020-03-05,-0.015424971842150192
2020-03-06,-0.008128890338321315
2020-03-09,-0.0543883214397235
2020-03-10,0.009297308159529338
2020-03-11,-0.050273370562408104
2020-03-12,-0.10093713053106212
2020-03-13,0.05448908455294643
2020-03-16,-0.11357732179135016
2020-03-17,0.1279342206002987
2020-03-18,-0.04353099659998505
2020-03-19,-0.05820502737830491
2020-03-20,-0.07932208356057824
2020-03-23,-0.05102860187835423
2020-03-24,0.10750059156899194
2020-03-25,0.025522403807730853
2020-03-26,0.08524420336315486
2020-03-27,0.005416996358891257
2020-03-30,0.03699711710142961
2020-03-31,-0.04035310079252741
2020-04-01,-0.06009766663497351
2020-04-02,0.03129795822249992
2020-04-03,-0.035747477178117215
2020-04-06,0.07723512421756618
2020-04-07,-0.012547201760177984
2020-04-08,0.054456524058991373
2020-04-09,0.04716789963704904
2020-04-13,-0.03172747232748563
2020-04-14,0.029371682349488948
2020-04-15,-0.032986877955965443
2020-04-16,0.0001704596115619239
2020-04-17,0.032230655321698
2020-04-20,-0.03783267033233528
2020-04-21,-0.01648349088541834
2020-04-22,0.029155203941635177
2020-04-23,-0.01679409867203241
2020-04-24,0.0062110730247759705
2020-04-27,0.010459746380247603
2020-04-28,0.0037333997580899503
2020-04-29,-0.009129707581924884
2020-04-30,-0.023033333305042314
2020-05-01,-0.024100700703056588
2020-05-04,0.0075161647392851805
2020-05-05,0.00817039111754414
2020-05-06,-0.0340026621669931
2020-05-07,0.004012405474567604
2020-05-08,0.020163314849158454
2020-05-11,-0.00427321590337193
2020-05-12,-0.008762719274197694
2020-05-13,-0.008479093113709535
2020-05-14,0.010735025952421262
2020-05-15,-0.013321300200319741
2020-05-18,0.04105089146867247
2020-05-19,-0.016473750908441054
2020-05-20,0.005523731521619668
2020-05-21,-0.010101088620171561
2020-05-22,0.011099290656698457
2020-05-26,0.006551175650229446
2020-05-27,0.011961020846234627
2020-05-28,0.029549743387303318
2020-05-29,0.007766370450090765
2020-06-01,0.011894832660257038
2020-06-02,0.006457228693260486
2020-06-03,0.012008173422480839
2020-06-04,-0.01788023609206546
2020-06-05,0.01274409891883499
2020-06-08,0.02680199892942481
2020-06-09,-0.02005441026444932
2020-06-10,-0.005847122953150707
2020-06-11,-0.03904550586854694
2020-06-12,-0.0025504029995009336
2020-06-15,0.006817745098560701
2020-06-16,0.004570960745409414
2020-06-17,-0.003033466824671649
2020-06-18,-0.0001687796611336001
2020-06-19,-0.028064355355840065
2020-06-22,0.009751859869107316
2020-06-23,-0.010074604861589287
2020-06-24,-0.00912445047237831
2020-06-25,-0.012395926285837855
2020-06-26,-0.010579252641154224
2020-06-29,0.0188474984464293
2020-06-30,0.003735138976238561
2020-07-01,0.023391920690697843
2020-07-02,0.0025975060742176037
2020-07-06,-0.012262502793287444
2020-07-07,-0.004021690229711994
2020-07-08,0.008953597942053415
2020-07-09,-0.013398302271467655
2020-07-10,0.018871233135020926
2020-07-13,0.0010387047956721407
2020-07-14,0.009337634909929227
2020-07-15,-0.003940234866672165
2020-07-16,0.012727852377492521
2020-07-17,0.02258812482414796
2020-07-20,-0.013120785443095917
2020-07-21,0.00454407574596738
2020-07-22,0.015412998716334725
2020-07-23,0.0011547438952517197
2020-07-24,-0.006591875961869609
2020-07-27,-0.012110094254927484
2020-07-28,0.01511327329766221
2020-07-29,0.004631869395126831
2020-07-30,0.0
2020-07-31,0.0016466491008342299
2020-08-03,-0.010849885186517194
2020-08-04,0.01096889645366228
2020-08-05,-0.012822571476977851
2020-08-06,0.0058284594799511424
2020-08-07,0.018046373818316086
2020-08-10,-0.00032514267476457803
2020-08-11,-0.02163660806017842
2020-08-12,0.014466417870101056
2020-08-13,-0.0016392384583278075
2020-08-14,-0.008701418936739147
2020-08-17,-0.0013249997270377012
2020-08-18,-0.004477611940298498
2020-08-19,-0.002998426041115332
2020-08-20,-0.00885552963116909
2020-08-21,0.0016857132531975516
2020-08-24,0.008751455449966139
2020-08-25,-0.00950955796694275
2020-08-26,-0.01111685039769783
2020-08-27,0.0032364921768921473
2020-08-28,0.0028859257553683904
2020-08-31,0.0030473842513296656
2020-09-01,-0.011476801080034127
2020-09-02,0.03107396134200746
2020-09-03,-0.01126022408607874
2020-09-04,-0.0056940801350278125
2020-09-08,-0.005558387429340783
2020-09-09,0.013211406430680972
2020-09-10,-0.01721846152185258
2020-09-11,0.0023815185191882193
2020-09-14,0.013745195806236232
2020-09-15,0.006695596588616404
2020-09-16,-0.0013302873216287647
2020-09-17,-0.008158499455572343
2020-09-18,-0.01762627075176315
2020-09-21,-0.006222017722738005
2020-09-22,0.006243545388029403
2020-09-23,-0.015339387443781605
2020-09-24,0.011202355490384619
2020-09-25,0.01644469905853585
2020-09-28,0.00255439553216652
2020-09-29,-0.00033981396865778724
2020-09-30,0.009005977893023598
2020-10-01,0.010104316267435465
2020-10-02,0.011837370393815716
2020-10-05,0.012522761897546975
2020-10-06,0.008462261614254452
2020-10-07,0.006131834660457747
2020-10-08,0.018283892444234784
2020-10-09,-0.0001575082847676823
2020-10-12,0.006301113763902855
2020-10-13,-0.006887914665980599
2020-10-14,-0.0012611295930685662
2020-10-15,-0.0006312557568314281
2020-10-16,0.010739109490055743
2020-10-19,-0.008437392680168299
2020-10-20,0.005988004232382549
2020-10-21,-0.002662891219236019
2020-10-22,0.014135460376511144
2020-10-23,0.0027876592930951016
2020-10-26,-0.0003088178306485112
2020-10-27,-0.0007725921907120181
2020-10-28,-0.02906606993051608
2020-10-29,0.0027069898070843923
2020-10-30,-0.009369587723028983
2020-11-02,0.02196203858013912
2020-11-03,0.014431594707013273
2020-11-04,-0.014999320681694517
2020-11-05,0.008948234944933686
2020-11-06,-0.00217842314321548
2020-11-09,0.018555947056781763
2020-11-10,0.014390847757377978
2020-11-11,0.003772890031616738
2020-11-12,-0.01608766425213981
2020-11-13,0.00993269081806547
2020-11-16,0.010137626526902643
2020-11-17,-0.01962245954114883
2020-11-18,-0.01955690065796123
2020-11-19,-0.00997343180652488
2020-11-20,0.0001574091118108356
2020-11-23,0.00015724437868835928
2020-11-24,0.01070038243489102
2020-11-25,0.0026467221925425832
2020-11-27,-0.00993794978191731
2020-11-30,-0.014429190753964538
2020-12-01,0.007002051310355029
2020-12-02,0.006637160990503599
2020-12-03,-0.010360996582260196
2020-12-04,-0.009993784479141898
2020-12-07,0.005608259950358185
2020-12-08,-0.0030275373266616112
2020-12-09,-0.0017579952969468682
2020-12-10,-0.005123168181726312
2020-12-11,0.0016092299631764728
2020-12-14,-0.005141491020965505
2020-12-15,0.019702951299225502
2020-12-16,-0.011561769933341792
2020-12-17,0.006729826444317855
2020-12-18,-0.008594863308220235
2020-12-21,-0.012109656994774065
2020-12-22,-0.001966457924708398
2020-12-23,-0.0019706221063863216
2020-12-24,0.007074746254243092
2020-12-28,0.004410976454934712
2020-12-29,-0.00016258563805826576
2020-12-30,0.005043054541969738
2020-12-31,0.014891524509223153
2021-01-04,-0.02519930926001146
2021-01-05,-0.00016354326917011885
2021-01-06,0.024873033010984313
2021-01-07,-0.013092573229563365
2021-01-08,0.008412809401676435
2021-01-11,-0.009305330237640241
2021-01-12,-0.005344008068173367
2021-01-13,0.019537372209367243
2021-01-14,-0.0038324970173148065
2021-01-15,0.009778873908741215
2021-01-19,-0.0038101942014656665
2021-01-20,0.005896375732233672
2021-01-21,-0.005861812284532308
2021-01-22,0.0014341472066030647
2021-01-25,0.020051061390987224
2021-01-26,-0.009984434187995883
2021-01-27,-0.026946157086628397
2021-01-28,0.01198387079383667
2021-01-29,-0.0054408234772062025
2021-02-01,0.004827043647005702
2021-02-02,0.008166532706516572
2021-02-03,-0.003176604770530722
2021-02-04,0.007807374079149998
2021-02-05,0.005375517668325669
2021-02-08,-0.007705747664568774
2021-02-09,0.0014262624879199937
2021-02-10,0.003956461272265344
2021-02-11,-0.0056745433085565455
2021-02-12,-0.0072925230057785395
2021-02-16,-0.011178450761190284
2021-02-17,0.0008075075702054235
2021-02-18,0.005970663454800906
2021-02-19,-0.014918307621328397
2021-02-22,-0.019540701537851812
2021-02-23,0.008304339289881835
2021-02-24,-0.011695000068996597
2021-02-25,-0.009000082599904036
2021-02-26,-0.01849985758559347
2021-03-01,0.02210434006453843
2021-03-02,-0.0030175070403816173
2021-03-03,-0.011770843126305053
2021-03-04,-0.0008506389620553945
2021-03-05,0.01634883092624384
2021-03-08,0.014074939910341921
2021-03-09,0.013218708440182692
2021-03-10,0.006849362348849253
2021-03-11,-0.0025915577691778546
2021-03-12,0.013478421787154415
2021-03-15,0.012818610713235534
2021-03-16,0.001265644334271121
2021-03-17,-0.01627450331529534
2021-03-18,-0.0036941083921456785
2021-03-19,0.0027405858335418642
2021-03-22,-0.0014415829624402354
2021-03-23,0.014922997599312149
2021-03-24,0.0003195866986462903
2021-03-25,0.010704586949910944
2021-03-26,0.0033197163435769728
2021-03-29,0.010713868783361669
2021-03-30,-0.0090414491970926
2021-03-31,0.007393349984991415
2021-04-01,-0.0009366840278287603
2021-04-05,0.01094080258363861
2021-04-06,0.005256482571137422
2021-04-07,-0.001230245198227231
2021-04-08,-0.0007699093233632937
2021-04-09,-0.0010788654269157094
2021-04-12,0.0009255476331253565
2021-04-13,0.011868137116384903
2021-04-14,0.004417500753483017
2021-04-15,0.011070711967483549
2021-04-16,0.008099505566682819
2021-04-19,-0.005058611888871023
2021-04-20,0.01271102521889711
2021-04-21,-0.008417073760102145
2021-04-22,-0.007147982304194556
2021-04-23,-0.0013499941805502624
2021-04-26,-0.005707483562891746
2021-04-27,-0.007704016003694858
2021-04-28,-0.0013699345666697837
2021-04-29,0.009146293053652776
2021-04-30,0.00785494810362053
2021-05-03,-0.0001498869681709758
2021-05-04,-0.00374753912341097
2021-05-05,-0.01685235581986766
2021-05-06,0.0076524310519625605
2021-05-07,0.0030376067777244664
2021-05-10,0.01014536780934594
2021-05-11,-0.012292049039608677
2021-05-12,-0.023372097858184837
2021-05-13,0.019269411777748102
2021-05-14,0.004878883020175362
2021-05-17,-0.008192967410802776
2021-05-18,-0.00015291542565154526
2021-05-19,-0.0016829965454175921
2021-05-20,0.008735696420598016
2021-05-21,0.0051653736775461034
2021-05-24,-0.0018137357306732271
2021-05-25,-0.012113696935766027
2021-05-26,0.00015322011458107632
2021-05-27,-0.006743335191502164
2021-05-28,0.005400445841338586
2021-06-01,-0.006138680376151062
2021-06-02,0.005250123944176677
2021-06-03,0.005990788367069566
2021-06-04,-0.0015269536489473934
2021-06-07,0.00183515994852268
2021-06-08,-0.008548436631396483
2021-06-09,0.008930085755803674
2021-06-10,0.0065617790944065835
2021-06-11,0.002274010577811847
2021-06-14,0.0021177798041263074
2021-06-15,0.0030188740071632747
2021-06-16,-0.015048939184476473
2021-06-17,0.005500433310330344
2021-06-18,-0.02598395134315279
2021-06-21,0.012954709893959304
2021-06-22,-0.006053013511265526
2021-06-23,-0.01061832290188447
2021-06-24,-0.0009469801470711747
2021-06-25,0.010742591840580795
2021-06-28,0.006408096495455595
2021-06-29,-0.016151530892971055
2021-06-30,-0.001894190755312608
2021-07-01,0.010912386953461084
2021-07-02,0.0015644277422377506
2021-07-06,0.004217479257717649
2021-07-07,0.006532970621694778
2021-07-08,-0.002936231673383638
2021-07-09,0.0012401188963317988
2021-07-12,0.0032506078629308544
2021-07-13,-0.007560600899914505
2021-07-14,0.008706474631964278
2021-07-15,0.011251822764229313
2021-07-16,0.01005941897446272
2021-07-19,-0.015844511319623833
2021-07-20,0.004293298130721324
2021-07-21,-0.010992553457194632
2021-07-22,0.001543725917620975
2021-07-23,0.012792968455845433
2021-07-26,0.0003042829074959563
2021-07-27,0.01719144567057329
2021-07-28,-0.007627834626799279
2021-07-29,0.0027129164552246454
2021-07-30,-0.008417196651242076
2021-08-02,0.007730740559048543
2021-08-03,0.005715915865460275
2021-08-04,-0.0014955061093672173
2021-08-05,0.01093463864828692
2021-08-06,-0.0005926440709049796
2021-08-09,-0.0002966265251848066
2021-08-10,0.0010382754670210659
2021-08-11,0.009333371678990954
2021-08-12,0.001027288809155813
2021-08-13,0.0070381377701442815
2021-08-16,0.006115132410752011
2021-08-17,0.0005790243844494558
2021-08-18,-0.005062165289193898
2021-08-19,0.004070425334352423
2021-08-20,0.012451001591200495
2021-08-23,-0.012869784121192662
2021-08-24,-0.006518850360116457
2021-08-25,0.0018953848382892158
2021-08-26,-0.0024739203689776446
2021-08-27,-0.00029209926610218595
2021-08-30,0.0014597822140824945
2021-08-31,-0.0011658956473398208
2021-09-01,0.013130844123792729
2021-09-02,0.009072680697963742
2021-09-03,-0.008277733907279705
2021-09-07,-0.013239192850519665
2021-09-08,0.01793800956475966
2021-09-09,-0.0054442895000925695
2021-09-10,-0.013972907238778753
2021-09-13,-0.0017529336212401825
2021-09-14,-0.0033662242072858284
2021-09-15,-0.001321536880495744
2021-09-16,-0.008381149689577372
2021-09-17,-0.015420943420028532
2021-09-20,-0.0018360919841990953
2021-09-21,-0.0027364998880186064
2021-09-22,-0.000609801649874453
2021-09-23,-0.005338576405046536
2021-09-24,-0.0010734195153484505
2021-09-27,-0.011820699822271963
2021-09-28,-0.01258342019135239
2021-09-29,0.013058365599380783
2021-09-30,-0.007920290102940819
2021-10-01,0.0
2021-10-04,0.013775844679437821
2021-10-05,-0.0024707119599910454
2021-10-06,0.015479763168417371
2021-10-07,-0.005335386636651229
2021-10-08,-0.0073562770419790535
2021-10-11,-0.013586553446607974
2021-10-12,0.006730230176543506
2021-10-13,0.011660465389313535
2021-10-14,0.01229444400505586
2021-10-15,-0.0028843088468627487
2021-10-18,-0.009592102512982925
2021-10-19,0.012605669536468689
2021-10-20,0.01578887374868665
2021-10-21,0.0
2021-10-22,0.005081348537246511
2021-10-25,-0.004312253228902274
2021-10-26,0.005376294943481463
2021-10-27,-0.006684335167282174
2021-10-28,0.006579841701443545
2021-10-29,-0.0059425847265929255
2021-11-01,0.0035867243722234043
2021-11-02,0.000893685049290438
2021-11-03,-0.0037197536342197246
2021-11-04,-0.005525761633201065
2021-11-05,0.009461020791112107
2021-11-08,-0.014876672888310405
2021-11-09,0.005134426314444163
2021-11-10,0.008112842344113025
2021-11-11,-0.006110082200904032
2021-11-12,-0.0006000287476073396
2021-11-15,0.013203643101463047
2021-11-16,-0.004738668886125952
2021-11-17,0.0008925664376164821
2021-11-18,-0.0052028060207001126
2021-11-19,0.005678491640513705
2021-11-22,0.006092114841196983
2021-11-23,0.0010339137326875747
2021-11-24,0.0005898705941178584
2021-11-26,-0.015629473575032193
2021-11-29,0.014829135287338868
2021-11-30,-0.02922514519338626
2021-12-01,0.0018246109889656914
2021-12-02,0.012748557024161444
2021-12-03,0.010040452472414252
2021-12-06,0.015281841507721605
2021-12-07,0.0074530034862061445
2021-12-08,-0.0010154045644126253
2021-12-09,-0.0013065163284187165
2021-12-10,0.005379353761897354
2021-12-13,0.012291709441441645
2021-12-14,-0.005999864290176626
2021-12-15,0.016383849117390437
2021-12-16,0.0050907571433909116
2021-12-17,-0.01505338695900682
2021-12-20,0.000950079047044694
2021-12-21,-0.0014382815512404834
2021-12-22,0.004321059553959783
2021-12-23,-0.00014357507078022191
2021-12-27,0.004876548806156178
2021-12-28,0.00899237154624788
2021-12-29,0.0053757111362002785
2021-12-30,0.0036582360074308706
2021-12-31,0.0035049072538670956
2022-01-03,-0.009918898387437425
2022-01-04,-0.0031042819817439504
2022-01-05,-0.0005660348919863667
2022-01-06,-0.010338909632173543
2022-01-07,0.007584518309770916
2022-01-10,-0.0065327750263300954
2022-01-11,-0.009006814659171636
2022-01-12,0.003173818003423312
2022-01-13,0.004889048264984153
2022-01-14,-0.006868550846113375
2022-01-18,-0.011959899913081773
2022-01-19,0.004520821656186502
2022-01-20,0.0013067559849417876
2022-01-21,-0.0018849352999477098
2022-01-24,-0.009587471411500736
2022-01-25,-0.015693597587748465
2022-01-26,-0.008195677161054626
2022-01-27,0.008864218264307944
2022-01-28,0.012062589122117995
2022-01-31,0.01898173162033223
2022-02-01,-0.013284965382179381
2022-02-02,0.014780980610782812
2022-02-03,-0.004470495954048248
2022-02-04,-0.007967535855212371
2022-02-07,-0.001460521821021632
2022-02-08,0.0007313603032712557
2022-02-09,0.004383954905035514
2022-02-10,-0.02531661401044416
2022-02-11,0.0005972157425431224
2022-02-14,-0.008503601986791787
2022-02-15,-0.00466441464803935
2022-02-16,0.002267657990161709
2022-02-17,0.0006031084143169885
2022-02-18,-0.0018088793283449478
2022-02-22,-0.0010569410694324377
2022-02-23,-0.016931342057743826
2022-02-24,0.007996423528322305
2022-02-25,0.030968690422179757
2022-02-28,0.005178923422568538
2022-03-01,-0.00868519439305504
2022-03-02,0.01217690540086469
2022-03-03,0.017606038320759243
2022-03-04,0.022058390564628327
2022-03-07,0.012977926316487975
2022-03-08,-0.015457591273070004
2022-03-09,-0.007072036794867342
2022-03-10,0.0066949916469474235
2022-03-11,-0.003395914820432666
2022-03-14,-0.0011359097460897916
2022-03-15,0.012793349751134109
2022-03-16,-0.0018249171902710026
2022-03-17,0.004218380695508506
2022-03-18,-0.00854078057607588
2022-03-21,0.006681766683897417
2022-03-22,0.0014124474276844268
2022-03-23,0.0014100957753202525
2022-03-24,0.010279976244534028
2022-03-25,0.014496826698463527
2022-03-28,0.006458107463982232
2022-03-29,0.009282826006342226
2022-03-30,0.008251155254825004
2022-03-31,-0.001073164026082818
2022-04-01,0.013967147239501765
2022-04-04,-0.0076819873528490845
2022-04-05,0.006273525436872429
2022-04-06,0.019896501452468796
2022-04-07,-0.0024714595921440097
2022-04-08,0.003390143305668891
2022-04-11,-0.013643593346883809
2022-04-12,0.003820303797649638
2022-04-13,-0.0019683336120867034
2022-04-14,0.0005257602995560884
2022-04-18,-0.005388388634403718
2022-04-19,0.006474803747983149
2022-04-20,0.008139681449017777
2022-04-21,-0.016538499583201527
2022-04-22,-0.01681695878299838
2022-04-25,-0.006868527499341748
2022-04-26,-0.010035526117336269
2022-04-27,-0.004793951118202577
2022-04-28,0.011148937862251795
2022-04-29,-0.02994826168969711
2022-05-02,-0.010244271008329697
2022-05-03,0.0038284415362024315
2022-05-04,0.022316376010912853
2022-05-05,-0.010224089964666838
2022-05-06,0.007956662170198081
2022-05-09,-0.007478387474318726
2022-05-10,-0.0121387027637202
2022-05-11,0.007203460867768241
2022-05-12,-0.01009684896815366
2022-05-13,0.011899597055808231
2022-05-16,0.0030799015164229004
2022-05-17,0.0103281402303812
2022-05-18,-0.009669983029496065
2022-05-19,-0.00209251633859886
2022-05-20,0.0027957138405174664
2022-05-23,0.011987462178329356
2022-05-24,0.01997275766551998
2022-05-25,-0.0006752374977224695
2022-05-26,0.0028379137562177803
2022-05-27,0.015631275557332458
2022-05-31,-0.013798511342591913
2022-06-01,-0.0016144651689770084
2022-06-02,0.0067375871908905705
2022-06-03,-0.004818647098667417
2022-06-06,0.004438699674234048
2022-06-07,0.006025300573871295
2022-06-08,-0.019565707363351503
2022-06-09,-0.024029500024914774
2022-06-10,-0.0076506634321475975
2022-06-13,-0.045976873916288574
2022-06-14,-0.025271805941951886
2022-06-15,0.006481613112688134
2022-06-16,-0.019320062425730478
2022-06-17,-0.009315681971072354
2022-06-21,0.01903511272534475
2022-06-22,0.010521406647546971
2022-06-23,0.02354013771102026
2022-06-24,0.017396406269930997
2022-06-27,0.008114620534174
2022-06-28,-0.0037371744571871313
2022-06-29,0.0007214043792602709
2022-06-30,0.011101642989205462
2022-07-01,0.024525803968324933
2022-07-05,-0.03409894637533428
2022-07-06,0.010374958386606403
2022-07-07,-0.0009984433731686781
2022-07-08,-0.0032833799211817727
2022-07-11,0.006301913964465999
2022-07-12,-0.004839508335225284
2022-07-13,-0.00414720891887399
2022-07-14,0.0
2022-07-15,0.001866643795639833
2022-07-18,-0.013904630915831273
2022-07-19,0.006396396589576803
2022-07-20,-0.013289020162821297
2022-07-21,0.002634864438393336
2022-07-22,0.013724767833081852
2022-07-25,0.012530582716923977
2022-07-26,0.005974423589552025
2022-07-27,0.0008483776951755395
2022-07-28,0.03588591930523921
2022-07-29,0.008592310111797508
2022-08-01,0.0010819149347232049
2022-08-02,-0.0020262273243517592
2022-08-03,0.006226334219772589
2022-08-04,0.002152251070711486
2022-08-05,-0.003624222655549514
2022-08-08,0.0014819647916688439
2022-08-09,0.011164901640130509
2022-08-10,0.004390186086164594
2022-08-11,-0.0001326303626402181
2022-08-12,0.016293590569132377
2022-08-15,0.008342156521620625
2022-08-16,0.002843789963556942
2022-08-17,-0.0016759030564234
2022-08-18,0.003744435476779495
2022-08-19,-0.0005145845580828423
2022-08-22,-0.01364199279948386
2022-08-23,-0.00600232741961404
2022-08-24,0.0031506223184443183
2022-08-25,0.006150310179198426
2022-08-26,-0.015346630004188677
2022-08-29,0.0030379178055472966
2022-08-30,-0.014616913441544477
2022-08-31,-0.006548178499563351
2022-09-01,0.014393391629986096
2022-09-02,-0.010741350825072549
2022-09-06,0.002546876435308487
2022-09-07,0.03128776207343864
2022-09-08,-0.0007778719791891042
2022-09-09,0.004021988107820507
2022-09-12,0.009563560433943907
2022-09-13,-0.026625963429883215
2022-09-14,0.008153713749078806
2022-09-15,-0.02491499305375733
2022-09-16,-0.0037461744130491414
2022-09-19,0.013397585179442117
2022-09-20,-0.014541079566148807
2022-09-21,-0.013672475556206876
2022-09-22,-0.0035688324570017915
2022-09-23,-0.011569959919312756
2022-09-26,-0.024108293619815924
2022-09-27,-0.016849995083413116
2022-09-28,0.010748151661073013
2022-09-29,-0.04009197077209625
2022-09-30,-0.019311308940899163
2022-10-03,0.029308477059942994
2022-10-04,0.021207119176344102
2022-10-05,-0.022219215055255814
2022-10-06,-0.03297176701404503
2022-10-07,-0.020734197419494338
2022-10-10,0.0017252656014814516
2022-10-11,-0.003601035447616918
2022-10-12,-0.03331229966848459
2022-10-13,0.025032493139883538
2022-10-14,-0.01443063726308591
2022-10-17,0.020917071207247284
2022-10-18,0.018282105182043207
2022-10-19,-0.013001145757393306
2022-10-20,-0.02524703833640063
2022-10-21,0.018500628625523374
2022-10-24,0.008371584352589112
2022-10-25,0.02005017576599677
2022-10-26,-0.00046071772325861904
2022-10-27,0.007989068876215644
2022-10-28,0.027434761642439964
2022-10-31,-0.009345776981469989
2022-11-01,0.003893193834377584
2022-11-02,-0.00969576989911658
2022-11-03,0.004368284760790431
2022-11-04,0.006148791166101342
2022-11-07,-0.01907908426934568
2022-11-08,0.006990018248851815
2022-11-09,-0.007846690003757817
2022-11-10,0.047148219108850586
2022-11-11,-0.01118378812199039
2022-11-14,-0.01189773906310776
2022-11-15,0.011000536286722928
2022-11-16,0.008969295489291262
2022-11-17,-0.01748764569225303
2022-11-18,0.021210267536823757
2022-11-21,0.004502590106522764
2022-11-22,0.008531131563552563
2022-11-23,0.011182556925255938
2022-11-25,0.005813090118387709
2022-11-28,-0.010290285857796455
2022-11-29,-0.007406294888577913
2022-11-30,0.02496770606921661
2022-12-01,-0.0008396858702809373
2022-12-02,-0.0047640956206966845
2022-12-05,-0.005631551018589587
2022-12-06,0.006229457595166021
2022-12-07,-0.004643080421277035
2022-12-08,0.006502751040997623
2022-12-09,-0.005196670715995055
2022-12-12,0.022871368968937267
2022-12-13,0.0030367739820382766
2022-12-14,-0.0012384978116031231
2022-12-15,-0.012124298660071586
2022-12-16,-0.017015504296875816
2022-12-19,-0.003976578621886717
2022-12-20,0.0002871261575685402
2022-12-21,0.013926837647762591
2022-12-22,-0.006088994736731301
2022-12-23,0.01025809695643165
2022-12-27,0.0062047412364558685
2022-12-28,-0.009530448085274368
2022-12-29,0.007216525494383008
2022-12-30,-0.009553327179581017
2023-01-03,0.0
2023-01-04,0.009078071960702871
2023-01-05,-0.021647384326680008
2023-01-06,0.020114956071632495
2023-01-09,0.006760868601552561
2023-01-10,0.0002796368276241079
2023-01-11,0.008111846689895508
2023-01-12,-0.006798164436845222
2023-01-13,-0.003631550350801205
2023-01-17,-0.0014020559218089756
2023-01-18,-0.024006801060357352
2023-01-19,-0.01006890226538204
2023-01-20,0.005957325782158351
2023-01-23,0.0002890851002359529
2023-01-24,0.005054049586311171
2023-01-25,-0.013505581508808762
2023-01-26,0.0033495974272401696
2023-01-27,0.0
2023-01-30,-0.0044997392023315985
2023-01-31,0.007436572415067788
2023-02-01,0.0017370032904082677
2023-02-02,0.0021671442147095377
2023-02-03,-0.020905555193379888
2023-02-06,0.008540734965317931
2023-02-07,-0.0004378277607898218
2023-02-08,-0.01679818877526107
2023-02-09,-0.013668163541739164
2023-02-10,0.019882659101612354
2023-02-13,0.0060551706544709205
2023-02-14,-0.004257049708084826
2023-02-15,0.006486729224965293
2023-02-16,-0.007616793242221642
2023-02-17,0.010774932471663945
2023-02-21,-0.018691761617451008
2023-02-22,-0.0038689131935154553
2023-02-23,-0.005228704979985399
2023-02-24,0.00030042130065588424
2023-02-27,-0.006755703797012624
2023-02-28,-0.017533288577656236
2023-03-01,-0.016461609072636718
2023-03-02,0.0189269932296523
2023-03-03,0.017040128473122085
2023-03-06,0.004830218772202244
2023-03-07,-0.016373514041118975
2023-03-08,0.007635818302298869
2023-03-09,-0.00803281544121015
2023-03-10,-0.015737183753113837
2023-03-13,0.015367913776587638
2023-03-14,0.013147730610414188
2023-03-15,0.01358085497683681
2023-03-16,0.00669944332026029
2023-03-17,-0.009612451976578229
2023-03-20,0.007821874128704387
2023-03-21,-0.020149235092024376
2023-03-22,-0.019649628956073806
2023-03-23,-0.010254724135150717
2023-03-24,0.03123996046985056
2023-03-27,0.0012178324452298828
2023-03-28,0.0027367743826887114
2023-03-29,0.014556563578273174
2023-03-30,0.004334233005419241
2023-03-31,0.0072914822119005684
2023-04-03,-0.006795408681436355
2023-04-04,0.005057212754049356
2023-04-05,0.02589894292531114
2023-04-06,0.0070687266314670705
2023-04-10,-0.002005561346985263
2023-04-11,0.0008613888143456094
2023-04-12,-0.0010038128574110239
2023-04-13,0.00014330925083116952
2023-04-14,-0.011195628972386795
2023-04-17,0.005516014799119562
2023-04-18,-0.005196987484744953
2023-04-19,0.00769109761313036
2023-04-20,-0.0002880015081496712
2023-04-21,0.002881201015396906
2023-04-24,0.005026994564143905
2023-04-25,-0.0010000166119630283
2023-04-26,-0.023462235583276203
2023-04-27,0.012013089664710597
2023-04-28,-0.0014476903929456775
2023-05-01,0.0017394722224612913
2023-05-02,-0.012156235678568161
2023-05-03,-0.0027834920570511956
2023-05-04,0.007639047627409523
2023-05-05,0.006415033022228567
2023-05-08,-0.003042155610477937
2023-05-09,-0.0013075027033760955
2023-05-10,0.009166240676696802
2023-05-11,-0.010236734247578205
2023-05-12,0.005535419026627242
2023-05-15,-0.012603011381169371
2023-05-16,-0.02215383785523417
2023-05-17,-0.003600935149772666
2023-05-18,-0.003011789461976666
2023-05-19,-0.0015103193639738333
2023-05-22,0.0003026330006261624
2023-05-23,-0.003478042341216958
2023-05-24,-0.006525029176057129
2023-05-25,-0.013441423947445852
2023-05-26,0.0
2023-05-30,-0.0038703409614041506
2023-05-31,0.009170070296846689
2023-06-01,-0.00739271197954261
2023-06-02,0.010395683430232783
2023-06-05,0.004760541810066687
2023-06-06,-0.0007641933913871135
2023-06-07,0.016977550861256185
2023-06-08,0.00436161149577452
2023-06-09,-0.005840098329924492
2023-06-12,-0.0018077051686696821
2023-06-13,-0.00015064020532351563
2023-06-14,-0.000603584694664705
2023-06-15,0.01087264221407791
2023-06-16,0.005378065180970282
2023-06-20,-0.011728054888974992
2023-06-21,0.00803280920514915
2023-06-22,-0.007667987125099973
2023-06-23,-0.014696983026192378
2023-06-26,0.009841543485203275
2023-06-27,0.0003045957344642858
2023-06-28,-0.014766278398388955
2023-06-29,0.0
2023-06-30,0.011124697187871568
2023-07-03,0.007487762257097019
2023-07-05,0.01137586951503633
2023-07-06,-0.012147492786358738
2023-07-07,-0.007287355300099052
2023-07-10,-0.004281912778217767
2023-07-11,0.012440532728782872
2023-07-12,0.014562851457910364
2023-07-13,0.0034392331929593567
2023-07-14,-0.0038742306541470484
2023-07-17,-0.011518469994287184
2023-07-18,-0.0077177622882683705
2023-07-19,0.01021789733412759
2023-07-20,0.018267000954072188
2023-07-21,0.014974153062222939
2023-07-24,-0.002629401914391427
2023-07-25,0.0017575958531996783
2023-07-26,0.0
2023-07-27,-0.017690145027912885
2023-07-28,-0.0022321793976048943
2023-07-31,0.00044731265062258885
2023-08-01,-0.012226159504115874
2023-08-02,0.0
2023-08-03,-0.022792499839067837
2023-08-04,-0.011584656630024615
2023-08-07,-0.00015629630661473382
2023-08-08,0.00468891917310299
2023-08-09,0.0021779585304328997
2023-08-10,-0.0031044897455551057
2023-08-11,0.005449887250188912
2023-08-14,-0.007898371850518893
2023-08-15,-0.01623482044703095
2023-08-16,0.004443072689159777
2023-08-17,-0.0022117418558774693
2023-08-18,0.005224910759666246
2023-08-21,-0.006300314429663723
2023-08-22,0.002853207762119725
2023-08-23,0.00395122684171656
2023-08-24,-0.005824916485970388
2023-08-25,0.007600979155710563
2023-08-28,-0.00015724484918699932
2023-08-29,0.0037724775151741774
2023-08-30,-0.0045412437776796155
2023-08-31,-0.009595651082974443
2023-09-01,-0.005082589728870768
2023-09-05,-0.015325728521074722
2023-09-06,0.002269766136990592
2023-09-07,0.013102606360332114
2023-09-08,0.008781789199454382
2023-09-11,0.00411509077598371
2023-09-12,0.0012610819201162027
2023-09-13,0.011964738556590415
2023-09-14,0.014623599416946576
2023-09-15,-0.004293135960339534
2023-09-18,-0.0007452414982905831
2023-09-19,-0.005437464682377047
2023-09-20,0.0009373433933288489
2023-09-21,-0.010455690682151464
2023-09-22,-0.0018923371220587182
2023-09-25,-0.0014221358967454467
2023-09-26,-0.029904947456979136
2023-09-27,-0.019246511769449692
2023-09-28,-0.021619905371387582
2023-09-29,0.0016997612446989496
2023-10-02,-0.04649583276091673
2023-10-03,0.011568048054845903
2023-10-04,-0.001055676555660079
2023-10-05,-0.005811928422152279
2023-10-06,0.014171976547405096
2023-10-09,0.0099563247125527
2023-10-10,0.013663053083330823
2023-10-11,0.01620882716035288
2023-10-12,-0.015446626893313997
2023-10-13,0.011255159675427562
2023-10-16,0.010286609637620181
2023-10-17,-0.0026706995258574118
2023-10-18,-0.00870294871827948
2023-10-19,-0.009961097743622527
2023-10-20,-0.010402594575691149
2023-10-23,-0.008443679667601178
2023-10-24,0.02572114059533015
2023-10-25,0.005591277991180865
2023-10-26,0.008593075937658456
2023-10-27,-0.018877333986342948
2023-10-30,0.007662156271357468
2023-10-31,0.008617760293864185
2023-11-01,0.011392240001832032
2023-11-02,0.018717926288192244
2023-11-03,0.005853585314409937
2023-11-06,-0.002586511729491092
2023-11-07,-0.007293198696474823
2023-11-08,-0.007347111327520084
2023-11-09,-0.013157828026093
2023-11-10,0.005333387052975702
2023-11-13,-0.01193639187110973
2023-11-14,0.03993281173184138
2023-11-15,-0.003065372494259866
2023-11-16,0.0053406250106668995
2023-11-17,0.0027366336344045727
2023-11-20,-0.00305031207990647
2023-11-21,0.002093451595626572
2023-11-22,0.004820809335960963
2023-11-24,0.00255879759864297
2023-11-27,0.0015951667901996647
2023-11-28,0.003185252571279218
2023-11-29,-0.007937847379422158
2023-11-30,0.004320702465944404
2023-12-01,0.01226892324738027
2023-12-04,-0.003935092803413975
2023-12-05,-0.007111226997203568
2023-12-06,0.013369350058593632
2023-12-07,-0.002198859958923882
2023-12-08,-0.0018888266693004585
2023-12-11,0.006465762348196957
2023-12-12,-0.004073935879520985
2023-12-13,0.03775972509978742
2023-12-14,-0.01303827416520753
2023-12-15,-0.017357805735402243
2023-12-18,-0.0022565812090887816
2023-12-19,0.00569348507656553
2023-12-20,-0.020286182260203067
2023-12-21,0.0017656687460700926
2023-12-22,0.0033647345609379986
2023-12-26,0.006068436813489342
2023-12-27,-0.000634933148013217
2023-12-28,0.0071474244362752515
2023-12-29,-0.0012615287652701923
2024-01-02,0.01452698426395127
2024-01-03,0.0037354195497358855
2024-01-04,-0.0031012547140486513
2024-01-05,0.003732970396801649
2024-01-08,0.007283562602423244
2024-01-09,-0.008153774625836663
2024-01-10,-0.00015525417589168367
2024-01-11,-0.02327023669995687
2024-01-12,0.0057180288982077165
2024-01-16,-0.010897197035039441
2024-01-17,-0.01452966442679171
2024-01-18,-0.010693501797462757
2024-01-19,-0.0013102783309932864
2024-01-22,-0.005083652272385941
2024-01-23,0.001813172799401075
2024-01-24,-0.01365579634549674
2024-01-25,0.018015032679475684
2024-01-26,0.0029493943526639477
2024-01-29,0.0063714199493623
2024-01-30,-0.000324583896946673
2024-01-31,-0.0021110676176530063
2024-02-01,0.019039737481060026
2024-02-02,-0.018045212844460035
2024-02-05,-0.02081640993416789
2024-02-06,0.003653783127049781
2024-02-07,0.0006620024616970088
2024-02-08,-0.007111021036036891
2024-02-09,0.003830838379457857
2024-02-12,0.011614397134925625
2024-02-13,-0.016565603043705468
2024-02-14,0.005503861683057165
2024-02-15,0.016752308325968857
2024-02-16,-0.0011419965392693854
2024-02-20,-0.0006532874104986375
2024-02-21,0.013237340512219253
2024-02-22,-0.007741829782402343
2024-02-23,0.00715209077594392
2024-02-26,-0.01969002573931633
2024-02-27,0.01893311687925081
2024-02-28,0.0030700071481577496
2024-02-29,0.0003221389247900497
2024-03-01,-0.0061191214424639595
2024-03-04,0.01685023231698568
2024-03-05,-0.0028680933783133966
2024-03-06,0.009587788592609892
2024-03-07,0.006489348217868285
2024-03-08,0.002516168531224272
2024-03-11,0.005019580574642912
2024-03-12,-0.009676887085172892
2024-03-13,0.0067769806332900195
2024-03-14,-0.007983672228812244
2024-03-15,0.0014201473232438033
2024-03-18,0.00460758792844751
2024-03-19,0.008856575338623607
2024-03-20,0.0012541089341735479
2024-03-21,-0.0015657038416867497
2024-03-22,0.0014113619511590958
2024-03-25,0.004697784575018682
2024-03-26,-0.011377858354834625
2024-03-27,0.027904625775543757
2024-03-28,0.006902098342783658
2024-04-01,-0.006093068860243522
2024-04-02,0.0016859530682800106
2024-04-03,-0.003978039990027105
2024-04-04,-0.0019969027805248896
2024-04-05,0.002924366347931695
2024-04-08,0.006599246303688133
2024-04-09,0.0054884929456664455
2024-04-10,-0.017134095408652184
2024-04-11,-0.0020055286683007267
2024-04-12,-0.007574657084360448
2024-04-15,-0.009189940099182725
2024-04-16,-0.01320546833620928
2024-04-17,0.02086981862324322
2024-04-18,0.005617949926219001
2024-04-19,0.01536313073735629
2024-04-22,0.00916999972530319
2024-04-23,0.00469476795856183
2024-04-24,0.006029696554393116
2024-04-25,0.002696990281615408
2024-04-26,-0.010908360907009085
2024-04-29,0.013597061655655107
2024-04-30,-0.005216862374247344
2024-05-01,0.011537357310189567
2024-05-02,0.00533257615246252
2024-05-03,0.007956377209553445
2024-05-06,0.005116200384670311
2024-05-07,0.011343777631773522
2024-05-08,0.010497432291407094
2024-05-09,0.015227036491078039
2024-05-10,-0.0009812817955747732
2024-05-13,0.0
2024-05-14,0.002666031444610084
2024-05-15,0.014973464111803336
2024-05-16,-0.0034469836832295986
2024-05-17,0.0008301287328087437
2024-05-20,-0.0016586600199801627
2024-05-21,0.009000273370984191
2024-05-22,-0.011801916719041072
2024-05-23,-0.01694220186197526
2024-05-24,0.010029687442471902
2024-05-28,-0.0009790859308149713
2024-05-29,-0.012879402184531763
2024-05-30,0.013473042046679762
2024-05-31,0.017632295194272674
2024-06-03,-0.011413817979985752
2024-06-04,-0.0004174269602602587
2024-06-05,-0.005705220969862035
2024-06-06,-0.010357036881688986
2024-06-07,-0.010889482450310517
2024-06-10,0.01286819549874707
2024-06-11,-0.006069888781338295
2024-06-12,-0.0065333847868751516
2024-06-13,0.002287337126646971
2024-06-14,-0.002424678424295501
2024-06-17,-0.011009482739954612
2024-06-18,0.0004336111186971081
2024-06-20,0.008670767236202082
2024-06-21,-0.005874053335458762
2024-06-24,0.013147428434903574
2024-06-25,-0.009463688778613588
2024-06-26,-0.004198184430308727
2024-06-27,0.001744673939992003
2024-06-28,-0.011174164453335966
2024-07-01,-0.006897436001571111
2024-07-02,0.005172025191671148
2024-07-03,0.0060277992952999515
2024-07-05,0.0017536209377972956
2024-07-08,0.0010211259929679972
2024-07-09,0.0029143785919862886
2024-07-10,0.009445096827465305
2024-07-11,0.01828128825247144
2024-07-12,0.007350879977466862
2024-07-15,-0.02427726911263106
2024-07-16,0.007766393223578527
2024-07-17,0.0005707462422486209
2024-07-18,-0.0008556310151863755
2024-07-19,0.001141931201269486
2024-07-22,0.008413052571290658
2024-07-23,-0.006221845867939724
2024-07-24,0.011240750976442948
2024-07-25,-0.008301667142086022
2024-07-26,0.009789951375015482
2024-07-29,0.0044962878850749455
2024-07-30,0.005175700298893693
2024-07-31,0.012941669402733558
2024-08-01,0.017996995902278545
2024-08-02,0.0016194372591571415
2024-08-05,-0.026407935867567622
2024-08-06,0.008441786306054855
2024-08-07,0.005626390281212146
2024-08-08,0.001091813663369967
2024-08-09,0.0034077789360504873
2024-08-12,0.0017660955625049546
2024-08-13,0.005831179197113068
2024-08-14,-0.0006739421575977511
2024-08-15,-0.00013494333713270912
2024-08-16,0.004452770925974958
2024-08-19,0.006582418955055402
2024-08-20,-0.0021353316559646895
2024-08-21,0.007088660174068506
2024-08-22,-0.0011954580783249957
2024-08-23,0.002792215144381993
2024-08-26,0.006497097462018209
2024-08-27,-0.007904219434113902
2024-08-28,0.0
2024-08-29,0.005444203658047098
2024-08-30,0.007527777940209646
2024-09-03,-0.0014418440513828124
2024-09-04,0.00853226150130304
2024-09-05,-0.0024728698524758563
2024-09-06,-0.009524997418245529
2024-09-09,0.010143640642682694
2024-09-10,0.004694743217756203
2024-09-11,0.003115066888446094
2024-09-12,0.002199926478133829
2024-09-13,0.014073655513035854
2024-09-16,0.007639437477267252
2024-09-17,-0.0007582018477385599
2024-09-18,-0.007587271620724589
2024-09-19,-0.005861329751532751
2024-09-20,0.02640349849547352
2024-09-23,0.009919437951503962
2024-09-24,-0.007095720912398296
2024-09-25,0.005265666139555147
2024-09-26,-0.0068595218277013315
2024-09-27,0.009920877177860055
2024-09-30,0.004476456974978005
2024-10-01,0.008046680018981345
2024-10-02,0.0004910969864468928
2024-10-03,-0.0003681419464346414
2024-10-04,-0.0015963514391704736
2024-10-07,-0.022998368739449715
2024-10-08,0.0005035969018212239
2024-10-09,-0.008555652401350256
2024-10-10,-0.003045723424593083
2024-10-11,0.00878320606215155
2024-10-14,0.012618123343270504
2024-10-15,0.004486135803837943
2024-10-16,0.01984857678309848
2024-10-17,-0.008879586837603815
2024-10-18,0.00576819777482207
2024-10-21,-0.0039049008532573426
2024-10-22,-0.003552596095723226
2024-10-23,0.009589498591457968
2024-10-24,-0.006454082123023563
2024-10-25,-0.014830306990203823
2024-10-28,0.007837869631469596
2024-10-29,-0.021355397462216708
2024-10-30,-0.0023965661732802124
2024-10-31,0.010367932928375012
2024-11-01,-0.022275109608485555
2024-11-04,-0.011903187116597769
2024-11-05,0.015025823981867692
2024-11-06,-0.010336836674212146
2024-11-07,0.0018053433382860806
2024-11-08,0.01917865659132567
2024-11-11,0.0027785806287285997
2024-11-12,-0.011460968888660328
2024-11-13,-0.0017837224296967102
2024-11-14,-0.0034460184749250944
2024-11-15,0.014984718461824142
2024-11-18,0.008706534836197877
2024-11-19,0.006379668370813052
2024-11-20,0.0004971769855377506
2024-11-21,0.017393620602345727
2024-11-22,-0.0053730648201107956
2024-11-25,0.0018415472892643336
2024-11-26,0.015931445085781704
2024-11-27,0.0
2024-11-29,0.00036188632203271176
2024-12-02,-0.02146383852223488
2024-12-03,-0.008626173440339668
2024-12-04,-0.00012417222179539333
2024-12-05,0.003107912910486732
2024-12-06,-0.012393134858120103
2024-12-09,-0.012548553443921584
2024-12-10,-0.007243704549072416
2024-12-11,-0.006272346213565538
2024-12-12,-0.0005154397733158067
2024-12-13,0.0006445560721271004
2024-12-16,-0.007985708326370689
2024-12-17,-0.0041546477247224045
2024-12-18,-0.023598492946797722
2024-12-19,0.0045401191899263615
2024-12-20,0.01595107382510408
2024-12-23,0.0034035264204095306
2024-12-24,0.005521916443558927
2024-12-26,-0.0023534959227050622
2024-12-27,-0.0028832467784228877
2024-12-30,-0.004206126402677701
2024-12-31,-0.0009240664723330072
2025-01-02,0.007662809226778089
2025-01-03,0.010620249142952565
2025-01-06,-0.011157287816958794
2025-01-07,-0.0024927367987549465
2025-01-08,-0.00026308141068598356
2025-01-10,-0.0056570214647100325
2025-01-13,-0.011643470826500746
2025-01-14,0.013119152926828859
2025-01-15,0.01466710428176321
2025-01-16,0.025263695591689395
2025-01-17,0.0013971276472288796
2025-01-21,0.0153475552220248
2025-01-22,-0.02161150280845714
2025-01-23,0.004724302010831849
2025-01-24,0.010166443855957663
2025-01-27,-0.023147620561748572
2025-01-28,-0.013779810121611336
2025-01-29,0.0020893323320974044
2025-01-30,0.020849659742492976
2025-01-31,-0.005871854807358634
2025-02-03,0.005392973043035765
2025-02-04,-0.008812281308208991
2025-02-05,0.010050192250409706
2025-02-06,-0.0011480263416104863
2025-02-07,-0.0020434361998175055
2025-02-10,0.010877846216751808
2025-02-11,0.005063965911142665
2025-02-12,-0.0017634334502545368
2025-02-13,0.002271234702901692
2025-02-14,-0.004154543487088436
2025-02-18,0.009355234622344222
2025-02-19,0.0052605803291387865
2025-02-20,-0.00012470506282180605
2025-02-21,0.0002492471145376651
2025-02-24,-0.00498311790992001
2025-02-25,-0.005008171252443572
2025-02-26,0.004152550155656964
2025-02-27,-0.022180511856464302
2025-02-28,0.015250633608870467
2025-03-03,0.0013884859102895053
2025-03-04,-0.016261110919651434
2025-03-05,-0.007047801267454412
2025-03-06,-0.020776824586093423
2025-03-07,0.01858185077179897
2025-03-10,0.010997678827669333
2025-03-11,-0.009342180770530062
2025-03-12,-0.003100395022906599
2025-03-13,0.002462150765503379
2025-03-14,0.019519045122066148
2025-03-17,0.00418404174264797
2025-03-18,-0.006944380246615367
2025-03-19,0.0036872091514725813
2025-03-20,0.0040537385782630775
2025-03-21,-0.006434500408120103
2025-03-24,-0.0003197681922929574
2025-03-25,-0.015990852476092332
2025-03-26,0.006630373875142537
2025-03-27,-0.00025830202278653847
2025-03-28,0.007363409748275318
2025-03-31,0.011156590777226194
2025-04-01,0.002536601270134886
2025-04-02,0.004680462252271145
2025-04-03,-0.0062956490305914325
2025-04-04,-0.055625880704483266
2025-04-07,-0.015295895677425508
2025-04-08,-0.004087817145689843
2025-04-09,0.039403486546893074
2025-04-10,-0.007502982868358821
2025-04-11,0.012201689188496179
2025-04-14,0.017950722612399828
2025-04-15,-0.00012871879602027736
2025-04-16,-0.009011276541090796
2025-04-17,0.010262371912497459
2025-04-21,-0.023659596338201916
2025-04-22,0.027261991438222832
2025-04-23,0.004230739293630714
2025-04-24,0.0015320051939675672
2025-04-25,-0.003059224902372648
2025-04-28,0.006137323844773279
2025-04-29,0.007751966174882607
2025-04-30,-0.005044218347554197
2025-05-01,0.002915032078782076
2025-05-02,0.007835238802029965
2025-05-05,-0.002507781113641361
2025-05-06,0.01219349643245593
2025-05-07,0.002856480100738912
2025-05-08,-0.00804947588327487
2025-05-09,0.0017477471962517033
2025-05-12,-0.0059819590853352755
2025-05-13,-0.0013792568458614873
2025-05-14,-0.004394102640986497
2025-05-15,0.021311334871631393
2025-05-16,0.01469322234355297
2025-05-19,0.0042590135238149696
2025-05-20,0.0029079871482917685
2025-05-21,-0.018243342871126944
2025-05-22,-0.014275114293236024
2025-05-23,0.011984924630393579
2025-05-27,0.007525317993154479
2025-05-28,-0.013958558519996389
2025-05-29,0.006953851668003441
2025-05-30,0.010235613292238765
2025-06-02,0.0031737855528510828
2025-06-03,0.002677094214969422
2025-06-04,-0.017475731982647846
2025-06-05,-0.0016057574558244747
2025-06-06,0.004453864781170491
2025-06-09,-0.0064047387160001135
2025-06-10,0.0023552170896377067
2025-06-11,0.000618458469786809
2025-06-12,0.01211213351669782
2025-06-13,-0.005739405852021706
2025-06-16,-0.004912878104958884
2025-06-17,-0.008269507930438014
2025-06-18,0.0026135121620431967
2025-06-20,0.0027309286453447434
2025-06-23,0.012677167894899144
2025-06-24,0.004308178467200552
2025-06-25,-0.013359459871632895
2025-06-26,0.008322975452035974
2025-06-27,0.0019712380173388944
2025-06-30,0.004057585318841372
2025-07-01,0.003428778355448747
2025-07-02,-0.00866488711481539
2025-07-03,0.007509509927863478
2025-07-07,0.0020772938381592443
2025-07-08,-0.0106085380979144
2025-07-09,0.009366558652762036
2025-07-10,0.008180702260644601
2025-07-11,-0.0014533612793449224
2025-07-14,0.004002467528450904
2025-07-15,-0.00954341103806755
2025-07-16,0.00048788082667705623
2025-07-17,0.004144871144479589
2025-07-18,0.01675367693648
2025-07-21,0.003223805684635428
2025-07-22,0.01225912523362438
2025-07-23,-0.00752496717732587
2025-07-24,-0.0013032068880517444
2025-07-25,0.0026096326806701597
2025-07-28,-0.010648271881119609
2025-07-29,0.011480525597692193
2025-07-30,0.00744845643086145
2025-07-31,0.005398429128333548
2025-08-01,0.0015175018365842785
2025-08-04,0.017715587375066955
2025-08-05,-0.010650487950185306
2025-08-06,-0.008913013346226184
2025-08-07,0.010861954712281907
2025-08-08,-0.004275040597932378
2025-08-11,-0.0031329047870378712
2025-08-12,0.004306798701773529
2025-08-13,0.0022021176721522817
2025-08-14,-0.006938789831066994
2025-08-15,-0.002911386132503191
2025-08-18,-0.004321475895300297
2025-08-19,0.009736128159423707
2025-08-20,0.0010454849762728813
2025-08-21,-0.006846893775142693
2025-08-22,0.00537508904258166
2025-08-25,-0.011273848465514824
2025-08-26,0.002233530018443064
2025-08-27,0.0002344943853322956
2025-08-28,-0.0076219377646674635
2025-08-29,-0.0036630362423769602
2025-09-02,-0.003320612849552984
2025-09-03,-0.00249880273889469
2025-09-04,-0.0011929304850453182
2025-09-05,-0.0031052319640658688
2025-09-08,-0.010183274276121312
2025-09-09,0.006899102164759308
2025-09-10,0.017189497454245473
2025-09-11,0.0053178892949929946
2025-09-12,0.005054650519545456
2025-09-15,0.0023391702543855697
2025-09-16,-0.018203019888214156
2025-09-17,0.0024958330514897042
2025-09-18,0.0007114368967400253
2025-09-19,0.006397197113363173
2025-09-22,0.009694020415877969
2025-09-23,0.005164348088809723
2025-09-24,0.007122846972197561
2025-09-25,-0.00962320963541663
2025-09-26,0.016272528909439643
2025-09-29,0.002879852632541091
2025-09-30,0.0017229672649363703
2025-10-01,0.009631968536905067
2025-10-02,-0.001817190875227137
2025-10-03,0.011605464552785882
2025-10-06,0.009672623389211932
2025-10-07,0.0045672683239543765
2025-10-08,0.0068751690450643554
2025-10-09,-0.002533076533075551
2025-10-10,-0.004085268276788789
2025-10-13,0.007649694731167056
2025-10-14,0.008911844691749549
2025-10-15,0.013086200845939366
2025-10-16,-0.01087192809086357
2025-10-17,-0.0034824213401862814
2025-10-20,-0.00032760488584526737
2025-10-21,-0.010159496349950725
2025-10-22,-0.002317614866550022
2025-10-23,-0.0007743328942774186
2025-10-24,0.011734723094285693
2025-10-27,0.00273552906958785
2025-10-28,-0.016477544154163692
2025-10-29,-0.00033283901266001337
2025-10-30,-0.004217505658750009
2025-10-31,-0.006910418392180762
2025-11-03,0.0005612014883742411
2025-11-04,-0.0035894524884705348
2025-11-05,0.00022511136614000726
2025-11-06,-0.004389413577334245
2025-11-07,0.013904627737549857
2025-11-10,-0.0003344718305305916
2025-11-11,0.000557611201441599
2025-11-12,0.00234086597498373
2025-11-13,-0.013790012110985295
2025-11-14,0.0009021406267408771
2025-11-17,0.00901301715986258
2025-11-18,-0.0037962968642131223
2025-11-19,-0.00840618683858485
2025-11-20,-0.005086521661892052
2025-11-21,0.001476992589987125
2025-11-24,0.011344299293136295
2025-11-25,-0.0038138414073549676
2025-11-26,0.013286795829458908
2025-11-28,0.007111894708757394
2025-12-01,-0.023391759698056735
2025-12-02,-0.007117894787109225
2025-12-03,-0.0031861491584876944
