Date,XLB
2020-01-03,-0.016144848379745058
2020-01-06,-0.004353644866517792
2020-01-07,-0.0011772937864265032
2020-01-08,0.0035360443222889337
2020-01-09,0.003691220482151092
2020-01-10,-0.00401189875771224
2020-01-13,0.012923571436275871
2020-01-14,-0.004142431608987307
2020-01-15,0.0068218725361459676
2020-01-16,0.005949439218959407
2020-01-17,0.004435812722861421
2020-01-21,-0.010794947502078545
2020-01-22,-0.003968118193477643
2020-01-23,-0.0011621209176146952
2020-01-24,-0.007146529742364738
2020-01-27,-0.0215933370205178
2020-01-28,0.011291607327846176
2020-01-29,0.0032143808971780707
2020-01-30,-0.006239390741845208
2020-01-31,-0.022060185092624418
2020-02-03,0.02099595853279057
2020-02-04,0.017675101425498108
2020-02-05,0.018536939689568266
2020-02-06,-0.0004918671225393467
2020-02-07,-0.014271517477184914
2020-02-10,-0.0004993053004148651
2020-02-11,0.005494531363020361
2020-02-12,0.005464364571722724
2020-02-13,-0.003622923553815216
2020-02-14,0.00016500030521515718
2020-02-18,-0.0024787736991270792
2020-02-19,0.002650813177010214
2020-02-20,0.0016522895997856946
2020-02-21,-0.004618991344594758
2020-02-24,-0.0281737833110548
2020-02-25,-0.04314423502578313
2020-02-26,-0.0033863942239339417
2020-02-27,-0.04685264740530626
2020-02-28,-0.01088207068330127
2020-03-02,0.042868066170364205
2020-03-03,-0.008730461155307845
2020-03-04,0.04146804736267584
2020-03-05,-0.03171229260826991
2020-03-06,-0.02601919566302302
2020-03-09,-0.09359206084616467
2020-03-10,0.04060164809426681
2020-03-11,-0.04753414385396204
2020-03-12,-0.09627788698244
2020-03-13,0.07017953231455487
2020-03-16,-0.11008403152340496
2020-03-17,0.06185085308023508
2020-03-18,-0.0639365344021543
2020-03-19,0.02552288213689846
2020-03-20,-0.035790664904863045
2020-03-23,-0.05097737386145773
2020-03-24,0.11760054706445588
2020-03-25,0.02333233340313967
2020-03-26,0.046967321697286124
2020-03-27,-0.03614964114870234
2020-03-30,0.031857093047831686
2020-03-31,-0.013794379163476922
2020-04-01,-0.04507113242088345
2020-04-02,0.015112775608594253
2020-04-03,-0.02404958063813656
2020-04-06,0.07439558568173177
2020-04-07,0.02664953395574199
2020-04-08,0.048936045945682904
2020-04-09,0.04300184247117489
2020-04-13,-0.021975532584430413
2020-04-14,0.012924872375697172
2020-04-15,-0.04593656108329636
2020-04-16,-0.005761238311578043
2020-04-17,0.0401490976894614
2020-04-20,-0.02467164481922468
2020-04-21,-0.02468373931866763
2020-04-22,0.019661024734375365
2020-04-23,0.006974275201540037
2020-04-24,0.015685563942432035
2020-04-27,0.02667470503345104
2020-04-28,0.018558216054089804
2020-04-29,0.02550834587223494
2020-04-30,-0.029736350254391364
2020-05-01,-0.02101005609873241
2020-05-04,0.0035440757499580755
2020-05-05,0.002550287881185387
2020-05-06,-0.0172210202219768
2020-05-07,0.020509881807460717
2020-05-08,0.023999994685306225
2020-05-11,-0.015243981556870567
2020-05-12,-0.015286514891846958
2020-05-13,-0.02102547398096344
2020-05-14,0.012243890633613308
2020-05-15,0.008725159419316286
2020-05-18,0.04560638893032509
2020-05-19,-0.009588313194120346
2020-05-20,0.01594527232757814
2020-05-21,-0.009529113882982054
2020-05-22,-0.0015091170031731327
2020-05-26,0.027394438342050353
2020-05-27,0.010114238814994847
2020-05-28,0.009284510155371128
2020-05-29,0.00018024658623483347
2020-06-01,0.006853355071595679
2020-06-02,0.01809046168468198
2020-06-03,0.022695202310589302
2020-06-04,0.003612433166032991
2020-06-05,0.025540264730046003
2020-06-08,0.0013368797565078694
2020-06-09,-0.012184925347921038
2020-06-10,-0.011321304796073073
2020-06-11,-0.0772517413324707
2020-06-12,0.019447975925389827
2020-06-15,0.010537779262053126
2020-06-16,0.02085593790200435
2020-06-17,-0.008277582296864705
2020-06-18,0.0007103760170890094
2020-06-19,-0.003016822729188351
2020-06-22,0.0037047148905842153
2020-06-23,0.0023181462075960724
2020-06-24,-0.029176450106452534
2020-06-25,0.012461229781856709
2020-06-26,-0.013755616784922986
2020-06-29,0.019453181012806686
2020-06-30,0.014401373344513635
2020-07-01,0.002129470131496003
2020-07-02,0.01877094822996561
2020-07-06,0.014253579728124466
2020-07-07,0.000342456611523545
2020-07-08,-0.014219375219400643
2020-07-09,-0.009385023948976334
2020-07-10,0.017368649490763666
2020-07-13,0.0
2020-07-14,0.02517671809932298
2020-07-15,0.016821032053449425
2020-07-16,0.003308469109565282
2020-07-17,0.008408912140434932
2020-07-20,-0.008665860414579618
2020-07-21,0.008741614021487987
2020-07-22,0.011608784341407885
2020-07-23,-0.003071015015956746
2020-07-24,-0.003404580444973271
2020-07-27,0.014478461267905862
2020-07-28,-0.02196913042362758
2020-07-29,0.008197976752551073
2020-07-30,-0.019352557835509265
2020-07-31,0.000995058959489592
2020-08-03,-0.005632875212263633
2020-08-04,0.014161678504736264
2020-08-05,0.014621388026025306
2020-08-06,-0.004209898112762511
2020-08-07,0.003414751885061351
2020-08-10,0.009723094355333473
2020-08-11,-0.0017656081780427213
2020-08-12,0.005948576281052498
2020-08-13,-0.00015971375182755043
2020-08-14,0.0011189867402201514
2020-08-17,0.004470808870116194
2020-08-18,-0.004133074086042576
2020-08-19,-0.0028732030910985085
2020-08-20,-0.00352169862181706
2020-08-21,-0.00578305952215985
2020-08-24,0.01761197239072354
2020-08-25,-0.003969672500506616
2020-08-26,0.010521238894941387
2020-08-27,-0.002681614067119309
2020-08-28,0.011863272128169733
2020-08-31,-0.015319655459438142
2020-09-01,0.028099586834420043
2020-09-02,0.02269945502981252
2020-09-03,-0.027631351315908104
2020-09-04,0.000621424263663295
2020-09-08,-0.018777230363447694
2020-09-09,0.02577880473502625
2020-09-10,-0.009404890937447452
2020-09-11,0.012762711771731272
2020-09-14,0.014446108797149249
2020-09-15,0.004847510126204213
2020-09-16,0.0007538114283249797
2020-09-17,0.007382080835991456
2020-09-18,-0.01719783882293968
2020-09-21,-0.03366342474687978
2020-09-22,0.0018983323493879656
2020-09-23,-0.02936983064591503
2020-09-24,0.007157945986199676
2020-09-25,0.008883927477809639
2020-09-28,0.016170366031203587
2020-09-29,-0.007405312911109463
2020-09-30,0.010158835155364532
2020-10-01,-0.014141922726101375
2020-10-02,0.008925672708950172
2020-10-05,0.01911519457543953
2020-10-06,-0.012556159705052083
2020-10-07,0.0257455871429928
2020-10-08,0.010101019869992012
2020-10-09,0.007727387477152625
2020-10-12,-0.0016538985856320298
2020-10-13,-0.008885548809483446
2020-10-14,0.0028870037524200143
2020-10-15,-0.0028786929550566054
2020-10-16,0.006989904737006114
2020-10-19,-0.011619344184301439
2020-10-20,0.0022900990680416733
2020-10-21,-0.0038079610970772615
2020-10-22,0.0055044864540625404
2020-10-23,0.003649632698413008
2020-10-26,-0.02499992819065666
2020-10-27,-0.009479389091488044
2020-10-28,-0.028239670144695084
2020-10-29,0.02066523423729727
2020-10-30,-0.0006329216410622118
2020-11-02,0.033238428312035495
2020-11-03,0.015625037309028533
2020-11-04,-0.017043661658776244
2020-11-05,0.04081633048837485
2020-11-06,0.0025063231027726562
2020-11-09,0.022499894834538958
2020-11-10,0.011793516725562947
2020-11-11,-0.014925458043965611
2020-11-12,-0.021067901631210195
2020-11-13,0.017246582801183852
2020-11-16,0.019707192014345454
2020-11-17,-0.0036945492093803933
2020-11-18,-0.008272822081657583
2020-11-19,0.0041707648145128395
2020-11-20,-0.0008592162680532978
2020-11-23,0.0083139063384432
2020-11-24,0.024879507432408854
2020-11-25,-0.01040387964570988
2020-11-27,0.005186592737494555
2020-11-30,-0.010040726415819212
2020-12-01,0.010987383273740381
2020-12-02,-0.01281841772348058
2020-12-03,-0.0069160914406076746
2020-12-04,0.02018181325028423
2020-12-07,-0.00654764671607011
2020-12-08,0.005609405984287941
2020-12-09,0.0005577528587330516
2020-12-10,-0.006132448534674539
2020-12-11,-0.005749655903263262
2020-12-14,-0.012693823656673486
2020-12-15,0.01814266636254147
2020-12-16,-0.0028059820913675093
2020-12-17,0.01153790661482379
2020-12-18,0.0044512025536840305
2020-12-21,-0.0053026272187139956
2020-12-22,-0.006156365489771942
2020-12-23,0.0014082274428366404
2020-12-24,0.006326049434460135
2020-12-28,-0.003911709078847414
2020-12-29,-0.0023838981402678483
2020-12-30,0.01377700227856593
2020-12-31,0.003883307995701024
2021-01-04,-0.009531913158878802
2021-01-05,0.022454742712138653
2021-01-06,0.04092216330897758
2021-01-07,0.007469119363525678
2021-01-08,-0.004812146045055643
2021-01-11,0.0
2021-01-12,0.012678061288838416
2021-01-13,-0.01019649954050672
2021-01-14,-0.0033900091260226084
2021-01-15,-0.01426167926183608
2021-01-19,0.00345108776087355
2021-01-20,0.0033069197462032296
2021-01-21,-0.014634240696784429
2021-01-22,-0.004816668769893062
2021-01-25,-0.005243275565026129
2021-01-26,-0.013785524242084013
2021-01-27,-0.029464297819079
2021-01-28,0.01722691642209151
2021-01-29,-0.019433539028200886
2021-02-01,0.011749457264537355
2021-02-02,0.013152395324953492
2021-02-03,0.0019334355838520612
2021-02-04,-0.003583456518262307
2021-02-05,0.017152739425925656
2021-02-08,0.008295946843914326
2021-02-09,-0.007418264748892622
2021-02-10,-0.001087072180362414
2021-02-11,0.0009521947810282594
2021-02-12,0.010328703438370113
2021-02-16,-0.0018833532213178295
2021-02-17,-0.0005387288777999322
2021-02-18,-0.006203243498673627
2021-02-19,0.018317852606064333
2021-02-22,0.0038640049008853428
2021-02-23,0.00345108776087355
2021-02-24,0.008730401205218064
2021-02-25,-0.023079246114385832
2021-02-26,-0.012751500970938467
2021-03-01,0.0252886861694519
2021-03-02,0.005569890395452193
2021-03-03,-0.009890666454686947
2021-03-04,-0.019446076911317833
2021-03-05,0.022955871027046992
2021-03-08,0.013411200101526521
2021-03-09,0.006158401711196859
2021-03-10,0.016538204803416168
2021-03-11,0.005380910371717951
2021-03-12,0.0026757885045998187
2021-03-15,0.0011436148649477396
2021-03-16,-0.008250608906622214
2021-03-17,0.00895942927485871
2021-03-18,-0.005582104000254384
2021-03-19,-0.004975059463714349
2021-03-22,0.0006181397079576545
2021-03-23,-0.020844144453719293
2021-03-24,0.007227748569046399
2021-03-25,0.014481050577864307
2021-03-26,0.024820103875088817
2021-03-29,-0.0033882129120224036
2021-03-30,-0.0028962158824518136
2021-03-31,-0.004924542601689619
2021-04-01,0.008756055697104248
2021-04-05,0.0123286428189886
2021-04-06,0.0022368797679976904
2021-04-07,-0.0172347329322885
2021-04-08,0.0012616470360722332
2021-04-09,0.008694479448957848
2021-04-12,0.0034976032912532595
2021-04-13,-0.0023650754933718376
2021-04-14,0.007237368045698078
2021-04-15,0.011769171419056201
2021-04-16,0.012121811205062283
2021-04-19,-0.004597120933963805
2021-04-20,-0.009601569856164116
2021-04-21,0.01816187807664127
2021-04-22,-0.016873560937658683
2021-04-23,0.016427695480150106
2021-04-26,0.005909994448775935
2021-04-27,-0.0026376809389062617
2021-04-28,0.0027649961067843787
2021-04-29,0.006233988770933063
2021-04-30,-0.010603960741721208
2021-05-03,0.014932569690854658
2021-05-04,0.010916229464092098
2021-05-05,0.01267597712045121
2021-05-06,0.008460629658406882
2021-05-07,0.009884047099623094
2021-05-10,-0.004438368903465828
2021-05-11,0.003314867670597188
2021-05-12,-0.025179384974227337
2021-05-13,0.015310924017167382
2021-05-14,0.011971864825072842
2021-05-17,0.008759025239474028
2021-05-18,-0.011050916911858666
2021-05-19,-0.015279250635417796
2021-05-20,0.0005787676473620884
2021-05-21,0.0021989530819157554
2021-05-24,0.008891328951503574
2021-05-25,-0.008469742735350727
2021-05-26,0.0003465445575736581
2021-05-27,0.007962079810965417
2021-05-28,-0.0010304906528992852
2021-06-01,0.013981273789859472
2021-06-02,-0.008363487455099072
2021-06-03,-0.00022769461062177587
2021-06-04,0.002165637635860307
2021-06-07,-0.012171353743423707
2021-06-08,0.0018423578488828696
2021-06-09,-0.007816005524202363
2021-06-10,-0.006024120273113054
2021-06-11,0.00372976830327465
2021-06-14,-0.012308681395232113
2021-06-15,-0.002116173311659586
2021-06-16,-0.011074530203411759
2021-06-17,-0.02227784785683884
2021-06-18,-0.016205443372092843
2021-06-21,0.020760988070166242
2021-06-22,0.004021474878444176
2021-06-23,-0.006432902529334039
2021-06-24,0.003176299122080284
2021-06-25,0.0001215683142563595
2021-06-28,0.0
2021-06-29,-0.0004869226206982713
2021-06-30,0.0026797334726396116
2021-07-01,0.005467340020619993
2021-07-02,0.0014500496222911163
2021-07-06,-0.014840860894898666
2021-07-07,0.01041030065638937
2021-07-08,-0.013575710140885655
2021-07-09,0.019660999567526538
2021-07-12,0.003253735795771817
2021-07-13,-0.009129260041776721
2021-07-14,-0.002060818065467096
2021-07-15,0.00012177785981570821
2021-07-16,-0.0150614610513784
2021-07-19,-0.021457651567741376
2021-07-20,0.011342049461228854
2021-07-21,0.010965633488163151
2021-07-22,0.0003700774929156214
2021-07-23,0.007023033205547424
2021-07-26,0.008442377832004855
2021-07-27,0.0013347037394397798
2021-07-28,0.002907979549466644
2021-07-29,0.010994218881105189
2021-07-30,0.004063022846482189
2021-08-02,-0.012139744480272663
2021-08-03,0.010361454108803292
2021-08-04,-0.009539829578992798
2021-08-05,-0.0014448122164442134
2021-08-06,0.014468325638801405
2021-08-09,-0.0011884735257889911
2021-08-10,0.015112068032693271
2021-08-11,0.01406637679645617
2021-08-12,-0.0016184720275013165
2021-08-13,0.0009261341823394442
2021-08-16,-0.004973978199879547
2021-08-17,-0.011509029998465481
2021-08-18,-0.011642834462899487
2021-08-19,-0.008924454298521178
2021-08-20,0.005883251147458468
2021-08-23,0.008593777904775557
2021-08-24,0.0062721729577268626
2021-08-25,0.004586825916465864
2021-08-26,-0.006907309071743972
2021-08-27,0.013203027661783384
2021-08-30,-0.0010470044656780697
2021-08-31,-0.002911856533389101
2021-09-01,-0.002569648993618112
2021-09-02,0.006440916117982587
2021-09-03,-0.006632412437376556
2021-09-07,-0.006559949508290974
2021-09-08,-0.009550586410886575
2021-09-09,0.0003571362835621539
2021-09-10,-0.0002378080115778003
2021-09-13,-0.00023826035900731402
2021-09-14,-0.010953582293590669
2021-09-15,0.010593379340543718
2021-09-16,-0.010839882998654127
2021-09-17,-0.020592108325462877
2021-09-20,-0.019215914013046786
2021-09-21,-0.0023924128063591565
2021-09-22,0.01034971334594914
2021-09-23,0.014241195365069625
2021-09-24,-0.0014781799497800563
2021-09-27,0.007770988744260743
2021-09-28,-0.012362159665798789
2021-09-29,-0.004089389311708658
2021-09-30,-0.01555528915671589
2021-10-01,0.015927247117133225
2021-10-04,-0.004354977129959803
2021-10-05,0.008872888062025464
2021-10-06,-0.0018580226308878567
2021-10-07,0.013030369136960429
2021-10-08,-0.005512511152567123
2021-10-11,0.00012315435410292785
2021-10-12,0.0013547349515603546
2021-10-13,0.007503058790570671
2021-10-14,0.024294960347708283
2021-10-15,0.0029798332524453297
2021-10-18,-0.0007132398240387028
2021-10-19,0.005232747886015909
2021-10-20,0.00804446775540435
2021-10-21,-0.0025819351372204924
2021-10-22,-0.001882622989579641
2021-10-25,0.010020244198695627
2021-10-26,0.0028010473935131674
2021-10-27,-0.014315583196889414
2021-10-28,0.009918561007319804
2021-10-29,-0.004793683871547105
2021-11-01,0.0023493683745050564
2021-11-02,0.011369228314331403
2021-11-03,0.010429913465622942
2021-11-04,-0.0005735165219649119
2021-11-05,0.007803616766093979
2021-11-08,0.012525435561610454
2021-11-09,0.004611115914809227
2021-11-10,-0.006828689538474708
2021-11-11,0.008002520179110295
2021-11-12,0.007492000256532183
2021-11-15,-0.004550542110656086
2021-11-16,-0.0027872834690172432
2021-11-17,-0.006596915350782884
2021-11-18,-0.004276621554668236
2021-11-19,-0.0018084757567239373
2021-11-22,0.0015853300923223124
2021-11-23,0.001017474188165668
2021-11-24,-0.007115360330031684
2021-11-26,-0.017176611339368986
2021-11-29,0.004629700584852792
2021-11-30,-0.02476982010861295
2021-12-01,-0.0101592661237897
2021-12-02,0.020408149154831134
2021-12-03,-0.0022222852483837485
2021-12-06,0.014652232488077788
2021-12-07,0.015249813507791643
2021-12-08,0.004210059201132266
2021-12-09,-0.0055523346814738694
2021-12-10,0.006153315433590878
2021-12-13,-0.006002459807860516
2021-12-14,-0.0010253571753550128
2021-12-15,0.002167032542583769
2021-12-16,0.010242278332387889
2021-12-17,-0.012504017140545498
2021-12-20,-0.017863448276382976
2021-12-21,0.012608013965752729
2021-12-22,0.007954625068802734
2021-12-23,0.010065421946217734
2021-12-27,0.015060504971463162
2021-12-28,0.005801069877124698
2021-12-29,0.004103817738725368
2021-12-30,-0.003534835254774271
2021-12-31,0.004434081377661547
2022-01-03,-0.013022959508239063
2022-01-04,0.012300354157606552
2022-01-05,-0.00011069668326535442
2022-01-06,-0.012593619326269234
2022-01-07,-0.0008950328670072061
2022-01-10,-0.010190568884983264
2022-01-11,0.01097416258171835
2022-01-12,0.01007158180303569
2022-01-13,-0.007755161471136085
2022-01-14,-0.008486228198977375
2022-01-18,-0.013175552619494657
2022-01-19,-0.0025106588830414722
2022-01-20,-0.014529194704529624
2022-01-21,-0.024378826219321303
2022-01-24,0.0005947565206920746
2022-01-25,-0.009037765350261462
2022-01-26,-0.010440496168142022
2022-01-27,0.003395353296091974
2022-01-28,0.005801762563046209
2022-01-31,0.014779923407996831
2022-02-01,0.015393568050850348
2022-02-02,0.0031489838496461253
2022-02-03,-0.017438023570045313
2022-02-04,-0.01656406518729714
2022-02-07,-0.004932668300025034
2022-02-08,0.015475780389751836
2022-02-09,0.021788402577936905
2022-02-10,-0.005826317179748575
2022-02-11,-0.015471033120461053
2022-02-14,-0.00821419549202973
2022-02-15,0.018364951746559388
2022-02-16,0.00730805993744732
2022-02-17,-0.017084103248864446
2022-02-18,-0.001666601476972951
2022-02-22,-0.014190301294246144
2022-02-23,-0.012821973718967983
2022-02-24,-0.0029407437856923124
2022-02-25,0.03649981030424887
2022-02-28,-0.011382708359165772
2022-03-01,-0.02302703861113864
2022-03-02,0.021973931871895447
2022-03-03,0.0012013945118052316
2022-03-04,-0.0034794287014980885
2022-03-07,-0.034673577317783755
2022-03-08,-0.005113741281026485
2022-03-09,0.030963926499681715
2022-03-10,0.002675207679542213
2022-03-11,-0.007397458353222142
2022-03-14,-0.0014661110340926653
2022-03-15,0.01150138196930306
2022-03-16,0.015725110971838818
2022-03-17,0.019173597548227228
2022-03-18,0.006076085195281911
2022-03-21,0.008312241823469346
2022-03-22,0.005434159380825365
2022-03-23,-0.004599900624788433
2022-03-24,0.020101940308027144
2022-03-25,0.011211796379158034
2022-03-28,-0.004479958339814405
2022-03-29,0.00843736491153324
2022-03-30,-0.0033465987426459787
2022-03-31,-0.0133200530708526
2022-04-01,0.010550206802293793
2022-04-04,0.00022452142310114276
2022-04-05,-0.007968629299637486
2022-04-06,-0.01153960882977667
2022-04-07,0.006523910143351186
2022-04-08,0.0061406632225990965
2022-04-11,-0.004973058773734995
2022-04-12,0.00022717365963353942
2022-04-13,0.014762747808057863
2022-04-14,-0.003357176640976234
2022-04-18,0.0008982872944207632
2022-04-19,0.009423551534805785
2022-04-20,0.006334673642730548
2022-04-21,-0.016344586859535215
2022-04-22,-0.03738654663831742
2022-04-25,-0.002798924902069233
2022-04-26,-0.015438686043142247
2022-04-27,0.014730219813096745
2022-04-28,0.01580426460258466
2022-04-29,-0.020053005237368193
2022-05-02,-0.00305751123544451
2022-05-03,0.01120670842496696
2022-05-04,0.03243099845086794
2022-05-05,-0.030960466913503737
2022-05-06,-0.01434223290313874
2022-05-09,-0.03158641609515822
2022-05-10,-0.006230163076783368
2022-05-11,0.0004917115444209585
2022-05-12,-0.0018430120612716872
2022-05-13,0.01538648894766359
2022-05-16,-0.0018183362362667044
2022-05-17,0.02829702556385527
2022-05-18,-0.031061571941931265
2022-05-19,0.0070699521583537095
2022-05-20,-0.0024207653610123225
2022-05-23,0.018320532427440916
2022-05-24,-0.00571896175479758
2022-05-25,0.004433874197236953
2022-05-26,0.01837274605428285
2022-05-27,0.023430125377768007
2022-05-31,-0.015224449945436147
2022-06-01,-0.009996696819945416
2022-06-02,0.027592099040361084
2022-06-03,-0.009712244242204071
2022-06-06,0.009461350094279286
2022-06-07,0.0072007677568382
2022-06-08,-0.02076705304502202
2022-06-09,-0.02364126337469452
2022-06-10,-0.030623027363692268
2022-06-13,-0.03905974160130932
2022-06-14,-0.0076452960611865795
2022-06-15,-0.00025681007546618506
2022-06-16,-0.03609013588616283
2022-06-17,-0.0017324285951172413
2022-06-21,0.015120152246134166
2022-06-22,-0.012842766636183445
2022-06-23,-0.013680223305092332
2022-06-24,0.039706155570836676
2022-06-27,-0.008239482235820828
2022-06-28,-0.01068183065955397
2022-06-29,-0.007198037025364479
2022-06-30,-0.01181519672414122
2022-07-01,0.0070650428049230385
2022-07-05,-0.02010266885830747
2022-07-06,0.006333687504430863
2022-07-07,0.008892926511856025
2022-07-08,-0.009763942037055773
2022-07-11,-0.0027388312876802656
2022-07-12,-0.001922682110777174
2022-07-13,-0.0057785973309718575
2022-07-14,-0.01840573664212508
2022-07-15,0.015649225240275344
2022-07-18,0.0023599071598703336
2022-07-19,0.030466772362555794
2022-07-20,0.0017470335685338956
2022-07-21,0.014220334299834603
2022-07-22,-0.00714292180321352
2022-07-25,0.004130153397789549
2022-07-26,-0.006766600807305068
2022-07-27,0.0120224047029589
2022-07-28,0.01768747792076364
2022-07-29,0.013359090192932355
2022-08-01,-0.008063366553035411
2022-08-02,-0.010193677453741001
2022-08-03,0.001043067504236106
2022-08-04,0.0006511185456958835
2022-08-05,0.0035139855394543673
2022-08-08,0.005576359397409192
2022-08-09,-0.00490072053473567
2022-08-10,0.028382383033880965
2022-08-11,0.003402728836363389
2022-08-12,0.018839771333893474
2022-08-15,-0.0006165640499470326
2022-08-16,0.005550490003017883
2022-08-17,-0.013738716139423568
2022-08-18,0.003109516258738898
2022-08-19,-0.018351058510155727
2022-08-22,-0.015915092066915104
2022-08-23,0.009883100003565959
2022-08-24,0.002160645538674899
2022-08-25,0.022701617507037808
2022-08-26,-0.030630008966571087
2022-08-29,-0.007036069798095901
2022-08-30,-0.01636190047142949
2022-08-31,-0.012311404455577213
2022-09-01,-0.013128222458731131
2022-09-02,-0.0009408366571156401
2022-09-06,-0.0030935271743531834
2022-09-07,0.027657959826318912
2022-09-08,0.00971525001179252
2022-09-09,0.015082548829990161
2022-09-12,0.009350551932083118
2022-09-13,-0.035659835629128556
2022-09-14,-0.012238709733447428
2022-09-15,-0.013189333521473778
2022-09-16,-0.01579580929887847
2022-09-19,0.01655402328267508
2022-09-20,-0.01899861675127179
2022-09-21,-0.0218563655706544
2022-09-22,-0.012021004706730731
2022-09-23,-0.020469388573963965
2022-09-26,-0.01622105706058674
2022-09-27,0.0022280008830652953
2022-09-28,0.02578940925509099
2022-09-29,-0.014737705848716809
2022-09-30,-0.0026398700452092694
2022-10-03,0.03249535638529344
2022-10-04,0.03674154082044101
2022-10-05,-0.011263484410064528
2022-10-06,-0.010558584601317533
2022-10-07,-0.02471206361076228
2022-10-10,0.0021592412738975497
2022-10-11,-0.00775724195849381
2022-10-12,-0.0075286442587445546
2022-10-13,0.029321570904889738
2022-10-14,-0.03373004778737265
2022-10-17,0.024933913366058214
2022-10-18,0.019604815245440665
2022-10-19,-0.011789249819666003
2022-10-20,-0.007243265185520653
2022-10-21,0.03462072313017983
2022-10-24,-0.005807411310729482
2022-10-25,0.024756657078339073
2022-10-26,0.007057373693792224
2022-10-27,-0.0025604524896363223
2022-10-28,0.00999860215290349
2022-10-31,-0.008963110688526621
2022-11-01,0.0025645994507070835
2022-11-02,-0.0259863874490609
2022-11-03,0.007603252066754829
2022-11-04,0.03470968672688013
2022-11-07,0.007823067139874018
2022-11-08,0.017234276831953332
2022-11-09,-0.01616651720176987
2022-11-10,0.05534384131297165
2022-11-11,0.012082949775657825
2022-11-14,-0.0013540525306573459
2022-11-15,-0.0014788969138360697
2022-11-16,-0.009750657974928134
2022-11-17,-0.009597357311192933
2022-11-18,0.006669825927320794
2022-11-21,0.003375661269558572
2022-11-22,0.02267619977125146
2022-11-23,0.003898692043105223
2022-11-25,-0.00036407064209265094
2022-11-28,-0.022338355921867947
2022-11-29,0.003352824071200411
2022-11-30,0.02413380116818331
2022-12-01,0.0012083052925964122
2022-12-02,0.010983755381039906
2022-12-05,-0.019818502317686226
2022-12-06,-0.00889168736910495
2022-12-07,-0.0022120750544382117
2022-12-08,0.007390030378940926
2022-12-09,-0.009903221198981016
2022-12-12,0.008644008873704756
2022-12-13,0.01383434159251884
2022-12-14,-0.010747418973929057
2022-12-15,-0.0305176509191738
2022-12-16,-0.004281023573477483
2022-12-19,-0.012994279959779975
2022-12-20,0.0065760862006294385
2022-12-21,0.00871103798578865
2022-12-22,-0.009651728751828959
2022-12-23,0.0069246366049595665
2022-12-27,0.0008916491490789102
2022-12-28,-0.015269177857146987
2022-12-29,0.010854148176939304
2022-12-30,-0.007030402829282356
2023-01-03,-0.0010300910730656199
2023-01-04,0.017397041821401782
2023-01-05,-0.015832684313547785
2023-01-06,0.034362682698013236
2023-01-09,0.006345749346456264
2023-01-10,0.01001487337725182
2023-01-11,0.01566896769722015
2023-01-12,0.0037362942476513172
2023-01-13,0.006123819870253344
2023-01-17,-0.010025189057222605
2023-01-18,-0.014104559586698873
2023-01-19,-0.007703665995798414
2023-01-20,0.02008609858318522
2023-01-23,0.003261896573200085
2023-01-24,0.000601972504268522
2023-01-25,0.002045823898159993
2023-01-26,0.004803346595999791
2023-01-27,-0.0032268150233242254
2023-01-30,-0.006834518070637952
2023-01-31,0.021972682537359622
2023-02-01,0.006615590211288547
2023-02-02,-0.0031686849589013244
2023-02-03,-0.018012706121960487
2023-02-06,-0.011029994679840338
2023-02-07,0.013456154575064216
2023-02-08,-0.008014192850927082
2023-02-09,-0.014469993607586606
2023-02-10,0.003670562893179685
2023-02-13,0.00524186671685456
2023-02-14,0.0023041753551142907
2023-02-15,0.004355938629443834
2023-02-16,-0.011324203817826728
2023-02-17,-0.009382116152677256
2023-02-21,-0.016482227221396806
2023-02-22,0.007503731178762463
2023-02-23,0.0011173615280526406
2023-02-24,0.006695488893648349
2023-02-27,0.0033255778816156933
2023-02-28,0.004541900900890239
2023-03-01,0.007821229160184906
2023-03-02,0.011398159752848303
2023-03-03,0.014266770927513273
2023-03-06,-0.01619371835844996
2023-03-07,-0.01970453116113191
2023-03-08,0.004902646531368848
2023-03-09,-0.025734884460198892
2023-03-10,-0.02128191279252556
2023-03-13,-0.010232972843858379
2023-03-14,0.012794213867619142
2023-03-15,-0.03241038071346225
2023-03-16,0.011472738896949775
2023-03-17,-0.015514885375977783
2023-03-20,0.020576569047469295
2023-03-21,0.012120276510258599
2023-03-22,-0.017769824167584214
2023-03-23,-0.0011796734737790082
2023-03-24,0.008137663490647595
2023-03-27,0.007420788474817863
2023-03-28,0.00478170028139413
2023-03-29,0.013890803005903063
2023-03-30,0.006849991917503573
2023-03-31,0.016253027859895575
2023-04-03,0.006322676902605684
2023-04-04,-0.014414039752204788
2023-04-05,-0.0022500374672311807
2023-04-06,-0.002380217028883469
2023-04-10,0.004772093893954166
2023-04-11,0.0077487365156128085
2023-04-12,0.0007442849442427235
2023-04-13,0.010286297851512138
2023-04-14,-0.007237619221537317
2023-04-17,0.0058076294778739435
2023-04-18,0.004176831507583856
2023-04-19,-0.0028136617066201186
2023-04-20,-0.0011040789863356881
2023-04-21,-0.008843280485871019
2023-04-24,0.006815402469939169
2023-04-25,-0.021661615551352487
2023-04-26,-0.011825271749459243
2023-04-27,0.013621897309606501
2023-04-28,0.011680542860079246
2023-05-01,-0.0004964836718062138
2023-05-02,-0.009688430653813529
2023-05-03,-0.011037289942891104
2023-05-04,-0.00646781445623712
2023-05-05,0.016849534150068957
2023-05-08,-0.0032638029255006584
2023-05-09,-0.009068160692571658
2023-05-10,0.0006356093410533337
2023-05-11,-0.009780333892158155
2023-05-12,0.0017958341458912397
2023-05-15,0.008450605655300425
2023-05-16,-0.0165058007091039
2023-05-17,0.006584187995499313
2023-05-18,0.0058997229041064525
2023-05-19,0.0025499279134950648
2023-05-22,-0.005214291181846575
2023-05-23,-0.01546933361885372
2023-05-24,-0.011426817116289678
2023-05-25,-0.0035466237857497696
2023-05-26,0.005009146388167185
2023-05-30,-0.005377645657753782
2023-05-31,-0.010682071018212058
2023-06-01,0.013329920472581414
2023-06-02,0.03354390852176925
2023-06-05,-0.0007635949429736222
2023-06-06,0.006368528178596122
2023-06-07,0.011897313676037635
2023-06-08,-0.0036273717102697223
2023-06-09,-0.008285316800461073
2023-06-12,0.004557139957182876
2023-06-13,0.023185251762234627
2023-06-14,-0.004186922639988877
2023-06-15,0.008533342636859897
2023-06-16,0.00245217415232335
2023-06-20,-0.01353376706744791
2023-06-21,0.0032399947447725452
2023-06-22,-0.0023601867228055795
2023-06-23,-0.0080926306441238
2023-06-26,0.010418097316058361
2023-06-27,0.014161494055356716
2023-06-28,-0.006859372269309549
2023-06-29,0.012580025601897304
2023-06-30,0.00937875692322998
2023-07-03,0.0037408780549397225
2023-07-05,-0.024645276630391844
2023-07-06,-0.007272403411364703
2023-07-07,0.008691296909520085
2023-07-10,-0.000246110192574589
2023-07-11,0.00984987510294344
2023-07-12,0.013167549209484264
2023-07-13,0.007821805525044523
2023-07-14,-0.005850654657393095
2023-07-17,0.0009606525195600124
2023-07-18,0.007799473444870975
2023-07-19,-0.005357737512452165
2023-07-20,0.0023940115058043165
2023-07-21,0.00011942898089944975
2023-07-24,0.0031044970212026346
2023-07-25,0.01797410796597121
2023-07-26,-0.003390979613742462
2023-07-27,-0.006453105248693358
2023-07-28,0.006967242835871357
2023-07-31,0.005277405400228474
2023-08-01,-0.004433101183524912
2023-08-02,-0.01242091085869701
2023-08-03,-0.006169854044499656
2023-08-04,-0.002268418330465427
2023-08-07,0.006581383399843155
2023-08-08,-0.010580119936152377
2023-08-09,-0.0040851792403174825
2023-08-10,0.0007239220642669686
2023-08-11,-0.0027726425423626466
2023-08-14,0.0021758433948093625
2023-08-15,-0.016284549784225333
2023-08-16,-0.006744404063385168
2023-08-17,-0.001975305821884543
2023-08-18,-0.0001237132929636786
2023-08-21,0.00012372859983633688
2023-08-22,-0.0008658943958075316
2023-08-23,0.001609567869387707
2023-08-24,-0.00420273773386548
2023-08-25,0.002979042556393141
2023-08-28,0.0073022045292401305
2023-08-29,0.01658647144793801
2023-08-30,0.002296576004318318
2023-08-31,-0.00048247802715051247
2023-09-01,0.011219733630547957
2023-09-05,-0.018492111556665858
2023-09-06,-0.0021878422896177696
2023-09-07,-0.004507205524802438
2023-09-08,0.0009789511354945102
2023-09-11,0.004278856616038329
2023-09-12,-0.0023129722844273948
2023-09-13,-0.005856604416911382
2023-09-14,0.014114008915110388
2023-09-15,-0.011134002986646574
2023-09-18,-0.004156390943979238
2023-09-19,-0.0008644649339404342
2023-09-20,-0.010505567821457729
2023-09-21,-0.02010978762713611
2023-09-22,-0.0010199226372340497
2023-09-25,0.007911078000591765
2023-09-26,-0.014432006218576987
2023-09-27,-0.00012856213195777677
2023-09-28,0.010791226795426212
2023-09-29,-0.0016518616152553234
2023-10-02,-0.013240092665391057
2023-10-03,-0.0027093946639497046
2023-10-04,0.01177233304080394
2023-10-05,-0.012146630289661564
2023-10-06,0.009448485142980578
2023-10-09,0.0012820922508016697
2023-10-10,0.010628715674918743
2023-10-11,0.0024076521097580184
2023-10-12,-0.014916069518563724
2023-10-13,-0.003721317728201612
2023-10-16,0.009788973185209882
2023-10-17,0.009821434627588
2023-10-18,-0.02589365979077063
2023-10-19,-0.011670236019856062
2023-10-20,-0.012070245094328191
2023-10-23,-0.011155443324890046
2023-10-24,0.011818525923657397
2023-10-25,-0.011680479869518812
2023-10-26,0.006983732551727684
2023-10-27,-0.0004002375384914991
2023-10-30,0.010273629161751785
2023-10-31,0.004490193209228721
2023-11-01,0.0005258291252567826
2023-11-02,0.019316854401334904
2023-11-03,0.015727688241631954
2023-11-06,-0.0049498736768303075
2023-11-07,-0.019387852517108395
2023-11-08,0.0031218402452790617
2023-11-09,-0.008558111330680074
2023-11-10,0.0117709733199991
2023-11-13,-0.0014220121739015879
2023-11-14,0.029514454696507375
2023-11-15,0.004400831005274997
2023-11-16,0.0030044961124773284
2023-11-17,0.0018723089274066407
2023-11-20,0.0017440248510192102
2023-11-21,0.0038553844398385717
2023-11-22,0.0006193655215271932
2023-11-24,0.004333268084223185
2023-11-27,-0.001232916532988959
2023-11-28,0.0019748468829963173
2023-11-29,0.005173816799095121
2023-11-30,0.009926507814399077
2023-12-01,0.01140642150913651
2023-12-04,-0.011637828092974645
2023-12-05,-0.013716720797207538
2023-12-06,-0.0020924382972475897
2023-12-07,0.006783358643058124
2023-12-08,0.003675057872170928
2023-12-11,0.007079463926150664
2023-12-12,0.0058172626890329315
2023-12-13,0.012170233887731419
2023-12-14,0.016547520262510718
2023-12-15,-0.002576389607960805
2023-12-18,0.001548913458782275
2023-12-19,0.009207834959421124
2023-12-20,-0.015323341196823326
2023-12-21,0.010572439822110757
2023-12-22,0.006230217579066277
2023-12-26,0.00467298970515051
2023-12-27,0.0024418398437910938
2023-12-28,-0.003827869132735473
2023-12-29,-0.003959044807132273
2024-01-02,-0.001753577206279
2024-01-03,-0.010774031484518276
2024-01-04,-0.003196254147646904
2024-01-05,0.0016624127347986128
2024-01-08,0.0042686154989171055
2024-01-09,-0.011452153669503029
2024-01-10,-0.0013136547135540466
2024-01-11,-0.002989797418814777
2024-01-12,0.0009595966328463934
2024-01-16,-0.011504025828166786
2024-01-17,-0.007273465961990966
2024-01-18,0.00317490873075843
2024-01-19,0.0009738475401859237
2024-01-22,0.002918604399272162
2024-01-23,0.0032737672838312193
2024-01-24,-0.013536266832573918
2024-01-25,0.010536599837011495
2024-01-26,0.00036380340549424517
2024-01-29,0.004969025386287074
2024-01-30,0.004582868476627144
2024-01-31,-0.013085230799509517
2024-02-01,0.01666451106494815
2024-02-02,-0.005862597360638211
2024-02-05,-0.02539415335241413
2024-02-06,0.017658810206406583
2024-02-07,0.008008558887880213
2024-02-08,-0.0013241868670949009
2024-02-09,0.0021698107291905355
2024-02-12,0.007938431084793862
2024-02-13,-0.014081187247905302
2024-02-14,0.00641487106817018
2024-02-15,0.018881556646376252
2024-02-16,0.005311556682809471
2024-02-20,-0.002113415752568293
2024-02-21,0.005530055802278611
2024-02-22,0.01006324819417026
2024-02-23,0.005908250768789314
2024-02-26,-0.005988740905667478
2024-02-27,0.0037075476479551117
2024-02-28,0.0031168330639606
2024-02-29,0.007594859096248463
2024-03-01,0.004568296066705058
2024-03-04,0.007275998783121906
2024-03-05,-0.005304822931040287
2024-03-06,0.007375636689636034
2024-03-07,0.01227753727646963
2024-03-08,-0.005786249328189941
2024-03-11,0.011303930458359535
2024-03-12,-0.00011060519797323476
2024-03-13,0.009850447498986004
2024-03-14,-0.005260781803766212
2024-03-15,0.0004408183171995539
2024-03-18,0.0018236073119293206
2024-03-19,0.00011038874166535706
2024-03-20,0.010038635260579687
2024-03-21,0.004150220767830337
2024-03-22,-0.00619968685930683
2024-03-25,0.000328348453693561
2024-03-26,-0.0007659521961277393
2024-03-27,0.014343589860010608
2024-03-28,0.002698698032704838
2024-04-01,-0.0023683745731670758
2024-04-02,-0.0036689662256285116
2024-04-03,0.005956763132221932
2024-04-04,-0.010120455806517104
2024-04-05,0.009027588721843838
2024-04-08,0.0007543869110018253
2024-04-09,0.002369904388337174
2024-04-10,-0.015581432855153454
2024-04-11,-0.000764024985125844
2024-04-12,-0.017697287524962135
2024-04-15,-0.0047820161048373055
2024-04-16,-0.00771014069466569
2024-04-17,0.0022521060428504214
2024-04-18,0.0003370921163330376
2024-04-19,-0.0007862538168110778
2024-04-22,0.0010117310479864638
2024-04-23,-0.008646849195679818
2024-04-24,0.0006795048422059136
2024-04-25,0.0071316451662919444
2024-04-26,0.006181811826106998
2024-04-29,0.008378088058489386
2024-04-30,-0.018167777558241394
2024-05-01,0.005190117023310847
2024-05-02,-0.005163318794538574
2024-05-03,0.010154538257607149
2024-05-06,0.006031563821389252
2024-05-07,0.011879542623657757
2024-05-08,-0.0046081348971256375
2024-05-09,0.011133197284200147
2024-05-10,0.0011990765954374982
2024-05-13,-0.0006533362134856224
2024-05-14,0.0009807305822446821
2024-05-15,0.0017415468256136712
2024-05-16,-0.007171604688471667
2024-05-17,0.008536715975665077
2024-05-20,0.001410856521329329
2024-05-21,0.0
2024-05-22,-0.009753144124708957
2024-05-23,-0.008863923383193861
2024-05-24,0.008722420508978423
2024-05-28,-0.0038309222581707214
2024-05-29,-0.014284168370707118
2024-05-30,0.008137277123097197
2024-05-31,0.012052208289197397
2024-06-03,-0.005899769305102609
2024-06-04,-0.011100076336167719
2024-06-05,0.006890462987895196
2024-06-06,0.0011036812868028267
2024-06-07,-0.010032929330136775
2024-06-10,-0.0010023787690228714
2024-06-11,-0.0003345490688311248
2024-06-12,0.001895857796826883
2024-06-13,-0.0003338529223582132
2024-06-14,-0.009241693520530614
2024-06-17,0.007417428295339201
2024-06-18,-0.0011155886716890384
2024-06-20,0.0010050020296514806
2024-06-21,0.00011172029094597136
2024-06-24,0.006445058813067339
2024-06-25,-0.012696231401254976
2024-06-26,-0.000676987418332553
2024-06-27,-0.002821927158404125
2024-06-28,-0.00033959309527076265
2024-07-01,-0.015400264278664366
2024-07-02,0.0018400867606884752
2024-07-03,0.0074619533162885165
2024-07-05,0.0015951818560755449
2024-07-08,0.002957902159714143
2024-07-09,-0.010208593465241167
2024-07-10,0.013408048824424146
2024-07-11,0.013683128890617402
2024-07-12,0.009593937117263529
2024-07-15,-0.0025414359869062597
2024-07-16,0.01938629323277352
2024-07-17,-0.002064716419817203
2024-07-18,-0.009909642743508917
2024-07-19,-0.008908914012090818
2024-07-22,0.0033293124706481603
2024-07-23,0.0039817277127642825
2024-07-24,-0.012779520801553979
2024-07-25,0.0027898932314558422
2024-07-26,0.016358765514444595
2024-07-29,0.00175192562044435
2024-07-30,-0.0032790944125619115
2024-07-31,0.010417803302225304
2024-08-01,-0.004015638730961113
2024-08-02,-0.018851458493053586
2024-08-05,-0.022323501964103598
2024-08-06,0.005112012857282355
2024-08-07,-0.013562407108615893
2024-08-08,0.01546746192734294
2024-08-09,-0.0007897617944375712
2024-08-12,-0.0044038313818463015
2024-08-13,0.009980751793526421
2024-08-14,0.0
2024-08-15,0.015833793793249118
2024-08-16,0.001216021832918912
2024-08-19,0.004747797887573846
2024-08-20,-0.0036264172631170766
2024-08-21,0.011470062112872048
2024-08-22,-0.002071780883517227
2024-08-23,0.01322122991208241
2024-08-26,0.004421415623436564
2024-08-27,0.000107419967089184
2024-08-28,-0.004294071524615695
2024-08-29,0.0054986724625198935
2024-08-30,0.010936953376533332
2024-09-03,-0.022698306116728406
2024-09-04,-0.00412413970140435
2024-09-05,-0.007846550960713294
2024-09-06,-0.012631807599862155
2024-09-09,0.009678558198826792
2024-09-10,0.00044077508895590256
2024-09-11,0.0024227644823966443
2024-09-12,0.009228806489791852
2024-09-13,0.009035412588669356
2024-09-16,0.009278413718957657
2024-09-17,0.0019239987490289323
2024-09-18,-0.00426758332895516
2024-09-19,0.015107591559105238
2024-09-20,-0.0070718778853389175
2024-09-23,0.008734482952311495
2024-09-24,0.013655167823646064
2024-09-25,-0.006683396557324306
2024-09-26,0.020710558985885807
2024-09-27,-0.0017508734329703124
2024-09-30,-0.005571673858681625
2024-10-01,-0.002490111131735806
2024-10-02,-0.003848622572250715
2024-10-03,-0.011068089531471648
2024-10-04,0.004856957894341596
2024-10-07,-0.0029422153901503822
2024-10-08,-0.00463690215375423
2024-10-09,0.006352691582817593
2024-10-10,0.0023145479791197854
2024-10-11,0.006507687692088204
2024-10-14,0.005735803745740675
2024-10-15,-0.0010369478117746578
2024-10-16,0.007784898706819421
2024-10-17,0.0015449684730572955
2024-10-18,0.004010753602019745
2024-10-21,-0.007682035360365935
2024-10-22,-0.009186767976114951
2024-10-23,-0.0027084118851686823
2024-10-24,-0.012221968963402663
2024-10-25,-0.006345219125423962
2024-10-28,0.008301442878312804
2024-10-29,-0.006438710887761601
2024-10-30,0.005418124108349964
2024-10-31,-0.013208004215168323
2024-11-01,-0.0027839811138240522
2024-11-04,0.0044024155588837655
2024-11-05,0.001496701242509113
2024-11-06,0.013770238733867624
2024-11-07,0.0038959544904138
2024-11-08,-0.009125149111412267
2024-11-11,-0.004340052253939186
2024-11-12,-0.01701039226597134
2024-11-13,0.002379383535063173
2024-11-14,-0.008200223007375329
2024-11-15,-0.006962598846486201
2024-11-18,0.007778252912273187
2024-11-19,-0.003261245362271681
2024-11-20,0.008179704836727142
2024-11-21,0.012224265216542962
2024-11-22,0.005557250735199304
2024-11-25,0.01030930734002733
2024-11-26,-0.007468955687094159
2024-11-27,-0.0005298351894198472
2024-11-29,0.00508998893473489
2024-12-02,-0.0006329341526802867
2024-12-03,-0.0031672501471196046
2024-12-04,-0.0097437503919926
2024-12-05,-0.013155066105326574
2024-12-06,-0.003901584796385471
2024-12-09,-0.00021767896983238
2024-12-10,-0.010229582331221843
2024-12-11,-0.003518428283638908
2024-12-12,-0.00695119719833015
2024-12-13,-0.0085555987682705
2024-12-16,-0.008853558376973214
2024-12-17,-0.005540579826443404
2024-12-18,-0.028425192621504336
2024-12-19,-0.010766588260278875
2024-12-20,0.012421707258402304
2024-12-23,-0.0007752650618152446
2024-12-24,0.005407314931118012
2024-12-26,-0.0015199452881243802
2024-12-27,-0.005386329546374413
2024-12-30,-0.013421269423273041
2024-12-31,0.00405720118799624
2025-01-02,-0.011052943963166695
2025-01-03,-0.00024040035963301953
2025-01-06,0.006731618908796477
2025-01-07,-0.0005970333570550768
2025-01-08,0.005495821691981595
2025-01-10,-0.01021859727489971
2025-01-13,0.022328895626373857
2025-01-14,0.012447197337533966
2025-01-15,0.009510524571099799
2025-01-16,0.008271994080124578
2025-01-17,0.006495046172156016
2025-01-21,0.012792945067960249
2025-01-22,-0.008048399778263993
2025-01-23,0.005521815344883718
2025-01-24,-0.0025776534252963668
2025-01-27,0.0005618151491597612
2025-01-28,-0.0032565069503299737
2025-01-29,-0.001802599640334801
2025-01-30,0.009480825461260611
2025-01-31,-0.00726749281148753
2025-02-03,0.0010135543384572898
2025-02-04,0.002925313402483809
2025-02-05,-0.0007852537645414159
2025-02-06,0.003480359790145826
2025-02-07,-0.012195049070432895
2025-02-10,0.005096734312732609
2025-02-11,0.005859944423304064
2025-02-12,-0.007170095429839263
2025-02-13,0.017377562310560313
2025-02-14,-0.0034383693860537967
2025-02-18,0.012687843601634441
2025-02-19,-0.011759591108350786
2025-02-20,-0.0023353265884413776
2025-02-21,-0.018281157504327572
2025-02-24,-0.0011354076211808062
2025-02-25,0.007729935212512418
2025-02-26,-0.0004512964030594091
2025-02-27,-0.006771191983146352
2025-02-28,0.008521757961561516
2025-03-03,-0.020054051824129115
2025-03-04,-0.013566363734265563
2025-03-05,0.026107201626374588
2025-03-06,-0.00522490084989824
2025-03-07,0.002740330241526756
2025-03-10,-0.020838069585464414
2025-03-11,-0.007675386179767596
2025-03-12,-0.004687646857525651
2025-03-13,-0.0007064130822963532
2025-03-14,0.01307888376790367
2025-03-17,0.012560961752853261
2025-03-18,-0.001722825134449324
2025-03-19,0.0033366919967847686
2025-03-20,-0.006307267979788644
2025-03-21,-0.009925041333492701
2025-03-24,0.013550790876384333
2025-03-25,-0.00023121068216502838
2025-03-26,0.0018493117687450322
2025-03-27,-0.0004614967534343206
2025-03-28,-0.018351720802855742
2025-03-31,0.010934712953140746
2025-04-01,0.0037217630617010222
2025-04-02,0.00822719055543919
2025-04-03,-0.045167252241219535
2025-04-04,-0.0625903497139042
2025-04-07,-0.016050265022928945
2025-04-08,-0.030797381404659152
2025-04-09,0.08738391934797529
2025-04-10,-0.03194653149122639
2025-04-11,0.02967511963985836
2025-04-14,0.012049688382834267
2025-04-15,-0.007855583459072557
2025-04-16,-0.007794248612796317
2025-04-17,0.006857906569885275
2025-04-21,-0.015232210490058629
2025-04-22,0.02339027623279466
2025-04-23,0.0012288812078027345
2025-04-24,0.021600344874767696
2025-04-25,-0.007448352284265658
2025-04-28,0.0018155630749403517
2025-04-29,0.008336324466175826
2025-04-30,0.005152218987077628
2025-05-01,-0.004410633830233768
2025-05-02,0.016882242193345665
2025-05-05,-0.007417800289461818
2025-05-06,-0.007236063679334492
2025-05-07,-0.005496455484040985
2025-05-08,0.013336457281596603
2025-05-09,0.0026084723554822276
2025-05-12,0.02317882212710476
2025-05-13,-0.004969997550220651
2025-05-14,-0.009176399876424934
2025-05-15,0.010199311964868896
2025-05-16,0.010212393317832857
2025-05-19,0.0025272665365181357
2025-05-20,-0.0017187362468213951
2025-05-21,-0.013315016220708853
2025-05-22,-0.0010469754143176413
2025-05-23,-0.001979772672030977
2025-05-27,0.01750285935086393
2025-05-28,-0.013646684027457168
2025-05-29,0.003720464840877291
2025-05-30,0.00011575269191954618
2025-06-02,0.005906987369514338
2025-06-03,0.010247493549518927
2025-06-04,0.003761087727188972
2025-06-05,-0.005904331820456354
2025-06-06,0.0026270609276257684
2025-06-09,0.006721424269960696
2025-06-10,0.00622370299342645
2025-06-11,-0.009896471587631739
2025-06-12,0.004202639271114306
2025-06-13,-0.011650307758941492
2025-06-16,0.00846885392415131
2025-06-17,-0.009759425582248737
2025-06-18,-0.0028650061850863384
2025-06-20,-0.006780905505640478
2025-06-23,0.011141875027414816
2025-06-24,0.008281563641320489
2025-06-25,-0.00958252474049237
2025-06-26,0.011057376957268827
2025-06-27,0.0012531483715445546
2025-06-30,-0.0009102954705539901
2025-07-01,0.025851345661672465
2025-07-02,0.01498663966233238
2025-07-03,-0.0006561411872298972
2025-07-07,-0.009631288600136623
2025-07-08,0.008177770097211434
2025-07-09,0.006028709155136314
2025-07-10,0.005338775592021117
2025-07-11,-0.008128261691494942
2025-07-14,-0.005572552996670033
2025-07-15,-0.020547194652256295
2025-07-16,0.002692333556977733
2025-07-17,0.00704861335646445
2025-07-18,0.002333064329043122
2025-07-21,0.005098703313821451
2025-07-22,0.013784723443277969
2025-07-23,0.003372096882244602
2025-07-24,-0.010299196092604879
2025-07-25,0.011830416671424926
2025-07-28,-0.014506880824356139
2025-07-29,-0.003844842119623104
2025-07-30,-0.020180866905978534
2025-07-31,-0.012605490433184485
2025-08-01,-0.011512642254415062
2025-08-04,0.013261081751257286
2025-08-05,0.007055806737894077
2025-08-06,-0.010848613785832129
2025-08-07,0.004341446305111463
2025-08-08,0.005005006052431593
2025-08-11,-0.0022636730537703986
2025-08-12,0.013045955511170826
2025-08-13,0.018812996016034145
2025-08-14,-0.010441915345085095
2025-08-15,0.0
2025-08-18,-0.005775808053299358
2025-08-19,0.006032881150571434
2025-08-20,0.0007772858533208193
2025-08-21,0.0029959805784380844
2025-08-22,0.019803097787924218
2025-08-25,-0.00553265401823233
2025-08-26,0.0027271541365141427
2025-08-27,0.0025022447649878377
2025-08-28,0.0
2025-08-29,0.0014106700158502683
2025-09-02,-0.007477283141095192
2025-09-03,-0.006769230099672896
2025-09-04,0.0038473779594234703
2025-09-05,0.007008333192730198
2025-09-08,0.0008700073046603585
2025-09-09,-0.016297312009573184
2025-09-10,0.0018776233557142863
2025-09-11,0.020945908546033065
2025-09-12,-0.010042093340372316
2025-09-15,-0.008071538910151999
2025-09-16,-0.003078968153285011
2025-09-17,0.002316336969490518
2025-09-18,0.0
2025-09-19,-0.0004401793853313629
2025-09-22,-0.0003428969773078272
2025-09-23,-0.003209039578548789
2025-09-24,-0.01221135048580646
2025-09-25,-0.013036678111329691
2025-09-26,0.01161462817821568
2025-09-29,0.0038271497219788397
2025-09-30,0.004933869027815119
2025-10-01,-0.010488757114461289
2025-10-02,0.011614780962475368
2025-10-03,0.001672071423584054
2025-10-06,-0.0008902941298830624
2025-10-07,-0.004009808590402675
2025-10-08,0.005367964289450189
2025-10-09,-0.013681905851575804
2025-10-10,-0.020525541134629566
2025-10-13,0.015889521094507586
2025-10-14,0.0099739002599597
2025-10-15,-0.0044888511181587765
2025-10-16,-0.007439928300375431
2025-10-17,-0.001930786967036302
2025-10-20,0.01194814616038209
2025-10-21,-0.0038232763535183123
2025-10-22,-0.003047710285895233
2025-10-23,0.012001783992939385
2025-10-24,-0.004139574049643935
2025-10-27,-0.00044939798412901855
2025-10-28,0.0013487143479951058
2025-10-29,-0.019643058389662404
2025-10-30,-0.013395903572275936
2025-10-31,-0.005802483586221041
2025-11-03,-0.006186515590343444
2025-11-04,-0.004933029973645753
2025-11-05,0.005901794060383159
2025-11-06,-0.004928399001750794
2025-11-07,0.01202826186744188
2025-11-10,0.0094383309423689
2025-11-11,0.010389028678439605
2025-11-12,0.007083317208141926
2025-11-13,-0.006579714362051514
2025-11-14,-0.009135583585083595
2025-11-17,-0.015212628165172326
2025-11-18,0.0008191889681004039
2025-11-19,0.0025725120362356524
2025-11-20,-0.01492884081162027
2025-11-21,0.022377449800326854
2025-11-24,0.0019687107347925448
2025-11-25,0.014909858594299052
2025-11-26,0.012299303736274636
2025-11-28,0.0057374523538342714
2025-12-01,-0.002460863724252138
2025-12-02,-0.009082726573468536
2025-12-03,0.007015900168810152
