Date,XLC
2020-01-03,-0.00645035794694182
2020-01-06,0.013355333547447001
2020-01-07,0.0012816883451014505
2020-01-08,0.007129632357273374
2020-01-09,0.005264051174647566
2020-01-10,-0.0039724464538077875
2020-01-13,0.009427145463975828
2020-01-14,-0.0025142406835412245
2020-01-15,0.0048612028345422775
2020-01-16,0.007704885065892508
2020-01-17,0.00782347222173474
2020-01-21,-0.0008820956961889115
2020-01-22,-0.0005298954130577016
2020-01-23,-0.0040636177457690215
2020-01-24,-0.012063219273022341
2020-01-27,-0.015622011569899286
2020-01-28,0.011492052541606013
2020-01-29,-0.0016230797715265366
2020-01-30,-0.010115605674536732
2020-01-31,-0.016240785913865574
2020-02-03,0.011871656683076992
2020-02-04,0.010448954019019352
2020-02-05,0.0016330163992295255
2020-02-06,0.012497629514602648
2020-02-07,-0.000715609710643661
2020-02-10,0.0059076834139975
2020-02-11,-0.001067802903400139
2020-02-12,0.01300560890747704
2020-02-13,0.00017563392760044927
2020-02-14,0.0012310633429160056
2020-02-18,0.00667362696924112
2020-02-19,0.0045358098742329656
2020-02-20,-0.01024661187646525
2020-02-21,-0.01526565768836774
2020-02-24,-0.03349958017760668
2020-02-25,-0.02673323919736259
2020-02-26,-0.0018941917405548292
2020-02-27,-0.03947605434113122
2020-02-28,0.0029636739208873664
2020-03-02,0.034673067967285975
2020-03-03,-0.03293984796946048
2020-03-04,0.03603062039987304
2020-03-05,-0.03648808829778982
2020-03-06,-0.017356853276967787
2020-03-09,-0.06663983723803402
2020-03-10,0.050967605054578646
2020-03-11,-0.04297103813524039
2020-03-12,-0.09386330843045732
2020-03-13,0.08990015360983095
2020-03-16,-0.11279466007275118
2020-03-17,0.04343567429815831
2020-03-18,-0.03320858555159156
2020-03-19,0.01790022833773408
2020-03-20,-0.0442014137130704
2020-03-23,0.005310813233613487
2020-03-24,0.0615078639588571
2020-03-25,-0.015420466406810274
2020-03-26,0.05695281586783363
2020-03-27,-0.03996377899777137
2020-03-30,0.03648240312833284
2020-03-31,-0.001805084419307157
2020-04-01,-0.03978285287769423
2020-04-02,0.012711768639247945
2020-04-03,-0.020223245400739054
2020-04-06,0.06595515156055165
2020-04-07,0.007344668228818074
2020-04-08,0.021431963846098023
2020-04-09,0.00735432701803429
2020-04-13,0.0015034297935636598
2020-04-14,0.02958815288725347
2020-04-15,-0.009371344514342406
2020-04-16,0.0039940860132423595
2020-04-17,0.01360991264654765
2020-04-20,-0.009088891883602734
2020-04-21,-0.0314782224935487
2020-04-22,0.026904805981059265
2020-04-23,0.007126360731417591
2020-04-24,0.012695332910969359
2020-04-27,0.0082203578308373
2020-04-28,-0.018141320752739443
2020-04-29,0.04837046887537921
2020-04-30,-0.004356488444081541
2020-05-01,-0.013921930067891886
2020-05-04,0.005849159090710154
2020-05-05,0.005213339737771827
2020-05-06,-0.0027926055452881515
2020-05-07,0.01880381331736003
2020-05-08,0.018260355432832
2020-05-11,0.0005784030035127508
2020-05-12,-0.019464121771124332
2020-05-13,-0.017098974950516044
2020-05-14,0.01079759684971493
2020-05-15,0.013847808016478558
2020-05-18,0.021073011212325632
2020-05-19,-0.0001909158595347904
2020-05-20,0.027714037429110716
2020-05-21,-0.00706716183244005
2020-05-22,0.005993656245429024
2020-05-26,0.0027928504643643937
2020-05-27,0.007055277503305701
2020-05-28,-0.009402579412191248
2020-05-29,0.005397231336733865
2020-06-01,0.01147717994137154
2020-06-02,0.004026403135251044
2020-06-03,0.0030987478182524786
2020-06-04,-0.007450432526873496
2020-06-05,0.016294420574343604
2020-06-08,0.018735312492695444
2020-06-09,-0.002475708737424087
2020-06-10,-0.0030136024434691544
2020-06-11,-0.046052603383482826
2020-06-12,0.00876043361143819
2020-06-15,0.016075461059911644
2020-06-16,0.008183231807852964
2020-06-17,0.001262674477288117
2020-06-18,0.0032427309571061436
2020-06-19,-0.0026937697917492898
2020-06-22,0.002201181620737458
2020-06-23,0.006480714141529065
2020-06-24,-0.02253637551791776
2020-06-25,0.004391676897113728
2020-06-26,-0.044088033497422296
2020-06-29,0.018486655678932262
2020-06-30,0.011227483760355206
2020-07-01,0.024796395129210724
2020-07-02,-0.003250159405996267
2020-07-06,0.020108669640472865
2020-07-07,-0.002841355480845742
2020-07-08,0.008904492207971293
2020-07-09,0.0012358315133427222
2020-07-10,0.01727788250378315
2020-07-13,-0.02010411271776824
2020-07-14,0.009904609827747546
2020-07-15,0.005954300048529815
2020-07-16,0.0017411821724497845
2020-07-17,-0.0022593864554840692
2020-07-20,0.012018806239407764
2020-07-21,-0.004819195802005072
2020-07-22,0.0010376905775324463
2020-07-23,-0.016240623210157956
2020-07-24,-0.0015806625475562885
2020-07-27,0.006860287628288386
2020-07-28,-0.010307655898130097
2020-07-29,0.009179391032221096
2020-07-30,0.0027986132387189944
2020-07-31,0.013954363950231086
2020-08-03,0.00086001565821614
2020-08-04,0.00635954313217435
2020-08-05,-0.0015371977549106797
2020-08-06,0.026343009318239075
2020-08-07,-0.0011666970239971874
2020-08-10,-0.003337208581255857
2020-08-11,-0.014900360659095835
2020-08-12,0.01189650139853038
2020-08-13,0.005038905657559489
2020-08-14,-0.00016735589873262402
2020-08-17,0.001170146215006218
2020-08-18,0.00901491502813112
2020-08-19,-0.0028126949091641373
2020-08-20,0.012443917858541376
2020-08-21,-0.004424791261582572
2020-08-24,0.012181209623779221
2020-08-25,0.009432487308188575
2020-08-26,0.03415478466161437
2020-08-27,-0.012151404400312371
2020-08-28,0.002365781913082232
2020-08-31,-0.0047200179485822336
2020-09-01,0.008220049691542997
2020-09-02,0.021323143578888315
2020-09-03,-0.03392690784620134
2020-09-04,-0.018274349878566243
2020-09-08,-0.026383929683866048
2020-09-09,0.011970331110643828
2020-09-10,-0.014785756856281806
2020-09-11,-0.00316845757565265
2020-09-14,0.0038476854670370653
2020-09-15,0.01783043470244139
2020-09-16,-0.010805631609284938
2020-09-17,-0.018371311047270855
2020-09-18,-0.009610606843782232
2020-09-21,-0.011703199266224429
2020-09-22,0.01933369736520718
2020-09-23,-0.023878184141231662
2020-09-24,0.0019084634388044641
2020-09-25,0.013333242815260826
2020-09-28,0.013328849662159081
2020-09-29,0.0010118150557514305
2020-09-30,0.0006738166171480486
2020-10-01,0.014309803370357033
2020-10-02,-0.01975102409754148
2020-10-05,0.016423832321019294
2020-10-06,-0.020989462483986587
2020-10-07,0.007316690474756138
2020-10-08,0.013006804357654111
2020-10-09,0.0060029980634865865
2020-10-12,0.02635499355783333
2020-10-13,0.000969067124131362
2020-10-14,-0.01193937482197338
2020-10-15,-0.007674651029145441
2020-10-16,0.00016451271747830454
2020-10-19,-0.01793360992900983
2020-10-20,0.007204052558545504
2020-10-21,0.016799687566522392
2020-10-22,0.00654352250367829
2020-10-23,0.009426090758112515
2020-10-26,-0.021896631071997796
2020-10-27,0.0064197552977831585
2020-10-28,-0.03925412882456092
2020-10-29,0.02519593047334623
2020-10-30,-0.016938070673194083
2020-11-02,-0.0005067621218458607
2020-11-03,0.014872514016044613
2020-11-04,0.04313066571905333
2020-11-05,0.019316636039655055
2020-11-06,-0.002349218387085572
2020-11-09,-0.008477264043277088
2020-11-10,-0.003166510289923319
2020-11-11,0.009053399361470982
2020-11-12,-0.0056667368798218876
2020-11-13,0.014880660986106298
2020-11-16,0.006395241992375178
2020-11-17,-0.003565050893866939
2020-11-18,-0.010110151819045732
2020-11-19,0.0061280340001126365
2020-11-20,-0.0023423644635381935
2020-11-23,0.00046938492413284294
2020-11-24,0.020497583754820026
2020-11-25,-0.00015316525475950193
2020-11-27,0.006440674555507231
2020-11-30,-0.0035046333039523425
2020-12-01,0.018348757980200858
2020-12-02,0.009309146871276708
2020-12-03,-0.004463005086123628
2020-12-04,0.0008967819034302327
2020-12-07,0.006270415373582194
2020-12-08,-0.0014835370362522582
2020-12-09,-0.011887058941018602
2020-12-10,0.0006015301208130985
2020-12-11,0.006011324261354645
2020-12-14,-0.0031372903851357714
2020-12-15,0.008242458062444058
2020-12-16,-0.0008920426253905545
2020-12-17,-0.0025289568625770364
2020-12-18,0.0008951027521515442
2020-12-21,-0.00855184732551939
2020-12-22,-0.009333239776664115
2020-12-23,0.005774257538234684
2020-12-24,0.0010575358009812241
2020-12-28,0.017959538172970246
2020-12-29,-0.0008895600165808037
2020-12-30,-0.006677640286159692
2020-12-31,0.008066977447106494
2021-01-04,-0.014819251934504174
2021-01-05,0.003610158190152868
2021-01-06,-0.004796029557536108
2021-01-07,0.013252791726720003
2021-01-08,0.003121149321948291
2021-01-11,-0.017780068781399816
2021-01-12,-0.016141458059431568
2021-01-13,0.00352655421712722
2021-01-14,-0.0056530250232038615
2021-01-15,0.003226657961429069
2021-01-19,0.01807336047805075
2021-01-20,0.03144280697267643
2021-01-21,0.003646277310959567
2021-01-22,0.00043581503331990845
2021-01-25,0.005810966057441247
2021-01-26,0.013575767896353064
2021-01-27,-0.032345483819745446
2021-01-28,0.0035346088886096805
2021-01-29,-0.018636042353123217
2021-02-01,0.018690374812615262
2021-02-02,0.015264951360254964
2021-02-03,0.013445264020660597
2021-02-04,0.005991409228999212
2021-02-05,0.012620461684311968
2021-02-08,0.003921036493348851
2021-02-09,0.003348127853087579
2021-02-10,0.009453355479750014
2021-02-11,0.0011016083834456403
2021-02-12,0.004264653358170056
2021-02-16,0.00479456911690801
2021-02-17,0.002863079893749454
2021-02-18,-0.0048941402045684645
2021-02-19,-0.009835657316169755
2021-02-22,-0.004001249839499232
2021-02-23,0.007757339633751137
2021-02-24,0.0017866548925256076
2021-02-25,-0.02181649621175996
2021-02-26,0.003927748345313287
2021-03-01,0.025569107410676972
2021-03-02,-0.007357050449543157
2021-03-03,-0.014273638184662873
2021-03-04,-0.0018102352872084726
2021-03-05,0.023434443518463688
2021-03-08,-0.013357067326787875
2021-03-09,0.011189158296546431
2021-03-10,0.004234940892421601
2021-03-11,0.018909166148850076
2021-03-12,-0.0028039370732101387
2021-03-15,0.007096185463408178
2021-03-16,0.010502688994239673
2021-03-17,0.00013147585589368127
2021-03-18,-0.016574498550172678
2021-03-19,0.008694269578134683
2021-03-22,0.008408948188675769
2021-03-23,-0.0073770994663066025
2021-03-24,-0.025215525840082798
2021-03-25,-0.004901401447317211
2021-03-26,-0.010945494659484911
2021-03-29,0.010236652331522045
2021-03-30,0.0
2021-03-31,0.003971319582034116
2021-04-01,0.017184773346341053
2021-04-05,0.021051070505865743
2021-04-06,0.002495124835827811
2021-04-07,0.0077285151571844235
2021-04-08,0.0001301927308505757
2021-04-09,-0.0002601442795413522
2021-04-12,-0.004030279135913806
2021-04-13,0.001305596086896621
2021-04-14,-0.010298920469967277
2021-04-15,0.01277685165510456
2021-04-16,-0.0006500577667798435
2021-04-19,-0.005596125842054822
2021-04-20,-0.0053657743433853655
2021-04-21,0.001710383162132345
2021-04-22,-0.007355989589934553
2021-04-23,0.01164489235531363
2021-04-26,0.0020928248775795577
2021-04-27,-0.004046275746307004
2021-04-28,0.009174107695747002
2021-04-29,0.027662555963833046
2021-04-30,-0.01364852577157416
2021-05-03,-0.005253028626681644
2021-05-04,-0.009015771128826344
2021-05-05,-0.001949734735749331
2021-05-06,0.011720223309601208
2021-05-07,0.007594219249965839
2021-05-10,-0.019161660908860956
2021-05-11,-0.002865472951555592
2021-05-12,-0.01959266472364185
2021-05-13,0.00719440434509333
2021-05-14,0.01970887249984199
2021-05-17,-0.007912550557032438
2021-05-18,-0.010199037474114547
2021-05-19,0.0015853803701468827
2021-05-20,0.017145699849811402
2021-05-21,-0.0033713980946457056
2021-05-24,0.01821525997366602
2021-05-25,-0.000255858351273619
2021-05-26,0.006518566504472911
2021-05-27,0.0038094389431591047
2021-05-28,-0.0032890854415726922
2021-06-01,0.0006344830238596
2021-06-02,-0.0030440729080545292
2021-06-03,-0.006743157772137409
2021-06-04,0.014346397461214577
2021-06-07,0.005177406869864676
2021-06-08,-0.0028894831548832434
2021-06-09,-0.001007915127759218
2021-06-10,0.005423210888018115
2021-06-11,0.0011287260889671913
2021-06-14,0.006640924943509985
2021-06-15,-0.00572573713183111
2021-06-16,-0.008763249994459543
2021-06-17,0.004168231465555117
2021-06-18,-0.011696879451445041
2021-06-21,0.009701697314999702
2021-06-22,0.008585840413742885
2021-06-23,-0.0010013770553815027
2021-06-24,0.009398379991405692
2021-06-25,0.00124148265620172
2021-06-28,0.011283355614412516
2021-06-29,-0.005394858619803489
2021-06-30,-0.001849187907714267
2021-07-01,0.007410160030632662
2021-07-02,0.0069877585657056596
2021-07-06,-0.00243499941225489
2021-07-07,-0.00146435214706242
2021-07-08,-0.01099972000889593
2021-07-09,0.00889774600861526
2021-07-12,0.007104423570091445
2021-07-13,-0.0025540337245529843
2021-07-14,-0.0007318420191850805
2021-07-15,-0.007077549505936198
2021-07-16,-0.006267336374703891
2021-07-19,-0.01521180024448976
2021-07-20,0.011302336758574727
2021-07-21,0.008319892045320909
2021-07-22,0.0034484824001232983
2021-07-23,0.024791164913263053
2021-07-26,0.005149688930952356
2021-07-27,-0.011914767619874644
2021-07-28,0.007838001141256212
2021-07-29,-0.010767995897906335
2021-07-30,-0.0033862716064596565
2021-08-02,-0.0023062729290564965
2021-08-03,-0.004500627572342153
2021-08-04,0.0028104119171969977
2021-08-05,0.009138623043777772
2021-08-06,0.0
2021-08-09,-0.0018109423128084279
2021-08-10,0.0019350671684084109
2021-08-11,0.0019316182165243223
2021-08-12,0.0018075207634691282
2021-08-13,0.0006015474984126801
2021-08-16,0.001682708017434864
2021-08-17,-0.00828028817997295
2021-08-18,-0.0076232571373641145
2021-08-19,0.00012161777851971145
2021-08-20,0.0086567159254205
2021-08-23,0.0120873969592874
2021-08-24,0.003224687415894989
2021-08-25,0.0015475559068904854
2021-08-26,-0.008676897749098744
2021-08-27,0.01582712417106058
2021-08-30,0.006846142426822022
2021-08-31,0.0037517432905767034
2021-09-01,0.005021899281434372
2021-09-02,-0.0067400497266220105
2021-09-03,0.0
2021-09-07,0.0023398492229622647
2021-09-08,-0.0051357631375709145
2021-09-09,-0.004928229298644449
2021-09-10,-0.006484943581722913
2021-09-13,0.0024923876512550347
2021-09-14,-0.00864234817512366
2021-09-15,0.004896339427823193
2021-09-16,-0.000950753593538356
2021-09-17,-0.011062283110937265
2021-09-20,-0.020096645886805264
2021-09-21,-0.004180726507852062
2021-09-22,-0.0004939151013512166
2021-09-23,0.010253361121688398
2021-09-24,0.008192624325508158
2021-09-27,-0.0001212440604385634
2021-09-28,-0.02438110800049509
2021-09-29,-0.0008706162662971417
2021-09-30,-0.0031109230977041102
2021-10-01,0.01685180493694549
2021-10-04,-0.02160560606572004
2021-10-05,0.014930956552135832
2021-10-06,0.0017304467863299422
2021-10-07,0.004319575423011424
2021-10-08,-0.004915187937562293
2021-10-11,-0.015065485193131
2021-10-12,-0.009278041152315897
2021-10-13,0.0046825652380371174
2021-10-14,0.01410753976253476
2021-10-15,-0.0023599361603217073
2021-10-18,0.007719248257767264
2021-10-19,0.009636802181558934
2021-10-20,0.001957817178732446
2021-10-21,0.002931375627957866
2021-10-22,-0.021188687200153322
2021-10-25,0.004354208171564844
2021-10-26,-0.00891831694180989
2021-10-27,-0.002749904853768803
2021-10-28,0.003258631788948918
2021-10-29,0.003123168506168117
2021-11-01,0.001618967490618184
2021-11-02,0.00012409146964009743
2021-11-03,0.0036051211806351624
2021-11-04,0.00396384953475204
2021-11-05,0.008019737271689253
2021-11-08,-0.004406216128100993
2021-11-09,-0.0024587532612575513
2021-11-10,-0.011338554021706582
2021-11-11,-0.0019945246904524705
2021-11-12,0.01461399213618031
2021-11-15,0.0028314738905512726
2021-11-16,-0.007488404751764266
2021-11-17,-0.0038342246047119444
2021-11-18,-0.007201487537845108
2021-11-19,-0.003376425701342556
2021-11-22,-0.01217218109973428
2021-11-23,-0.002667878546466995
2021-11-24,0.001401121301902064
2021-11-26,-0.01831604015732302
2021-11-29,0.008551802756262772
2021-11-30,-0.031732000548816086
2021-12-01,-0.023086208381687068
2021-12-02,0.016841126681703233
2021-12-03,-0.0022706730591657287
2021-12-06,0.01646585781452492
2021-12-07,0.010272552243165478
2021-12-08,0.007300309755313705
2021-12-09,-0.007894569863384993
2021-12-10,0.0005221240341559685
2021-12-13,-0.0052150967088230304
2021-12-14,-0.002621270334528858
2021-12-15,0.010512428962736964
2021-12-16,-0.0014306620270987391
2021-12-17,-0.004036739096308084
2021-12-20,-0.006983647123315895
2021-12-21,0.01899977713300971
2021-12-22,0.002460350579164494
2021-12-23,0.008912489089982989
2021-12-27,0.009730017620612319
2021-12-28,-0.000507256074429141
2021-12-29,-0.0049472759350470685
2021-12-30,0.004206666307433604
2021-12-31,-0.013837437492782989
2022-01-03,0.006951280701906537
2022-01-04,-0.0021733230451016494
2022-01-05,-0.025112118558136
2022-01-06,0.004468322372877864
2022-01-07,0.00013114789477541855
2022-01-10,-0.006279438270950455
2022-01-11,0.0125064870432956
2022-01-12,0.0013004066090598343
2022-01-13,-0.010388403311380134
2022-01-14,0.004592604092678698
2022-01-18,-0.012147348817167725
2022-01-19,-0.0017188672231953639
2022-01-20,-0.009933826308186067
2022-01-21,-0.03384614568552824
2022-01-24,0.007338790109285176
2022-01-25,-0.020481207492280884
2022-01-26,-0.014594544486780547
2022-01-27,0.001139597343025045
2022-01-28,0.028591514040708255
2022-01-31,0.02267998590986431
2022-02-01,0.008654681562151323
2022-02-02,0.019975762147976805
2022-02-03,-0.06690324208033493
2022-02-04,0.0025357515839230516
2022-02-07,-0.017423014812448456
2022-02-08,-0.00042922032156933465
2022-02-09,0.028183238357575524
2022-02-10,-0.014331643817599438
2022-02-11,-0.021597738290273227
2022-02-14,0.00014427701369701396
2022-02-15,0.013992965880033736
2022-02-16,-0.006970895934095278
2022-02-17,-0.026647816238317024
2022-02-18,-0.007800760326681311
2022-02-22,-0.01023617563970658
2022-02-23,-0.016786543095789197
2022-02-24,0.028049061620293525
2022-02-25,0.016162254458645275
2022-02-28,-0.0011674691643031032
2022-03-01,-0.012563833162972493
2022-03-02,0.008581132466854768
2022-03-03,-0.010415090178148345
2022-03-04,-0.014379074441381978
2022-03-07,-0.03323791742175353
2022-03-08,-0.0024890089998731435
2022-03-09,0.02994381040708971
2022-03-10,-0.007419747636118745
2022-03-11,-0.018001541618777095
2022-03-14,-0.011651513221453857
2022-03-15,0.01917636888301355
2022-03-16,0.027606591758064347
2022-03-17,0.010805770932937886
2022-03-18,0.013066219834312331
2022-03-21,-0.009359781681415713
2022-03-22,0.01868841445951963
2022-03-23,-0.013686298890045467
2022-03-24,0.016386178014970776
2022-03-25,0.0047928624744419945
2022-03-28,0.0031802290235973807
2022-03-29,0.017435353854833524
2022-03-30,-0.007081341835469268
2022-03-31,-0.018970077796713114
2022-04-01,0.007415002787698688
2022-04-04,0.02756506412232218
2022-04-05,-0.012780952941718882
2022-04-06,-0.018636678730261647
2022-04-07,-0.008698454125447341
2022-04-08,-0.004387159224752413
2022-04-11,-0.012925986377359089
2022-04-12,-0.00818447581546955
2022-04-13,0.014703543671161334
2022-04-14,-0.017004296044997647
2022-04-18,-0.0033090921594927103
2022-04-19,0.01992136696773983
2022-04-20,-0.04335601376275866
2022-04-21,-0.028461005200154932
2022-04-22,-0.023722325768833596
2022-04-25,0.013698702586307343
2022-04-26,-0.032818594970544956
2022-04-27,-0.022288793660068307
2022-04-28,0.03997972310219322
2022-04-29,-0.03386223538668909
2022-05-02,0.02759901488197336
2022-05-03,0.002636138928405529
2022-05-04,0.03434687268412029
2022-05-05,-0.03686046372800922
2022-05-06,-0.020620232823812423
2022-05-09,-0.025938928871057754
2022-05-10,0.004495817750115982
2022-05-11,-0.01807544398156502
2022-05-12,0.01086942955775938
2022-05-13,0.023413328965420588
2022-05-16,-0.00643964400394359
2022-05-17,0.021831777915029882
2022-05-18,-0.03271558413617581
2022-05-19,-0.0013806635443059934
2022-05-20,0.002592169500780672
2022-05-23,0.014994743721129078
2022-05-24,-0.035490080354341424
2022-05-25,0.013380543489621255
2022-05-26,0.024322297357419087
2022-05-27,0.021370500946286564
2022-05-31,-0.0006641783457762562
2022-06-01,-0.011465660424577195
2022-06-02,0.024373751600129
2022-06-03,-0.02166061725247026
2022-06-06,0.005031966303106428
2022-06-07,0.007176076743184101
2022-06-08,-0.0026511219461046176
2022-06-09,-0.030735975224239875
2022-06-10,-0.027939697306952338
2022-06-13,-0.04725785096358881
2022-06-14,-0.0027763987731111994
2022-06-15,0.022457492472634843
2022-06-16,-0.03648591545352298
2022-06-17,0.014318139974042188
2022-06-21,0.007075054684132942
2022-06-22,0.001663737431612189
2022-06-23,0.0123663152228497
2022-06-24,0.03810382328683337
2022-06-27,-0.00948347148382822
2022-06-28,-0.029078035914980482
2022-06-29,0.0031043325490485163
2022-06-30,-0.012015243351037652
2022-07-01,0.010134410343437983
2022-07-05,0.02316676427111508
2022-07-06,0.00017831508493570958
2022-07-07,0.015686257410272963
2022-07-08,-0.0047384760474408205
2022-07-11,-0.030329733388100633
2022-07-12,-0.0005457895710353489
2022-07-13,-0.004548528682593589
2022-07-14,-0.012611925111191358
2022-07-15,0.025731182851458145
2022-07-18,-0.005053169105396771
2022-07-19,0.03555226255951527
2022-07-20,0.01646518357530047
2022-07-21,-0.0005168575306896406
2022-07-22,-0.03465518516258581
2022-07-25,-0.0033935439936004785
2022-07-26,-0.020071758944024687
2022-07-27,0.042246021060776684
2022-07-28,-0.011405638760493386
2022-07-29,0.0005326415202817625
2022-08-01,-0.001419364601442985
2022-08-02,-0.0015988533058575172
2022-08-03,0.02402134637959108
2022-08-04,0.004343961274760666
2022-08-05,-0.01228363299232571
2022-08-08,0.005780288497488462
2022-08-09,-0.009752770225951002
2022-08-10,0.028139337222754968
2022-08-11,0.0010264491009408516
2022-08-12,0.017771742904510557
2022-08-15,0.003525724126792973
2022-08-16,0.0020077060530869772
2022-08-17,-0.019368696492549686
2022-08-18,-0.0015326957972695565
2022-08-19,-0.016200397208532835
2022-08-22,-0.028601129535478886
2022-08-23,-0.008565140889692735
2022-08-24,0.005939392897881035
2022-08-25,0.019502505979576812
2022-08-26,-0.03194110781862747
2022-08-29,-0.007795465346064456
2022-08-30,-0.008770298332447357
2022-08-31,0.002396282718160947
2022-09-01,0.009194590203755348
2022-09-02,-0.018950338701879454
2022-09-06,-0.012444479684388221
2022-09-07,0.020124422764922656
2022-09-08,-0.002396942283750869
2022-09-09,0.02790617535535045
2022-09-12,0.0052139830622692784
2022-09-13,-0.05490972378598313
2022-09-14,0.0017033194195064105
2022-09-15,-0.004345426199649172
2022-09-16,-0.010626187890281358
2022-09-19,0.0057658374001616775
2022-09-20,-0.015478672379612424
2022-09-21,-0.024456514263338724
2022-09-22,-0.0035812414296608752
2022-09-23,-0.01936907388446263
2022-09-26,-0.01628985198652444
2022-09-27,-0.005382138692940797
2022-09-28,0.03413099908557271
2022-09-29,-0.02435070633196168
2022-09-30,-0.012170060386180181
2022-10-03,0.02798082692123338
2022-10-04,0.030672325729384387
2022-10-05,-0.007686379514202923
2022-10-06,-0.0053622214821500425
2022-10-07,-0.026957064671860764
2022-10-10,-0.0026677546997170287
2022-10-11,-0.018724153552122536
2022-10-12,-0.0012579951793637578
2022-10-13,0.024144204106471223
2022-10-14,-0.016400136402799914
2022-10-17,0.027511325777098694
2022-10-18,0.007505360629619373
2022-10-19,0.0008050202955318664
2022-10-20,0.0024141478998829236
2022-10-21,0.006422012839601088
2022-10-24,0.006978784632887924
2022-10-25,0.026534848325851845
2022-10-26,-0.03163591996503379
2022-10-27,-0.047410266857352834
2022-10-28,0.025303099150061792
2022-10-31,-0.016724358327324884
2022-11-01,-0.006430298080849273
2022-11-02,-0.028183597244872516
2022-11-03,-0.024489798680105812
2022-11-04,0.006826792857873576
2022-11-07,0.017935151072214106
2022-11-08,0.0010743744602748073
2022-11-09,-0.013522251851771694
2022-11-10,0.06048751721417944
2022-11-11,0.026261634244287624
2022-11-14,-0.003998354313319741
2022-11-15,0.014853568405512663
2022-11-16,-0.009889280273106316
2022-11-17,-0.007590865133849434
2022-11-18,-0.003019486429745921
2022-11-21,-0.008277803258594618
2022-11-22,0.014861656251981215
2022-11-23,0.012637790210344724
2022-11-25,-0.005546749643549731
2022-11-28,-0.015936228108117012
2022-11-29,0.00040478986193859257
2022-11-30,0.04229055482129618
2022-12-01,0.005824197872458248
2022-12-02,0.0025091619099815166
2022-12-05,-0.015787431438708643
2022-12-06,-0.028755666826528636
2022-12-07,-0.005035464974650239
2022-12-08,-0.0020244275020878666
2022-12-09,0.0028399956875382326
2022-12-12,0.007888249585185303
2022-12-13,0.01685738864902908
2022-12-14,-0.01302558706518342
2022-12-15,-0.038992107342783355
2022-12-16,-0.00020816094109388228
2022-12-19,-0.023408027950666765
2022-12-20,0.006836243610869763
2022-12-21,0.01315499236301787
2022-12-22,-0.008586512558252712
2022-12-23,0.009716993044250666
2022-12-27,-0.008995747263254361
2022-12-28,-0.01456621551999604
2022-12-29,0.027635002047439183
2022-12-30,0.00041697925100447897
2023-01-03,0.012919168549643034
2023-01-04,0.018720705218255418
2023-01-05,0.0014133895040859823
2023-01-06,0.01633403603432071
2023-01-09,0.0015871098656874416
2023-01-10,0.015055635877557316
2023-01-11,0.007220863549608492
2023-01-12,0.011044341357904885
2023-01-13,0.003257870571675703
2023-01-17,-0.009359932353349198
2023-01-18,-0.01214820521061677
2023-01-19,0.005075324911486767
2023-01-20,0.031268024958097884
2023-01-23,0.017514276942243612
2023-01-24,-0.002776327205651463
2023-01-25,0.003526394014649936
2023-01-26,0.015535393959327015
2023-01-27,0.0069204919474430415
2023-01-30,-0.01573536514081031
2023-01-31,0.012127964973102978
2023-02-01,0.011801027525510488
2023-02-02,0.0656737332551367
2023-02-03,-0.020036866040073598
2023-02-06,-0.012027573384400081
2023-02-07,0.01860859179529406
2023-02-08,-0.031415365491116454
2023-02-09,-0.021857951113822494
2023-02-10,-0.009551224045413753
2023-02-13,0.01419212397931724
2023-02-14,0.0003587830687084015
2023-02-15,0.009146391283205046
2023-02-16,-0.015283546845449858
2023-02-17,-0.0010828304707941605
2023-02-21,-0.02204146733178558
2023-02-22,0.0020322169768369758
2023-02-23,-0.0046092485902387015
2023-02-24,-0.01389133995759606
2023-02-27,0.003193006486633454
2023-02-28,0.0016849570120507362
2023-03-01,-0.0076633704970330285
2023-03-02,0.009417886186560143
2023-03-03,0.02183233393118389
2023-03-06,0.0
2023-03-07,-0.010226356897381383
2023-03-08,0.0005535383703030305
2023-03-09,-0.022496754948436615
2023-03-10,-0.014148297516698327
2023-03-13,0.0
2023-03-14,0.0283199396017646
2023-03-15,0.0107926634619544
2023-03-16,0.022459626883704065
2023-03-17,-0.00954276555425737
2023-03-20,0.0074736467919400695
2023-03-21,0.021349664157530146
2023-03-22,-0.017537624807467456
2023-03-23,0.01622805450213849
2023-03-24,0.005145410309987275
2023-03-27,-0.005648815578844557
2023-03-28,-0.008166189340864882
2023-03-29,0.013245196999302378
2023-03-30,0.004769412989416688
2023-03-31,0.019163100021794
2023-04-03,0.004139973732105284
2023-04-04,0.003092346976160565
2023-04-05,-0.0032539322176720065
2023-04-06,0.012542986547145585
2023-04-10,-0.002206015281462803
2023-04-11,-0.002551075974143946
2023-04-12,-0.010400561873426084
2023-04-13,0.02084765809867717
2023-04-14,-0.0003376658524036902
2023-04-17,-0.005740274626704567
2023-04-18,-0.005094354568434767
2023-04-19,-0.007509724497256509
2023-04-20,-0.01031816584261347
2023-04-21,0.0024325978870025633
2023-04-24,-0.0010399829235863134
2023-04-25,-0.015616867736820694
2023-04-26,-0.010576438656013654
2023-04-27,0.05807952913717718
2023-04-28,0.008587280563029154
2023-05-01,-0.00016700086455967433
2023-05-02,-0.018533913901056742
2023-05-03,-0.003912874344106143
2023-05-04,-0.01605468316223657
2023-05-05,0.012497872002515065
2023-05-08,0.010114761862202837
2023-05-09,-0.006279612779924393
2023-05-10,0.008881331169482642
2023-05-11,0.00998811518063536
2023-05-12,0.000838100745276682
2023-05-15,0.004689329001808851
2023-05-16,-0.001166925747730585
2023-05-17,0.012182941528678715
2023-05-18,0.0179719234708573
2023-05-19,-0.00534494711450384
2023-05-22,0.009118967139126744
2023-05-23,-0.012425297851058281
2023-05-24,-0.004575224846103176
2023-05-25,0.0
2023-05-26,0.020354635929049625
2023-05-30,0.0016086606812895088
2023-05-31,-0.0003211525002555504
2023-06-01,0.013496136436434547
2023-06-02,0.0012682212503090096
2023-06-05,0.0025332918177174424
2023-06-06,0.004106081028001807
2023-06-07,-0.01116701886312177
2023-06-08,0.005089767274551349
2023-06-09,0.00031661189078469043
2023-06-12,0.011865160323885293
2023-06-13,0.003283300397858957
2023-06-14,0.0017142829937828452
2023-06-15,0.01586809388376964
2023-06-16,-0.008269597355043623
2023-06-20,-0.004872034034745787
2023-06-21,-0.009947059024808413
2023-06-22,0.007849199217529357
2023-06-23,-0.002180742188130469
2023-06-26,-0.009990537176103431
2023-06-27,0.016871643498343802
2023-06-28,0.004496795318593483
2023-06-29,-0.005402891973308455
2023-06-30,0.010088475047344447
2023-07-03,0.003380431244726312
2023-07-05,0.007657116036204892
2023-07-06,-0.00790296579765326
2023-07-07,-0.003523183880954517
2023-07-10,-0.002613377977688791
2023-07-11,0.01741671935867206
2023-07-12,0.012119302819306954
2023-07-13,0.014668553985963007
2023-07-14,-0.009441117239444297
2023-07-17,-0.0035737990969358924
2023-07-18,0.0068747095407166725
2023-07-19,0.0028202165904052112
2023-07-20,-0.01983393926232324
2023-07-21,-0.00996694298816958
2023-07-24,0.0018304150952939136
2023-07-25,0.0031971357474069872
2023-07-26,0.01563229971019564
2023-07-27,0.008368418924411758
2023-07-28,0.019709096809336746
2023-07-31,-0.00029050881778369675
2023-08-01,-0.001308351713317668
2023-08-02,-0.018777153582781647
2023-08-03,-0.0025221165220385977
2023-08-04,-0.0022308527870946726
2023-08-07,0.015501672858748483
2023-08-08,-0.0027886418833049653
2023-08-09,-0.010744762703755795
2023-08-10,0.003422128226536092
2023-08-11,-0.004744767130099525
2023-08-14,0.00730005083737173
2023-08-15,-0.008874229026989311
2023-08-16,-0.01193890947728482
2023-08-17,-0.011478508861660242
2023-08-18,-0.005958489290850744
2023-08-21,0.007223940471701162
2023-08-22,0.0
2023-08-23,0.01617563130134725
2023-08-24,-0.019221922328471086
2023-08-25,0.0010718093718087296
2023-08-28,0.012236143703499458
2023-08-29,0.02221216689903671
2023-08-30,0.00014786067339622733
2023-08-31,0.0010345249288141734
2023-09-01,-0.009301564016986119
2023-09-05,-0.00014930574576532685
2023-09-06,-0.003129943722795847
2023-09-07,-0.001794288516775655
2023-09-08,0.002995934390278565
2023-09-11,0.015083611419035359
2023-09-12,-0.010445806167149518
2023-09-13,0.003271098890161195
2023-09-14,0.013929858720721278
2023-09-15,-0.013300236577942437
2023-09-18,0.0007126858781385526
2023-09-19,0.0007420453548308004
2023-09-20,-0.013641775257337008
2023-09-21,-0.012327063704215213
2023-09-22,-0.001217693857633928
2023-09-25,0.002438238001227333
2023-09-26,-0.011097543605476878
2023-09-27,0.0026135305748897775
2023-09-28,0.011039302020423136
2023-09-29,-0.005611292387268985
2023-10-02,0.00747294078006755
2023-10-03,-0.013472328884441165
2023-10-04,0.009513246793045438
2023-10-05,-0.0013676910673551257
2023-10-06,0.018417040732007894
2023-10-09,0.010760474906663431
2023-10-10,0.0057668378619153415
2023-10-11,0.009114992220475626
2023-10-12,-0.011800740033887536
2023-10-13,-0.01120454364832224
2023-10-16,0.016102791736025024
2023-10-17,0.0035214093146667125
2023-10-18,-0.017253811084029347
2023-10-19,-0.0010416456283035558
2023-10-20,-0.009234346241796643
2023-10-23,0.005261431442890263
2023-10-24,0.011814205699499425
2023-10-25,-0.04330484957909686
2023-10-26,-0.021782700037367486
2023-10-27,-0.0036323794238226625
2023-10-30,0.020605413709590348
2023-10-31,0.005125133636452617
2023-11-01,0.014678393148536362
2023-11-02,0.01324822014276883
2023-11-03,0.015328986528955202
2023-11-06,-0.002664179544823897
2023-11-07,0.005342824277628555
2023-11-08,-0.004724091519311413
2023-11-09,-0.0002964546591575079
2023-11-10,0.015875328966062918
2023-11-13,-0.002190794402240015
2023-11-14,0.01624699386137385
2023-11-15,0.0048971997060600625
2023-11-16,0.004443182677122293
2023-11-17,-0.00014271241078112062
2023-11-20,0.011274330956791756
2023-11-21,-0.0033868456338007613
2023-11-22,0.008212811743287807
2023-11-24,-0.0033706726389102215
2023-11-27,-0.006200704449102479
2023-11-28,0.002410863166008914
2023-11-29,-0.00721475321295173
2023-11-30,-0.005842093509290103
2023-12-01,0.0020066274837968745
2023-12-04,-0.010013044967755791
2023-12-05,-0.0046236408847127874
2023-12-06,-0.002612857778797939
2023-12-07,0.020958075673790377
2023-12-08,0.004703919317407879
2023-12-11,-0.0076617372714479215
2023-12-12,0.004146498303710278
2023-12-13,0.009397679200571218
2023-12-14,0.00437276395878472
2023-12-15,-0.002527977086920541
2023-12-18,0.012336557664649472
2023-12-19,0.010178387352293372
2023-12-20,-0.007729247646246051
2023-12-21,0.009876110471104038
2023-12-22,0.0001376356405133894
2023-12-26,0.0038562685746372782
2023-12-27,0.00013719481760188224
2023-12-28,0.0027434132035688563
2023-12-29,-0.006018911285759376
2024-01-02,-0.0056430062473959985
2024-01-03,-0.003736857904936053
2024-01-04,-0.0033343027750177834
2024-01-05,0.004181713451364422
2024-01-08,0.015546905542702216
2024-01-09,-0.0020501147917489915
2024-01-10,0.00931369957397754
2024-01-11,-0.003257140479469789
2024-01-12,0.004901464262253352
2024-01-16,-0.0056902548283976895
2024-01-17,-0.006131599496611684
2024-01-18,0.012201755145919924
2024-01-19,0.013544806589121494
2024-01-22,0.002004465484017448
2024-01-23,0.00986921894112025
2024-01-24,0.0062071597293003045
2024-01-25,0.016275210698602605
2024-01-26,0.0032285632416169108
2024-01-29,0.008367771182407946
2024-01-30,-0.0067663327628901815
2024-01-31,-0.024678784095899187
2024-02-01,0.010279523451835804
2024-02-02,0.04017731970233118
2024-02-05,-0.014045441662951519
2024-02-06,-0.0030528956084311387
2024-02-07,0.0051034095740361
2024-02-08,0.0038081227703219422
2024-02-09,0.0011379059774556666
2024-02-12,0.0031579016693943363
2024-02-13,-0.014102229059167803
2024-02-14,0.01596434856753315
2024-02-15,0.008170773689760491
2024-02-16,-0.01558594798053281
2024-02-20,-0.0015200676829825177
2024-02-21,-0.0011417123137695828
2024-02-22,0.014986029294253855
2024-02-23,-0.0025022432746795165
2024-02-26,-0.014551115748239307
2024-02-27,0.008146746036683306
2024-02-28,-0.006818171992169053
2024-02-29,0.00889907564337955
2024-03-01,0.00831624766073058
2024-03-04,-0.013121406857559248
2024-03-05,-0.008104349498803343
2024-03-06,0.001404233863456339
2024-03-07,0.016190731024011473
2024-03-08,-0.0015054768309848976
2024-03-11,-0.0018846833859024192
2024-03-12,0.00881179658082698
2024-03-13,0.0017468683047356937
2024-03-14,-0.002366747235272748
2024-03-15,-0.009988795532904993
2024-03-18,0.020537202639176577
2024-03-19,-0.00037171045861472685
2024-03-20,0.011776394738009177
2024-03-21,0.00036761570029031354
2024-03-22,0.002081978212943536
2024-03-25,-0.003422155518788994
2024-03-26,-0.0020848822337555806
2024-03-27,0.005161574005849712
2024-03-28,-0.001589342513797276
2024-04-01,0.007714912535399909
2024-04-02,-0.0015797797249467171
2024-04-03,0.0079113024246944
2024-04-04,-0.0135247868669377
2024-04-05,0.010160243227905985
2024-04-08,0.00012123346254244716
2024-04-09,0.001090498696263431
2024-04-10,-0.007867349073479968
2024-04-11,0.008783684686086257
2024-04-12,-0.016446814529594733
2024-04-15,-0.01266450317600265
2024-04-16,-0.003362541404734243
2024-04-17,-0.0008746501859904221
2024-04-18,0.004877538841908002
2024-04-19,-0.01095212755835795
2024-04-22,0.001384163404918981
2024-04-23,0.01520484912036979
2024-04-24,0.0006188592604334797
2024-04-25,-0.03562605193570567
2024-04-26,0.027578441028273337
2024-04-29,-0.011609147963642208
2024-04-30,-0.01667079656288084
2024-05-01,0.009247448852447215
2024-05-02,0.010053407865062258
2024-05-03,0.010583274026711331
2024-05-06,0.013589402891837521
2024-05-07,0.0011069014806130983
2024-05-08,-0.001597058087028036
2024-05-09,0.005045446843821244
2024-05-10,0.0014691823325598818
2024-05-13,-0.0018338786447934519
2024-05-14,0.004532182450146749
2024-05-15,0.006340598569009703
2024-05-16,-0.0007270304778210779
2024-05-17,0.0016977327926688268
2024-05-20,0.0029051174110126254
2024-05-21,-0.0013276941849935664
2024-05-22,0.0012084543968633454
2024-05-23,-0.011347053404996643
2024-05-24,0.012820381608366738
2024-05-28,0.001687908837203933
2024-05-29,-0.005295530347462329
2024-05-30,-0.0032667463476822034
2024-05-31,0.010682152635020259
2024-06-03,0.003963468858818597
2024-06-04,0.003828418727414018
2024-06-05,0.012155694560113783
2024-06-06,0.0005887837562577047
2024-06-07,-0.006825160237968642
2024-06-10,0.00248827337148394
2024-06-11,0.0018908115712201745
2024-06-12,-0.0021233659892104795
2024-06-13,-0.008629803830393579
2024-06-14,0.0032196110108697606
2024-06-17,0.004754599246112878
2024-06-18,-0.0059150561468040985
2024-06-20,0.00428412987755733
2024-06-21,0.006517512590450858
2024-06-24,0.003352281900884879
2024-06-25,0.011176340683233255
2024-06-26,0.00011644870884675029
2024-06-27,0.005700279534410768
2024-06-28,-0.009138092592401947
2024-07-01,-0.0042027305097107615
2024-07-02,0.008909735725270762
2024-07-03,0.0003485397712661431
2024-07-05,0.019398404271006253
2024-07-08,-0.009001862944083228
2024-07-09,0.003104480821420008
2024-07-10,0.006304561219699245
2024-07-11,-0.013669059483179535
2024-07-12,-0.00323369283913999
2024-07-15,0.0035918034523250153
2024-07-16,0.0026551903914135977
2024-07-17,-0.01508341897009502
2024-07-18,-0.0005846722306299679
2024-07-19,-0.004444877050571949
2024-07-22,0.004229889991755442
2024-07-23,-0.0014040546504476836
2024-07-24,-0.026127666289681994
2024-07-25,-0.011549539374356765
2024-07-26,0.01874394960987802
2024-07-29,0.008841079473996594
2024-07-30,0.0040263899877994724
2024-07-31,0.011913312935467602
2024-08-01,0.004079606003212222
2024-08-02,-0.016252660932678187
2024-08-05,-0.028675877169544783
2024-08-06,0.011784701771650363
2024-08-07,-0.005283458285236464
2024-08-08,0.019917995333508465
2024-08-09,0.008521767635313315
2024-08-12,-0.0069240527165506105
2024-08-13,0.012999342101893019
2024-08-14,-0.005716329130955766
2024-08-15,0.009034394893351783
2024-08-16,0.003023205451058608
2024-08-19,0.011360999313510423
2024-08-20,-0.0006877396629871857
2024-08-21,0.004244083597054971
2024-08-22,-0.00753852616300843
2024-08-23,0.0070203771247812075
2024-08-26,0.0022855945792590315
2024-08-27,-0.0022803825492657692
2024-08-28,-0.0066285427556400656
2024-08-29,-0.0020709037401123176
2024-08-30,0.0066865316277666675
2024-09-03,-0.01832324860399548
2024-09-04,-0.004783143050906213
2024-09-05,0.0029305170656321877
2024-09-06,-0.02092096429103596
2024-09-09,0.004297459567223161
2024-09-10,-0.00023765968421352035
2024-09-11,0.004161091502875136
2024-09-12,0.018707257453937087
2024-09-13,0.00964676394460584
2024-09-16,0.010475247129505316
2024-09-17,0.0
2024-09-18,-0.0007975298795926955
2024-09-19,0.013567505694569881
2024-09-20,0.0
2024-09-23,0.0022452474391370103
2024-09-24,0.004728209201190214
2024-09-25,-0.0031372479844854473
2024-09-26,0.005619834653394662
2024-09-27,0.006035578802458641
2024-09-30,0.004332872947006017
2024-10-01,0.0007742918708146806
2024-10-02,-0.0030949418318639843
2024-10-03,-0.003437235623999446
2024-10-04,0.011126044483399156
2024-10-07,-0.013424362695816705
2024-10-08,0.00881103869499511
2024-10-09,0.00033181441565988123
2024-10-10,-0.007405135455467837
2024-10-11,0.006903558812924704
2024-10-14,0.004644466170146355
2024-10-15,0.0022014503783009953
2024-10-16,-0.0006590013438542153
2024-10-17,-0.004725886697460102
2024-10-18,0.007398595272466446
2024-10-21,-0.003946121805391556
2024-10-22,0.0014305937809213631
2024-10-23,-0.0075824674965628835
2024-10-24,0.003432668510526149
2024-10-25,0.0025380593941495277
2024-10-28,0.006384172118829801
2024-10-29,0.00940603398468598
2024-10-30,0.006067816656342373
2024-10-31,-0.008723675955807586
2024-11-01,0.003911394164795912
2024-11-04,-0.003355191522453671
2024-11-05,0.011076254209470227
2024-11-06,0.02459451805030488
2024-11-07,0.01310284195970457
2024-11-08,-0.0048629022013052525
2024-11-11,0.00561442586172789
2024-11-12,0.004549318204685404
2024-11-13,0.0004115209013459964
2024-11-14,-0.0011316337892367523
2024-11-15,-0.0199814622443657
2024-11-18,0.009879047105834982
2024-11-19,0.006556460160445088
2024-11-20,0.006410185315139705
2024-11-21,-0.0025682608028649856
2024-11-22,-0.0021629766157365005
2024-11-25,0.005160990087384576
2024-11-26,0.0036969064511251926
2024-11-27,0.0013301184986669323
2024-11-29,0.005415363002481577
2024-12-02,0.00823171688145452
2024-12-03,0.008063696222610606
2024-12-04,0.002299605021366391
2024-12-05,-0.0022943289709440595
2024-12-06,0.009199037408379684
2024-12-09,-0.021301850976503722
2024-12-10,0.015691495179612103
2024-12-11,0.016346031367051816
2024-12-12,0.001863294290683104
2024-12-13,-0.011942110824196495
2024-12-16,0.0038637001335659615
2024-12-17,-0.007500327869451762
2024-12-18,-0.028537314074208786
2024-12-19,-0.002763538979201452
2024-12-20,0.005439740043222674
2024-12-23,0.005465455510297312
2024-12-24,0.009466564077812878
2024-12-26,-0.0013108770193377417
2024-12-27,-0.008885234710090728
2024-12-30,-0.010493057572040443
2024-12-31,-0.003294630498797302
2025-01-02,0.004854919321880757
2025-01-03,0.00616772909372143
2025-01-06,0.010829692949516856
2025-01-07,-0.011117981506258534
2025-01-08,-0.005927958352139329
2025-01-10,-0.01490858805867834
2025-01-13,0.0004175228147256238
2025-01-14,-0.003338467274757284
2025-01-15,0.016434492112505694
2025-01-16,-0.0056641337982364925
2025-01-17,0.008700138870253449
2025-01-21,0.009035769396258164
2025-01-22,0.009972571863448909
2025-01-23,0.0026196406350640355
2025-01-24,0.009044305913878059
2025-01-27,0.005178753862543406
2025-01-28,0.004854796527224314
2025-01-29,0.004437065399944151
2025-01-30,0.0009816756399214643
2025-01-31,0.004020681326734277
2025-02-03,0.0021488981464983237
2025-02-04,0.008966902517091535
2025-02-05,-0.009659990147874775
2025-02-06,0.004291851938278413
2025-02-07,-0.002136717951585654
2025-02-10,0.004477304096687229
2025-02-11,0.0016473112935027068
2025-02-12,0.0010641586943500592
2025-02-13,0.011499679514811456
2025-02-14,0.00611452465632234
2025-02-18,-0.004652951330212374
2025-02-19,0.0011449015311983946
2025-02-20,-0.0046694298894564
2025-02-21,-0.013690726748779025
2025-02-24,0.001941359917279728
2025-02-25,-0.014822631041245593
2025-02-26,-0.001770098394308417
2025-02-27,-0.009654190310777189
2025-02-28,0.014622415130652655
2025-03-03,-0.009999922272381223
2025-03-04,-0.007922392824392888
2025-03-05,0.012876800130803279
2025-03-06,-0.017936365564532708
2025-03-07,0.006422474226023711
2025-03-10,-0.02492768768601905
2025-03-11,-0.014725460936625523
2025-03-12,0.00498187360149438
2025-03-13,-0.020551539264844876
2025-03-14,0.0183467430055142
2025-03-17,0.007144348646636711
2025-03-18,-0.013981670507534183
2025-03-19,0.01188614933431742
2025-03-20,-0.0021638884352642718
2025-03-21,0.007847921610283581
2025-03-24,0.014160821333315754
2025-03-25,0.01266582416547557
2025-03-26,-0.008505166138171871
2025-03-27,-0.004440323381260103
2025-03-28,-0.029498255656009276
2025-03-31,0.007415906222249413
2025-04-01,0.0006221625619506899
2025-04-02,0.00352294510640494
2025-04-03,-0.04460506438568146
2025-04-04,-0.057278708340829154
2025-04-07,0.0013755832261723722
2025-04-08,-0.013966778140708569
2025-04-09,0.08835484899120605
2025-04-10,-0.034563712068976016
2025-04-11,0.008508273583935244
2025-04-14,0.006683455959638485
2025-04-15,0.002503344684001041
2025-04-16,-0.02692436805909837
2025-04-17,0.006471122737868429
2025-04-21,-0.022503095228392667
2025-04-22,0.02608305592237614
2025-04-23,0.01602561383949408
2025-04-24,0.020015195559977883
2025-04-25,0.006291980742579195
2025-04-28,0.003815169716004485
2025-04-29,0.007284697597705891
2025-04-30,0.00031435148034764104
2025-05-01,0.0051341878304760336
2025-05-02,0.015532052769266391
2025-05-05,0.0023609865756997195
2025-05-06,-0.00020489136277979103
2025-05-07,-0.0018436926867564374
2025-05-08,0.002360259746703175
2025-05-09,-0.005118825241745895
2025-05-12,0.020786137162949636
2025-05-13,0.009778288041417893
2025-05-14,0.005191243265871837
2025-05-15,0.0039725062536541955
2025-05-16,0.006825590067694787
2025-05-19,0.000982509743095994
2025-05-20,-0.0024538634130283343
2025-05-21,-0.00747801948436877
2025-05-22,-0.002181021431088226
2025-05-23,-0.004570361678410628
2025-05-27,0.016269139161156243
2025-05-28,-0.0001964247381204265
2025-05-29,-0.008055071852353657
2025-05-30,0.004159308816158447
2025-06-02,0.00493088257265395
2025-06-03,-0.0028459228786306134
2025-06-04,0.006397073551844157
2025-06-05,0.0013690570002626856
2025-06-06,0.012792947656486309
2025-06-09,-0.0028926028060223263
2025-06-10,0.01266799887727399
2025-06-11,-0.0022918219581490318
2025-06-12,-0.008135661496189828
2025-06-13,-0.01013211128481728
2025-06-16,0.0171573123721962
2025-06-17,-0.008817313698243678
2025-06-18,0.00048346469127125147
2025-06-20,-0.006088785605099067
2025-06-23,0.012662020572574484
2025-06-24,0.01289825269376843
2025-06-25,-0.00019003590529076408
2025-06-26,0.011595848949208065
2025-06-27,0.011744766450208166
2025-06-30,0.007893759597110028
2025-07-01,-0.007094764635941275
2025-07-02,-0.0028768266751714178
2025-07-03,0.005490946429427712
2025-07-07,-0.009626055579148862
2025-07-08,-0.0020561017552852556
2025-07-09,0.00262224187089255
2025-07-10,-0.003362605540883412
2025-07-11,-0.006466703169606625
2025-07-14,0.009810385933003873
2025-07-15,-0.009901953821825571
2025-07-16,0.0030191333612972215
2025-07-17,0.003480453031419861
2025-07-18,-0.004593170814325753
2025-07-21,0.01337222929535864
2025-07-22,0.0023231958591989343
2025-07-23,0.0054700740160695815
2025-07-24,0.001659753556493726
2025-07-25,-0.009297571116848147
2025-07-28,-0.0053893644742865066
2025-07-29,-0.008594906855905693
2025-07-30,0.0031096557107630485
2025-07-31,0.009018332188229339
2025-08-01,-0.012010037410416508
2025-08-04,0.019223549204892665
2025-08-05,-0.007766354334439618
2025-08-06,0.0038204394867966673
2025-08-07,-0.004270035070643385
2025-08-08,0.0033560227554643163
2025-08-11,0.00511016662813657
2025-08-12,0.019134768426811055
2025-08-13,0.00780044201347363
2025-08-14,0.0008099748663179529
2025-08-15,0.002518012432880079
2025-08-18,-0.006099735157807817
2025-08-19,-0.005595653214881757
2025-08-20,-0.002995138112041551
2025-08-21,-0.0010923306927500542
2025-08-22,0.014398907214391743
2025-08-25,0.0016171078468762978
2025-08-26,-0.0043950082506833965
2025-08-27,0.001711702813574023
2025-08-28,0.0037773238694245315
2025-08-29,-0.001971175401135894
2025-09-02,-0.0017057098287706074
2025-09-03,0.01672664442432681
2025-09-04,0.009021772002271389
2025-09-05,0.005347121653862974
2025-09-08,0.0011334808549543496
2025-09-09,0.005661054331945747
2025-09-10,-0.007361219295432986
2025-09-11,0.015355020218739135
2025-09-12,0.00833476743592465
2025-09-15,0.014060557252612682
2025-09-16,-0.004033683836699442
2025-09-17,0.0026156502470211507
2025-09-18,0.0007573534314939678
2025-09-19,0.004120477103131348
2025-09-22,-0.003487549106672594
2025-09-23,-0.0014336158401103694
2025-09-24,-0.008276356106956095
2025-09-25,-0.0034062975801701922
2025-09-26,0.009741086913948704
2025-09-29,0.0032157475560692372
2025-09-30,-0.0015183492243117103
2025-10-01,-0.01402385421636998
2025-10-02,-0.0022277623020310333
2025-10-03,-0.0005152216416151045
2025-10-06,0.0010310400138442422
2025-10-07,-0.0038623686326135775
2025-10-08,-0.004135755106290939
2025-10-09,-0.0057103621011713734
2025-10-10,-0.018447573537817785
2025-10-13,0.00921979838649123
2025-10-14,0.006588194168365202
2025-10-15,0.0070687251407166585
2025-10-16,-0.010658607804764686
2025-10-17,0.006744366162829474
2025-10-20,0.011310208758921858
2025-10-21,0.003527216703753666
2025-10-22,-0.008658397968442366
2025-10-23,-0.0033725301946286868
2025-10-24,0.00260306335581606
2025-10-27,0.01393336709502635
2025-10-28,-0.004950510523432761
2025-10-29,-0.0024875700031949943
2025-10-30,-0.016940417965377152
2025-10-31,0.004286195460790454
2025-11-03,-0.010626262926976326
2025-11-04,-0.006866791129886529
2025-11-05,0.0054073275733803605
2025-11-06,-0.008993093453828704
2025-11-07,-0.0025800792846125686
2025-11-10,0.010436162363532064
2025-11-11,0.008121452850098798
2025-11-12,-0.005779299915515512
2025-11-13,-0.014180029922224446
2025-11-14,-0.005360479518316863
2025-11-17,-0.0013473594126633959
2025-11-18,0.0056664620587218995
2025-11-19,-0.00554507763818346
2025-11-20,-0.010972220468706495
2025-11-21,0.01755024355508006
2025-11-24,0.009919576364749716
2025-11-25,0.011414926919232293
2025-11-26,0.001399790275091961
2025-11-28,0.00812511193966925
2025-12-01,-0.004679789569145165
2025-12-02,0.0033087060327485762
2025-12-03,-0.0008678825011039226
