Date,XLF
2020-01-03,-0.01061793064592842
2020-01-06,-0.0006502075111965988
2020-01-07,-0.006508311971401559
2020-01-08,0.0065509475819733876
2020-01-09,0.0061828583202150345
2020-01-10,-0.007438474332319589
2020-01-13,0.0068424642625510845
2020-01-14,-0.0019417037507771795
2020-01-15,-0.005512426813502946
2020-01-16,0.008803539411739614
2020-01-17,0.002908927387655913
2020-01-21,-0.008379026055557515
2020-01-22,0.0029248605198071154
2020-01-23,-0.002592523569883598
2020-01-24,-0.012670211784956864
2020-01-27,-0.015465843967114035
2020-01-28,0.011697975888193657
2020-01-29,-0.0016520673528775953
2020-01-30,0.012574547312919737
2020-01-31,-0.020914886089472562
2020-02-03,0.007009257917500067
2020-02-04,0.00961221546274249
2020-02-05,0.020026276854011593
2020-02-06,-0.0012872951726362603
2020-02-07,-0.0035450358090480805
2020-02-10,0.002910740233332376
2020-02-11,0.0035473224636719536
2020-02-12,0.0006427500080958826
2020-02-13,-0.00032137339984106283
2020-02-14,0.001285155582231079
2020-02-18,-0.008662387085297318
2020-02-19,0.007443358258516053
2020-02-20,-0.0019273577366509809
2020-02-21,-0.009655534948401101
2020-02-24,-0.03249925634747597
2020-02-25,-0.03392667120882953
2020-02-26,-0.00730201179943013
2020-02-27,-0.04273185645947197
2020-02-28,-0.027076505958768426
2020-03-02,0.051146980433371736
2020-03-03,-0.03756707115121627
2020-03-04,0.033085411744453674
2020-03-05,-0.048218640275948244
2020-03-06,-0.03402641625214353
2020-03-09,-0.10724090040266987
2020-03-10,0.05874636309024206
2020-03-11,-0.054244512276288126
2020-03-12,-0.10814347105068534
2020-03-13,0.13156604066817468
2020-03-16,-0.1370931820888187
2020-03-17,0.05429858207405269
2020-03-18,-0.08488313123015712
2020-03-19,0.02188634443405224
2020-03-20,-0.035696202915916686
2020-03-23,-0.05818350917069137
2020-03-24,0.12400885885003987
2020-03-25,0.027204095717123344
2020-03-26,0.06277594871766246
2020-03-27,-0.030456824642613234
2020-03-30,0.019038662631635006
2020-03-31,-0.027557110932006523
2020-04-01,-0.06099923042650568
2020-04-02,0.025063742856292537
2020-04-03,-0.019959882667269224
2020-04-06,0.07179209792820562
2020-04-07,0.009976571137439993
2020-04-08,0.04374411089865782
2020-04-09,0.05362761729087673
2020-04-13,-0.036355729078983545
2020-04-14,0.004438410780943869
2020-04-15,-0.04330537891251651
2020-04-16,-0.017552229004252906
2020-04-17,0.052656520017504205
2020-04-20,-0.0174181536696848
2020-04-21,-0.032272917927809175
2020-04-22,0.010803151150142076
2020-04-23,-0.00418206731806825
2020-04-24,0.014465699853476677
2020-04-27,0.034038548349323516
2020-04-28,0.01067627372810076
2020-04-29,0.029049170391555634
2020-04-30,-0.02523514888201317
2020-05-01,-0.03203181414600542
2020-05-04,-0.009065949372544457
2020-05-05,-0.0032022667774466163
2020-05-06,-0.021569509412085353
2020-05-07,0.02345194415177243
2020-05-08,0.021540147763332573
2020-05-11,-0.019291170569801896
2020-05-12,-0.02607507735869896
2020-05-13,-0.029591618982357293
2020-05-14,0.02565363460504866
2020-05-15,-0.006607037378293157
2020-05-18,0.05130633460638201
2020-05-19,-0.02440094385323155
2020-05-20,0.02223256209088409
2020-05-21,-0.0031716055238015795
2020-05-22,-0.003636594321607789
2020-05-26,0.05200722029160465
2020-05-27,0.04336501890364519
2020-05-28,-0.01579356479025984
2020-05-29,-0.011402317802672535
2020-06-01,0.011533830200096018
2020-06-02,0.008023635640066695
2020-06-03,0.037285226084105005
2020-06-04,0.021809331848833047
2020-06-05,0.037154037291613706
2020-06-08,0.019055189749260792
2020-06-09,-0.02131650137247576
2020-06-10,-0.03744748465695236
2020-06-11,-0.08177843601390011
2020-06-12,0.030263759823692782
2020-06-15,0.013848030759050056
2020-06-16,0.015728277522194967
2020-06-17,-0.015077345039519852
2020-06-18,-0.001241123663070609
2020-06-19,-0.006628075814413825
2020-06-22,-0.004952222904450743
2020-06-23,0.004639447104427541
2020-06-24,-0.03526450378601298
2020-06-25,0.026544966456657715
2020-06-26,-0.04281486754407604
2020-06-29,0.011071789897618034
2020-06-30,0.013578532375183361
2020-07-01,-0.008642896814385903
2020-07-02,0.0013075088613905272
2020-07-06,0.01915546434340154
2020-07-07,-0.020503893037204346
2020-07-08,0.01046664293158095
2020-07-09,-0.021147994188630115
2020-07-10,0.03439122699321895
2020-07-13,0.004262771303185753
2020-07-14,0.005093470392180555
2020-07-15,0.019847945476935358
2020-07-16,0.0
2020-07-17,-0.008281866775709412
2020-07-20,-0.004592606678216593
2020-07-21,0.019714738304199342
2020-07-22,0.0
2020-07-23,0.0008228651200066217
2020-07-24,-0.002466135198832098
2020-07-27,-0.008240744752786244
2020-07-28,-0.002492774374676321
2020-07-29,0.018742179706836115
2020-07-30,-0.017988420525963167
2020-07-31,0.0004162690467290897
2020-08-03,0.0029128452263833537
2020-08-04,-0.004149047210754042
2020-08-05,0.013749982979237574
2020-08-06,-0.0004113956420648268
2020-08-07,0.02138182460924165
2020-08-10,0.007246422645439621
2020-08-11,0.011590656005358468
2020-08-12,-0.0027657825945567316
2020-08-13,-0.006339286403463595
2020-08-14,0.003987341275217604
2020-08-17,-0.01667979076321513
2020-08-18,-0.006462180015104013
2020-08-19,-0.00040645466702016186
2020-08-20,-0.009353280910910478
2020-08-21,-0.0020525533813942065
2020-08-24,0.023858435143036205
2020-08-25,0.002812369071026888
2020-08-26,-0.004807611203390905
2020-08-27,0.01690826328317563
2020-08-28,0.003958677950510525
2020-08-31,-0.011829453650316402
2020-09-01,0.0027931230640174665
2020-09-02,0.014325432260465343
2020-09-03,-0.015299901642491509
2020-09-04,0.007569633963959488
2020-09-08,-0.02570204431833112
2020-09-09,0.010146231527853766
2020-09-10,-0.014061929520002736
2020-09-11,0.006927647642219759
2020-09-14,0.01375937760771695
2020-09-15,-0.013572626711662594
2020-09-16,0.011331421703445255
2020-09-17,-0.010404320364377107
2020-09-18,-0.0020217594754251555
2020-09-21,-0.025056027838257888
2020-09-22,-0.008357734763699831
2020-09-23,-0.02233457213821588
2020-09-24,0.002155425755856033
2020-09-25,0.010322214347602054
2020-09-28,0.023839951935344716
2020-09-29,-0.012473833994998462
2020-09-30,0.013473529930100314
2020-10-01,0.0016617900973616706
2020-10-02,0.007880731426307852
2020-10-05,0.016460866891720105
2020-10-06,-0.01012138150805586
2020-10-07,0.016768720815297122
2020-10-08,0.013676722460737256
2020-10-09,0.0011903514893489842
2020-10-12,0.011097866760363395
2020-10-13,-0.019207995831556968
2020-10-14,-0.00959215400872171
2020-10-15,0.007667397903950768
2020-10-16,0.0008009049834161175
2020-10-19,-0.015206184084407992
2020-10-20,0.008126801708984388
2020-10-21,-0.005239833787816672
2020-10-22,0.019854305189222154
2020-10-23,0.003178246776869287
2020-10-26,-0.022574285953332107
2020-10-27,-0.018233504234975606
2020-10-28,-0.02558787398212603
2020-10-29,0.007623794894891844
2020-10-30,0.002942338124550581
2020-11-02,0.018860225727200808
2020-11-03,0.02221280838517492
2020-11-04,-0.01166991725319888
2020-11-05,0.024430123960026195
2020-11-06,-0.007949396131575415
2020-11-09,0.08213155683008289
2020-11-10,0.005183134034337344
2020-11-11,-0.004051474141263167
2020-11-12,-0.016641964761491823
2020-11-13,0.016547512748805726
2020-11-16,0.022197547147531527
2020-11-17,-0.0014478267367398212
2020-11-18,-0.009423499433085847
2020-11-19,0.0032930445240233475
2020-11-20,-0.008752654593253584
2020-11-23,0.01876374707715911
2020-11-24,0.03503053929403199
2020-11-25,-0.0034890851686584234
2020-11-27,-0.00315114947253603
2020-11-30,-0.020723616760728425
2020-12-01,0.015423171358598609
2020-12-02,0.010950348221470785
2020-12-03,0.00034919952723755365
2020-12-04,0.012225066801029083
2020-12-07,-0.006901403134812023
2020-12-08,-0.00034740302305058535
2020-12-09,-0.0024332456039223294
2020-12-10,0.0017422926905084068
2020-12-11,-0.01008693920545689
2020-12-14,-0.011595324945592456
2020-12-15,0.017063773886665246
2020-12-16,0.0017474819096627847
2020-12-17,0.0027913699062716013
2020-12-18,-0.008698396133537067
2020-12-21,0.013479968716029855
2020-12-22,-0.009749283321319524
2020-12-23,0.01652599535090249
2020-12-24,0.0013837242942247308
2020-12-28,0.004835770211437884
2020-12-29,-0.003437549509831328
2020-12-30,0.004484193380955626
2020-12-31,0.012362714391565222
2021-01-04,-0.013568713888709616
2021-01-05,0.004470601280372799
2021-01-06,0.04416310058165274
2021-01-07,0.014426120352424965
2021-01-08,-0.0006464684783992203
2021-01-11,0.0032342322882101815
2021-01-12,0.010315951268204948
2021-01-13,-0.000638283536351314
2021-01-14,0.00447017676654049
2021-01-15,-0.01652903994070065
2021-01-19,0.0025856729805846523
2021-01-20,-0.00419100760146629
2021-01-21,-0.010682923684403156
2021-01-22,-0.007198966947598806
2021-01-25,-0.007250962958753493
2021-01-26,-0.007968335537949511
2021-01-27,-0.02945105766852074
2021-01-28,0.01862073159376809
2021-01-29,-0.019972894685280407
2021-02-01,0.013126214203804443
2021-02-02,0.024206987505646982
2021-02-03,0.005658922439953695
2021-02-04,0.022178300870663525
2021-02-05,0.0003237280804917475
2021-02-08,0.012949360263659004
2021-02-09,0.00031955240146119834
2021-02-10,0.0
2021-02-11,-0.003194900447362814
2021-02-12,0.010256436483606857
2021-02-16,0.01713195320545058
2021-02-17,0.00499068762639121
2021-02-18,-0.005897148087756987
2021-02-19,0.011864067387255872
2021-02-22,0.009256309739758661
2021-02-23,0.006114298631135995
2021-02-24,0.01944696510361732
2021-02-25,-0.018181852996054793
2021-02-26,-0.01912552028210812
2021-03-01,0.03125949638821379
2021-03-02,-0.0036013803238854614
2021-03-03,0.007831318645753926
2021-03-04,-0.011356963046981305
2021-03-05,0.019045080442172013
2021-03-08,0.012755611240080178
2021-03-09,-0.009080014589791352
2021-03-10,0.020395843318053553
2021-03-11,-0.002897062986011778
2021-03-12,0.01016891028261524
2021-03-15,-0.005751927997583617
2021-03-16,-0.010413894848225635
2021-03-17,0.006723097222405716
2021-03-18,0.005226754121608446
2021-03-19,-0.01155429677880615
2021-03-22,-0.012885497595914286
2021-03-23,-0.01397564397051898
2021-03-24,0.0036188408186628163
2021-03-25,0.016826657518073995
2021-03-26,0.015662224563380178
2021-03-29,-0.008728477293461268
2021-03-30,0.007044425009988808
2021-03-31,-0.007578132352132005
2021-04-01,0.012334576532100128
2021-04-05,0.007833368247792905
2021-04-06,-0.002015633811716766
2021-04-07,0.004903824204513629
2021-04-08,0.00028708742581939894
2021-04-09,0.008608256485881594
2021-04-12,0.0042672760349209415
2021-04-13,-0.009348326689967101
2021-04-14,0.006005244175583346
2021-04-15,-0.0008528211949114795
2021-04-16,0.0071122441157525085
2021-04-19,-0.0028248768669568713
2021-04-20,-0.01869677027200789
2021-04-21,0.013856900415499807
2021-04-22,-0.011104794003345408
2021-04-23,0.018715864994654163
2021-04-26,0.003956945706291792
2021-04-27,0.007882816164739292
2021-04-28,0.003910639315589215
2021-04-29,0.01780768412965128
2021-04-30,-0.008748115787408861
2021-05-03,0.0049639512965835575
2021-05-04,0.007958282344471268
2021-05-05,0.008167763078812396
2021-05-06,0.014852861486915225
2021-05-07,0.005322123469179818
2021-05-10,-0.0007942397087962183
2021-05-11,-0.017748075290638377
2021-05-12,-0.010248174912808827
2021-05-13,0.016076112608343296
2021-05-14,0.015821981517673667
2021-05-17,0.001847898075850507
2021-05-18,-0.013965452678467716
2021-05-19,-0.0061468689716984715
2021-05-20,0.0005378934149995462
2021-05-21,0.009943571515225624
2021-05-24,0.0047898123021195005
2021-05-25,-0.010063295275157702
2021-05-26,0.0029426024187249045
2021-05-27,0.011469521426382023
2021-05-28,0.001846166636180202
2021-06-01,0.00605431691445224
2021-06-02,0.0015697604118083408
2021-06-03,0.002350950189175416
2021-06-04,0.0026062194386222703
2021-06-07,-0.006498343638332349
2021-06-08,-0.0026165552503842893
2021-06-09,-0.009443920780435877
2021-06-10,-0.011652725504033512
2021-06-11,0.0064311312482150385
2021-06-14,-0.010383616389542771
2021-06-15,0.001883417918402408
2021-06-16,-0.0010737882320299708
2021-06-17,-0.029570402355267644
2021-06-18,-0.024099594251905776
2021-06-21,0.023339481579623067
2021-06-22,0.0016707856412236932
2021-06-23,0.0019459985682952485
2021-06-24,0.012486149815095215
2021-06-25,0.012058017700410817
2021-06-28,-0.007310987403982949
2021-06-29,-0.0035463123822268017
2021-06-30,0.004380147919860189
2021-07-01,0.007904234653864695
2021-07-02,-0.0010819614410504386
2021-07-06,-0.01570081620523256
2021-07-07,0.0013750894825492743
2021-07-08,-0.020049866450115195
2021-07-09,0.028868101031154225
2021-07-12,0.009806474669200815
2021-07-13,-0.010790465576370312
2021-07-14,-0.004635893711360084
2021-07-15,0.0032876698137704885
2021-07-16,-0.013653716545145245
2021-07-19,-0.0279624013788331
2021-07-20,0.024779577173537737
2021-07-21,0.01723153580436443
2021-07-22,-0.010928807112427497
2021-07-23,0.0016572872556688267
2021-07-26,0.005791644960466469
2021-07-27,-0.00027407572694304605
2021-07-28,-0.0013714306842453894
2021-07-29,0.010985948308033233
2021-07-30,-0.007878354455608028
2021-08-02,0.00027358795807841396
2021-08-03,0.011223714162017062
2021-08-04,-0.008391807884743474
2021-08-05,0.013104118323381098
2021-08-06,0.020210034623306727
2021-08-09,0.0026411097763290314
2021-08-10,0.01053747693668261
2021-08-11,0.011470420304219964
2021-08-12,0.0018040610281293556
2021-08-13,-0.007460930854244374
2021-08-16,-0.0025918205896383606
2021-08-17,-0.00701638844886554
2021-08-18,-0.012300660290434862
2021-08-19,-0.0074192528560698134
2021-08-20,0.006139779384867872
2021-08-23,0.008225363330772062
2021-08-24,0.00605242012982643
2021-08-25,0.011770989375899932
2021-08-26,-0.004912353105436806
2021-08-27,0.013250056780923725
2021-08-30,-0.014102288885888936
2021-08-31,-0.0013004518337910165
2021-09-01,-0.005729075020946106
2021-09-02,0.003404913301735757
2021-09-03,-0.006264894223854678
2021-09-07,-0.006041077861209887
2021-09-08,-0.002378678180482763
2021-09-09,0.002913914956449215
2021-09-10,-0.00739562845255437
2021-09-13,0.011442077306668796
2021-09-14,-0.013417381827484864
2021-09-15,0.009599995265269223
2021-09-16,-0.0029054487259514428
2021-09-17,-0.004503263728465434
2021-09-20,-0.02319760022713324
2021-09-21,-0.00136775501868458
2021-09-22,0.016712470434594673
2021-09-23,0.024521325456785092
2021-09-24,0.005260565584530585
2021-09-27,0.01360531762372963
2021-09-28,-0.016520438168939
2021-09-29,0.0007876320395352465
2021-09-30,-0.015735628307882
2021-10-01,0.016520078016325712
2021-10-04,-0.008650021105068961
2021-10-05,0.01956628202878119
2021-10-06,0.0010371879587709465
2021-10-07,0.0059585262064683064
2021-10-08,0.004893256296075732
2021-10-11,-0.009994757209728089
2021-10-12,-0.0031063490477821754
2021-10-13,-0.005713055461333272
2021-10-14,0.01671459354847804
2021-10-15,0.01489844534945095
2021-10-18,0.00025334719181824283
2021-10-19,0.009868200668497362
2021-10-20,0.008018165635817809
2021-10-21,-0.0042257516954326
2021-10-22,0.01397906965222151
2021-10-25,-0.0012311129442358348
2021-10-26,0.0007394774010016647
2021-10-27,-0.016502422264330074
2021-10-28,0.012271548256819642
2021-10-29,-0.003958548582808419
2021-11-01,0.0004968486500211977
2021-11-02,0.0024827047817441716
2021-11-03,0.003714783663383736
2021-11-04,-0.013076755156964048
2021-11-05,0.0004997711385799075
2021-11-08,0.005497497330857692
2021-11-09,-0.005467440093536946
2021-11-10,-0.001749092143973896
2021-11-11,0.00275356490417078
2021-11-12,0.0022468788100276083
2021-11-15,0.0
2021-11-16,-0.0009963174476333991
2021-11-17,-0.01146841431618384
2021-11-18,-0.005044097146140403
2021-11-19,-0.010900120403602553
2021-11-22,0.014095334462017162
2021-11-23,0.015668297033589962
2021-11-24,-0.0022392039182556056
2021-11-26,-0.033167056335857814
2021-11-29,0.0030951321149486066
2021-11-30,-0.02391354856958139
2021-12-01,-0.011064388264911407
2021-12-02,0.02983492495592932
2021-12-03,-0.016295811095742407
2021-12-06,0.015251022212006804
2021-12-07,0.017870946222452222
2021-12-08,-0.005343408910575609
2021-12-09,-0.0020466692943597042
2021-12-10,0.0010253284665024953
2021-12-13,-0.010755235959690745
2021-12-14,0.005953897470671432
2021-12-15,0.0028305894479534466
2021-12-16,0.012573847912705327
2021-12-17,-0.022047765734244384
2021-12-20,-0.01942391258125864
2021-12-21,0.020711477548290613
2021-12-22,0.004682743269397438
2021-12-23,0.005178715077129636
2021-12-27,0.010303753576927255
2021-12-28,0.00050998018024484
2021-12-29,-0.0012744562698754347
2021-12-30,-0.0017857257915837588
2021-12-31,-0.0017896490819849786
2022-01-03,0.012291974015557816
2022-01-04,0.0263091494545431
2022-01-05,-0.011584785250452923
2022-01-06,0.014713296639723428
2022-01-07,0.011796546015047316
2022-01-10,-0.0034007754009293123
2022-01-11,0.008774096206150439
2022-01-12,0.0007250118867312416
2022-01-13,-0.003862945380316174
2022-01-14,-0.010421616567663716
2022-01-18,-0.02228766687121997
2022-01-19,-0.01678348361400006
2022-01-20,-0.006369515315413632
2022-01-21,-0.020512710727179084
2022-01-24,0.0028794121551132257
2022-01-25,0.004176539427825032
2022-01-26,0.0025992950396787062
2022-01-27,-0.00907426355754215
2022-01-28,0.013082231887347584
2022-01-31,0.008780983151190691
2022-02-01,0.01382450951738412
2022-02-02,0.00681841065497002
2022-02-03,-0.01103583341258585
2022-02-04,0.016992156774846112
2022-02-07,0.00299232489282808
2022-02-08,0.013923602257668977
2022-02-09,0.006375727592372149
2022-02-10,-0.00877195681067644
2022-02-11,-0.014011642662664636
2022-02-14,-0.01121928192168542
2022-02-15,0.013615672991352579
2022-02-16,0.0007462710005228246
2022-02-17,-0.02485711610155117
2022-02-18,-0.00025497698251353285
2022-02-22,-0.005099386424578856
2022-02-23,-0.017426946730294768
2022-02-24,-0.011997916232459938
2022-02-25,0.03220700042888902
2022-02-28,-0.014833563412397721
2022-03-01,-0.036864252124886754
2022-03-02,0.025876095053636083
2022-03-03,-0.0031529264570059334
2022-03-04,-0.018713639249831382
2022-03-07,-0.03652964639787126
2022-03-08,-0.005854605760206355
2022-03-09,0.03673576420182023
2022-03-10,-0.008384947216904304
2022-03-11,-0.007092479079236491
2022-03-14,0.012637590596979997
2022-03-15,0.014107550320535234
2022-03-16,0.028089752363502862
2022-03-17,0.012490280385895502
2022-03-18,0.0023129324187671774
2022-03-21,-0.0009785113886402463
2022-03-22,0.01623327479511616
2022-03-23,-0.018509119912640704
2022-03-24,0.008008276046521434
2022-03-25,0.012813980044222628
2022-03-28,-0.0027833741590286287
2022-03-29,0.002283746641549067
2022-03-30,-0.007088697820620049
2022-03-31,-0.022947378351266035
2022-04-01,-0.0026097802124857017
2022-04-04,-0.004447948683002134
2022-04-05,-0.006307449738076287
2022-04-06,-0.00687646125338115
2022-04-07,-0.0010652754558158062
2022-04-08,0.010130584573027734
2022-04-11,-0.00448658078388342
2022-04-12,-0.010869754604513004
2022-04-13,0.0
2022-04-14,-0.011257019122807854
2022-04-18,0.0059638397538361865
2022-04-19,0.01374275542738257
2022-04-20,0.006911299649792646
2022-04-21,-0.015839606115947036
2022-04-22,-0.029774518468121514
2022-04-25,0.001658878685495191
2022-04-26,-0.025117432479053958
2022-04-27,-0.0008490558560905193
2022-04-28,0.012751258830436374
2022-04-29,-0.03441525442102311
2022-05-02,0.0002897790179301474
2022-05-03,0.013035925596904141
2022-05-04,0.030597680776819125
2022-05-05,-0.029134304191637206
2022-05-06,-0.007144862158526832
2022-05-09,-0.023891836393412857
2022-05-10,-0.008846891088995168
2022-05-11,-0.009223395806588264
2022-05-12,-0.007507773299614273
2022-05-13,0.014523419922211733
2022-05-16,-0.008350416586155651
2022-05-17,0.026766854140450658
2022-05-18,-0.02753360553659534
2022-05-19,-0.0066267476923599355
2022-05-20,-0.001819149915678997
2022-05-23,0.03250318748106795
2022-05-24,-0.002059664321204746
2022-05-25,0.007959825143981636
2022-05-26,0.02310633284458219
2022-05-27,0.0168666627852736
2022-05-31,-0.0028114351618040434
2022-06-01,-0.01606967494647793
2022-06-02,0.013753492397369893
2022-06-03,-0.014414860064825619
2022-06-06,0.002867756729903359
2022-06-07,0.007720882997177769
2022-06-08,-0.017593550025545635
2022-06-09,-0.02513008289470431
2022-06-10,-0.03614817721095687
2022-06-13,-0.02981857409653388
2022-06-14,-0.008555110229972351
2022-06-15,0.011185599370602484
2022-06-16,-0.025284438635186923
2022-06-17,0.0029182364322690724
2022-06-21,0.019957212948444436
2022-06-22,-0.002230848268882313
2022-06-23,-0.003832594874815465
2022-06-24,0.03687088778443459
2022-06-27,-0.0034013240438552916
2022-06-28,-0.0099286619034481
2022-06-29,-0.005640890553912703
2022-06-30,-0.008824454266209592
2022-07-01,0.013672291135096382
2022-07-05,-0.003450149694459226
2022-07-06,-0.002518215959167458
2022-07-07,0.014515707989675386
2022-07-08,-0.002177293290499982
2022-07-11,-0.008104753721717928
2022-07-12,-0.006285425825805491
2022-07-13,-0.008855216919409603
2022-07-14,-0.019144823188768534
2022-07-15,0.03383227484062212
2022-07-18,-0.003776167132902075
2022-07-19,0.03000646861447387
2022-07-20,0.003679807667201329
2022-07-21,0.006416192279621757
2022-07-22,-0.005768140335213445
2022-07-25,0.006412089280689814
2022-07-26,-0.013956152289181123
2022-07-27,0.015384727134022613
2022-07-28,0.007272759733754519
2022-07-29,0.014139420822527393
2022-08-01,-0.008305899488249335
2022-08-02,-0.011068061941794882
2022-08-03,0.01512400386865731
2022-08-04,-0.0032777364271362464
2022-08-05,0.007174739608435177
2022-08-08,-0.0005934511240086593
2022-08-09,0.005048738151046006
2022-08-10,0.022458934717451973
2022-08-11,0.011849482104890008
2022-08-12,0.01571003428069262
2022-08-15,-0.00028120664659936345
2022-08-16,0.007313315883325178
2022-08-17,-0.005026271206113542
2022-08-18,0.0011226167753060068
2022-08-19,-0.019904895001099043
2022-08-22,-0.022025113183855916
2022-08-23,-0.0040944100856804555
2022-08-24,0.0052859518381309645
2022-08-25,0.015483754141939698
2022-08-26,-0.029919330412354395
2022-08-29,-0.00711746881200781
2022-08-30,-0.005376488270206092
2022-08-31,-0.007507713300323071
2022-09-01,0.003025936485065106
2022-09-02,-0.007843213396683923
2022-09-06,-0.00243234102563461
2022-09-07,0.019810888655311887
2022-09-08,0.01763338982606255
2022-09-09,0.009103991935373923
2022-09-12,0.008149008973352467
2022-09-13,-0.03724009472927725
2022-09-14,-0.0029984739914552527
2022-09-15,0.0033081136318675597
2022-09-16,-0.008992666188652909
2022-09-19,0.011341705984609263
2022-09-20,-0.014732258405379062
2022-09-21,-0.020750768020106447
2022-09-22,-0.016827570350105958
2022-09-23,-0.01584787374630947
2022-09-26,-0.015781155258833723
2022-09-27,-0.004253743140932742
2022-09-28,0.019717387173293188
2022-09-29,-0.01256845488976066
2022-09-30,-0.009138508965635617
2022-10-03,0.0270091787613993
2022-10-04,0.03720346657034801
2022-10-05,-0.007730464436090156
2022-10-06,-0.014023016989880288
2022-10-07,-0.02370422482496215
2022-10-10,-0.004532210167040862
2022-10-11,-0.012682900974862688
2022-10-12,-0.002305565659566744
2022-10-13,0.04126767958825095
2022-10-14,-0.016803903904744733
2022-10-17,0.02515311957984334
2022-10-18,0.016042589985835187
2022-10-19,-0.016408643624334363
2022-10-20,-0.016052754973971628
2022-10-21,0.029750474608760458
2022-10-24,0.013358043361810124
2022-10-25,0.011955892652135036
2022-10-26,0.002423464059651659
2022-10-27,0.008159576371681743
2022-10-28,0.024880104111326462
2022-10-31,-0.006141998852425945
2022-11-01,0.002648620136246782
2022-11-02,-0.012621233963360123
2022-11-03,-0.010106936850051373
2022-11-04,0.018318369397746226
2022-11-07,0.010026461562429034
2022-11-08,0.0058396323319476195
2022-11-09,-0.016836194637344648
2022-11-10,0.05048734311187997
2022-11-11,0.008150518037002508
2022-11-14,-0.014217953257552596
2022-11-15,0.0022623453237180513
2022-11-16,-0.004796745444235806
2022-11-17,-0.0053871223056136675
2022-11-18,0.008266575548192767
2022-11-21,0.0031104139054545232
2022-11-22,0.010146346894229996
2022-11-23,0.00418531092177199
2022-11-25,0.0033342267584273166
2022-11-28,-0.017169683582368256
2022-11-29,0.005917016535115893
2022-11-30,0.01708699650319212
2022-12-01,-0.005783722284925741
2022-12-02,-0.004708826898737195
2022-12-05,-0.02477065101683118
2022-12-06,-0.008846764421530873
2022-12-07,-0.0040312685983976415
2022-12-08,0.0008672651449932456
2022-12-09,-0.002599540943726497
2022-12-12,0.013321752806041864
2022-12-13,0.002572051929314201
2022-12-14,-0.012542903458435894
2022-12-15,-0.019630218157056567
2022-12-16,-0.007656088445558318
2022-12-19,-0.002687422111691262
2022-12-20,0.004191593093223478
2022-12-21,0.015503890721298985
2022-12-22,-0.008808237419033249
2022-12-23,0.00562810058665586
2022-12-27,-0.000294347747716861
2022-12-28,-0.0035360338943963843
2022-12-29,0.013897314536056804
2022-12-30,-0.0026246074868091496
2023-01-03,0.0035085689263667508
2023-01-04,0.016025869774697332
2023-01-05,-0.007456387523478547
2023-01-06,0.022248243559718883
2023-01-09,-0.0036747896306684735
2023-01-10,0.005673808788739354
2023-01-11,0.009308995334530445
2023-01-12,0.0019563892548997153
2023-01-13,0.00753141809363056
2023-01-17,-0.006644465068155969
2023-01-18,-0.018673487698993463
2023-01-19,-0.011644548780391117
2023-01-20,0.015804593912955855
2023-01-23,0.01159832046894338
2023-01-24,0.000559456380195611
2023-01-25,0.00782566851382871
2023-01-26,0.005268903006804937
2023-01-27,0.0
2023-01-30,-0.0049655052498709384
2023-01-31,0.013584620443189754
2023-02-01,0.0
2023-02-02,0.0027351990780173363
2023-02-03,-0.0019093187836553005
2023-02-06,-0.0002732193073378131
2023-02-07,0.011481618689905382
2023-02-08,-0.005946051141279773
2023-02-09,-0.011147270217639393
2023-02-10,0.003299451100590378
2023-02-13,0.011510047171482185
2023-02-14,-0.005418740242328024
2023-02-15,0.0010897395285627276
2023-02-16,-0.010068032409535688
2023-02-17,0.0002749060856335195
2023-02-21,-0.02061031672382707
2023-02-22,-0.0011223443800734145
2023-02-23,0.0008430122487226299
2023-02-24,0.0008418543232617814
2023-02-27,-0.0002802329076664334
2023-02-28,0.0019634111297412993
2023-03-01,-0.0033597147386306148
2023-03-02,-0.004775239128946396
2023-03-03,0.015806066136213603
2023-03-06,0.0008333226184464859
2023-03-07,-0.025818912213372736
2023-03-08,-0.0037047062513663187
2023-03-09,-0.04061780183811947
2023-03-10,-0.01818736621426864
2023-03-13,-0.039477601457747036
2023-03-14,0.02023400443056733
2023-03-15,-0.026650245620324586
2023-03-16,0.019102173037529147
2023-03-17,-0.032177383540067384
2023-03-20,0.01112654336090202
2023-03-21,0.02534502526727689
2023-03-22,-0.023153996951908118
2023-03-23,-0.006726449559257164
2023-03-24,-0.0006449738189401311
2023-03-27,0.013875406346931296
2023-03-28,-0.0003183103764318185
2023-03-29,0.014645107094142684
2023-03-30,-0.0021963996558052035
2023-03-31,0.011006297060920156
2023-04-03,0.0018663114515811152
2023-04-04,-0.009313927628026075
2023-04-05,-0.0012535654994193512
2023-04-06,0.0037652298624908376
2023-04-10,0.0021882848152887657
2023-04-11,0.008733531456487587
2023-04-12,-0.0021644179435997835
2023-04-13,0.008986807756895532
2023-04-14,0.009827895251613317
2023-04-17,0.011557063055427808
2023-04-18,0.0030065913710952685
2023-04-19,0.002398158294392383
2023-04-20,-0.0029904667594876644
2023-04-21,-0.0035989784866157226
2023-04-24,-0.0024082640955414014
2023-04-25,-0.01719997515730165
2023-04-26,-0.00951799130645159
2023-04-27,0.016119117878589995
2023-04-28,0.01189742399887228
2023-05-01,-0.0027131724964502
2023-05-02,-0.02267228189264814
2023-05-03,-0.011444505453757858
2023-05-04,-0.012828540702260915
2023-05-05,0.024722695280895657
2023-05-08,0.001546569724068192
2023-05-09,-0.0037061705474709106
2023-05-10,-0.005579474581788535
2023-05-11,-0.0015587458610700766
2023-05-12,-0.004058793639777458
2023-05-15,0.0081506069448678
2023-05-16,-0.009328408986342795
2023-05-17,0.020087965797474627
2023-05-18,0.007384606515345782
2023-05-19,-0.004276129953563745
2023-05-22,0.001840366865457188
2023-05-23,-0.01163509632873816
2023-05-24,-0.013011016643387885
2023-05-25,-0.0003136651867401419
2023-05-26,0.008163150592882307
2023-05-30,-0.0003114702905926414
2023-05-31,-0.010591867257846999
2023-06-01,0.010705255907379252
2023-06-02,0.02180686918481589
2023-06-05,-0.005182819808573935
2023-06-06,0.01256494560891741
2023-06-07,0.003934600261241483
2023-06-08,-0.0009041913767032783
2023-06-09,0.0003016100020967194
2023-06-12,-0.0003015190609322316
2023-06-13,0.006034775345765908
2023-06-14,-0.0038993150421524625
2023-06-15,0.013249207133355423
2023-06-16,-0.0020802155855499382
2023-06-20,-0.0074784511190665315
2023-06-21,-0.0012053797777041853
2023-06-22,-0.007845467472320067
2023-06-23,-0.0042579523211981885
2023-06-26,-0.0021383214101490244
2023-06-27,0.007958639196018247
2023-06-28,-0.0024295413507158248
2023-06-29,0.017351423052958115
2023-06-30,0.008677828678067545
2023-07-03,0.005636192991838707
2023-07-05,-0.0020648603733325332
2023-07-06,-0.008572188532310454
2023-07-07,0.0014905962007765172
2023-07-10,0.0044657211372565175
2023-07-11,0.011855255271927323
2023-07-12,0.0064440067669595535
2023-07-13,0.003492470417340243
2023-07-14,-0.006670432825131134
2023-07-17,0.009634965144860175
2023-07-18,0.011278258214275638
2023-07-19,0.004289379725428644
2023-07-20,0.007403154847596793
2023-07-21,-0.003391671043316613
2023-07-24,0.009642531999902726
2023-07-25,-0.0064606875030249755
2023-07-26,0.005937354159639474
2023-07-27,-0.012647521653984084
2023-07-28,0.0019924511389943778
2023-07-31,0.0036931650736786725
2023-08-01,0.0
2023-08-02,-0.008491345961219254
2023-08-03,0.0005709452816466953
2023-08-04,-0.00399444917235936
2023-08-07,0.014036414350206305
2023-08-08,-0.009039642879629106
2023-08-09,-0.007411596390631825
2023-08-10,0.0008615261553939213
2023-08-11,0.0020086863152943835
2023-08-14,-0.002004659583023094
2023-08-15,-0.018364386855702852
2023-08-16,-0.001461634153883895
2023-08-17,-0.004976460233667046
2023-08-18,-0.0002943816700207158
2023-08-21,-0.001177059333396624
2023-08-22,-0.009428619400108973
2023-08-23,0.009815868423072471
2023-08-24,-0.003534646954931775
2023-08-25,0.0047295800021283085
2023-08-28,0.005589647531431874
2023-08-29,0.009069902311855671
2023-08-30,0.0005797697260061518
2023-08-31,-0.003767121209188984
2023-09-01,0.009016909190431077
2023-09-05,-0.010089299516723882
2023-09-06,-0.0005825324279645772
2023-09-07,-0.002622232984588857
2023-09-08,0.0020447227542510493
2023-09-11,0.0046647735514437905
2023-09-12,0.006674534395549436
2023-09-13,0.0
2023-09-14,0.009224430809421147
2023-09-15,-0.005141217843402046
2023-09-18,0.0027397313118600053
2023-09-19,-0.001150401373194776
2023-09-20,-0.006910357924414079
2023-09-21,-0.016526673462143204
2023-09-22,-0.00766504831453263
2023-09-25,0.002376675896048619
2023-09-26,-0.013337249697731424
2023-09-27,-0.001501725264521414
2023-09-28,0.007220116621181383
2023-09-29,-0.00925945510967463
2023-10-02,-0.00844130759228423
2023-10-03,-0.015810300792608367
2023-10-04,0.007414293313128484
2023-10-05,0.0045997835984987745
2023-10-06,0.008547132745662767
2023-10-09,0.0006051399746394015
2023-10-10,0.007259668083557713
2023-10-11,0.0015016286941276213
2023-10-12,-0.006297030277627846
2023-10-13,0.0021121926654015244
2023-10-16,0.01053917741722632
2023-10-17,0.004767397831008102
2023-10-18,-0.017200416712509825
2023-10-19,-0.013276944880461383
2023-10-20,-0.015290551703659783
2023-10-23,-0.006211278780076546
2023-10-24,0.006875091440437409
2023-10-25,-0.0037244051318557903
2023-10-26,-0.0021807476129344083
2023-10-27,-0.018107839923806157
2023-10-30,0.017805796872833346
2023-10-31,0.01093415069580872
2023-11-01,0.006489496413740969
2023-11-02,0.023641339010305185
2023-11-03,0.01319753622389741
2023-11-06,-0.00296058221211859
2023-11-07,-0.0014844530179614068
2023-11-08,0.001189515093610538
2023-11-09,-0.004158122705633205
2023-11-10,0.011333274587587816
2023-11-13,-0.001474500161964154
2023-11-14,0.018901216675847765
2023-11-15,0.005507371518992166
2023-11-16,0.004035746838854104
2023-11-17,0.005167944646333744
2023-11-20,0.00399897154533857
2023-11-21,-0.0005691501161693147
2023-11-22,0.0039853117084687195
2023-11-24,0.003118950347885452
2023-11-27,-0.003392144591539359
2023-11-28,-0.0002835199905024677
2023-11-29,0.0070923537270404235
2023-11-30,0.011267562240838691
2023-12-01,0.007520761353936534
2023-12-04,-0.0011058739123179784
2023-12-05,-0.004981996450795778
2023-12-06,-0.005006941013152577
2023-12-07,0.004752769011488578
2023-12-08,0.005286379297605226
2023-12-11,0.006088985782820355
2023-12-12,0.007152857035397808
2023-12-13,0.016115784764514363
2023-12-14,0.009946339873414534
2023-12-15,-0.0058559178845770665
2023-12-18,0.0033365762320662906
2023-12-19,0.0075086821959342576
2023-12-20,-0.017833410894216195
2023-12-21,0.009756070131839545
2023-12-22,0.0021470803070025024
2023-12-26,0.004017294591084131
2023-12-27,0.003200704904844587
2023-12-28,0.002924956950566937
2023-12-29,-0.003181499601611959
2024-01-02,0.004255226106716359
2024-01-03,-0.008474495437878815
2024-01-04,0.004006564504517307
2024-01-05,0.004256357510285413
2024-01-08,0.0063576321297025284
2024-01-09,-0.006317467992216885
2024-01-10,0.0015894858111402677
2024-01-11,-0.003702914495942622
2024-01-12,-0.0018581826287984438
2024-01-16,-0.006914937645928876
2024-01-17,-0.0018744998302057114
2024-01-18,0.0016097465875473116
2024-01-19,0.016072958013443994
2024-01-22,0.00474551849986371
2024-01-23,0.0015745737566794649
2024-01-24,0.00392952798279711
2024-01-25,0.004958246746460171
2024-01-26,0.003635505270374484
2024-01-29,0.0025873540941556694
2024-01-30,0.01264525653105042
2024-01-31,-0.012232745103105791
2024-02-01,0.0015482696730442225
2024-02-02,0.00412149625168623
2024-02-05,-0.005900414264319309
2024-02-06,0.0020645213694883147
2024-02-07,0.007468382928137229
2024-02-08,-0.0038343032591127146
2024-02-09,0.0028226787540834852
2024-02-12,0.004605772998912405
2024-02-13,-0.013499694718495325
2024-02-14,0.009553457026677759
2024-02-15,0.017135480553299054
2024-02-16,-0.0035201274805898297
2024-02-20,-0.0027757683200066996
2024-02-21,0.0030363955373742257
2024-02-22,0.011604445640103656
2024-02-23,0.0049874953834403435
2024-02-26,-0.0049627437220374215
2024-02-27,0.002743137105015059
2024-02-28,0.0037304615905868754
2024-02-29,-0.0004954686635955108
2024-03-01,-0.0012396738728007728
2024-03-04,0.002482133641884321
2024-03-05,0.00024764725415904465
2024-03-06,0.005197851205985815
2024-03-07,-0.0014773520722308753
2024-03-08,0.0017263045131263866
2024-03-11,0.0017230403885177825
2024-03-12,0.004178098646654416
2024-03-13,0.007342043310869739
2024-03-14,-0.008017288550577262
2024-03-15,-0.000979626322943794
2024-03-18,0.0057334151048968884
2024-03-19,0.004893879267961143
2024-03-20,0.011930724421575833
2024-03-21,0.008180800822077838
2024-03-22,-0.011455726136378352
2024-03-25,-0.003862889639943523
2024-03-26,0.003393135743862574
2024-03-27,0.011835626163635427
2024-03-28,0.005490601725146815
2024-04-01,-0.005460619637544517
2024-04-02,-0.00525187991101006
2024-04-03,-0.0004796835529941035
2024-04-04,-0.011284668735898729
2024-04-05,0.009470575014824512
2024-04-08,0.004329976259296764
2024-04-09,-0.005748442334206683
2024-04-10,-0.014936056248252338
2024-04-11,-0.007092237816785696
2024-04-12,-0.013300566716959117
2024-04-15,-0.004992442066389491
2024-04-16,-0.006773550062930234
2024-04-17,0.0025257070339432808
2024-04-18,0.003527258351849083
2024-04-19,0.01380876534440545
2024-04-22,0.012134594963921996
2024-04-23,0.006361861733477081
2024-04-24,-0.00024313287135557804
2024-04-25,-0.0058366079837922635
2024-04-26,-0.001467909304461279
2024-04-29,-0.0014697805925136809
2024-04-30,-0.009813502404838692
2024-05-01,0.0
2024-05-02,0.0024777145808092538
2024-05-03,0.0022244316160791033
2024-05-06,0.012823842195441415
2024-05-07,0.003408737707248477
2024-05-08,0.003639818568403008
2024-05-09,0.007495017513551749
2024-05-10,0.003839901940514201
2024-05-13,-0.004064091206903986
2024-05-14,0.005040834372116887
2024-05-15,0.007403816659430573
2024-05-16,0.0
2024-05-17,0.007349495491956848
2024-05-20,-0.013650345829811616
2024-05-21,0.0064424124930761995
2024-05-22,-0.005690024458866572
2024-05-23,-0.0138291723838746
2024-05-24,0.006044521056574714
2024-05-28,-0.011055002251905033
2024-05-29,-0.008019674712879676
2024-05-30,0.005389641386147392
2024-05-31,0.014619965014340153
2024-06-03,-0.00624403066303858
2024-06-04,-0.004591709926310417
2024-06-05,0.0029134397166343806
2024-06-06,-0.0004841469718391833
2024-06-07,0.004601529636675261
2024-06-10,-0.003857208352624264
2024-06-11,-0.01137460593527384
2024-06-12,-0.0009791021132374844
2024-06-13,-0.0007353090854633759
2024-06-14,-0.003187759523707756
2024-06-17,0.008856041898174682
2024-06-18,0.0063399526671901185
2024-06-20,0.005330683946775716
2024-06-21,-0.0038561846727234173
2024-06-24,0.01027512245499973
2024-06-25,-0.00745368952400649
2024-06-26,-0.006298488778652356
2024-06-27,-0.0012189470839075733
2024-06-28,0.003417236206034291
2024-07-01,0.0021892255554354367
2024-07-02,0.011650427214390247
2024-07-03,-0.0031190214638708857
2024-07-05,-0.00024056751869139248
2024-07-08,-0.0026480952109746436
2024-07-09,0.007723833114870127
2024-07-10,0.0038324094342387927
2024-07-11,0.007873871963213208
2024-07-12,0.003314584715368385
2024-07-15,0.01462939939575758
2024-07-16,0.01139546212450293
2024-07-17,0.007587901876260794
2024-07-18,-0.012094906750714896
2024-07-19,-0.010164093808349928
2024-07-22,0.005600905878235807
2024-07-23,0.0018565701514041688
2024-07-24,-0.013666797689675603
2024-07-25,0.003757705156769875
2024-07-26,0.015675977147876496
2024-07-29,-0.0013820961630722772
2024-07-30,0.01153385637832871
2024-07-31,-0.0025084180930706745
2024-08-01,-0.014174709959199894
2024-08-02,-0.02458241817940532
2024-08-05,-0.029006290302677873
2024-08-06,0.016160619010503252
2024-08-07,0.001204848487798671
2024-08-08,0.016125129516578074
2024-08-09,0.00426352241703154
2024-08-12,-0.00518876762645859
2024-08-13,0.008297787941162094
2024-08-14,0.012226648476115098
2024-08-15,0.009291565715362493
2024-08-16,0.0073648397278085476
2024-08-19,0.005483002488150701
2024-08-20,-0.003181013593786197
2024-08-21,-0.0015957151947684212
2024-08-22,0.0057079899619698615
2024-08-23,0.008626362743073157
2024-08-26,0.0031511180527787896
2024-08-27,0.005160407121736599
2024-08-28,0.002455399203113773
2024-08-29,0.008906657896537551
2024-08-30,0.00949027120523338
2024-09-03,-0.007433345051136353
2024-09-04,0.0011012625928563669
2024-09-05,-0.011001109795190422
2024-09-06,-0.014682973418574718
2024-09-09,0.014901775796483996
2024-09-10,-0.010233477538921676
2024-09-11,-0.004720345361733935
2024-09-12,0.002258498452529789
2024-09-13,0.0029290904851040356
2024-09-16,0.013030781796285806
2024-09-17,0.005322834417727629
2024-09-18,-0.0030885540615227525
2024-09-19,0.011064404916970805
2024-09-20,-0.0006566487277909205
2024-09-23,-0.0012089152586903795
2024-09-24,-0.00836259188471411
2024-09-25,-0.005991943051586346
2024-09-26,0.005135083726840239
2024-09-27,0.002887505836873361
2024-09-30,0.0037652227297406693
2024-10-01,-0.0052956440652112136
2024-10-02,0.0011091077088094536
2024-10-03,-0.0053180248140183295
2024-10-04,0.01693027600081809
2024-10-07,-0.012267122825380228
2024-10-08,0.005766132254912293
2024-10-09,0.00926131089209914
2024-10-10,-0.0030587189812929516
2024-10-11,0.019285500394879973
2024-10-14,0.006235240707289202
2024-10-15,0.0021366913424714085
2024-10-16,0.012366782789405173
2024-10-17,0.002737982307995601
2024-10-18,0.0002100014170827169
2024-10-21,-0.007979841495631024
2024-10-22,-0.001905143814554977
2024-10-23,-0.0008482008610568581
2024-10-24,0.0008489209165092326
2024-10-25,-0.011028581462870668
2024-10-28,0.012438388918094567
2024-10-29,-0.006142788071966776
2024-10-30,0.00447570786108642
2024-10-31,-0.013791740100597027
2024-11-01,0.003442376338942399
2024-11-04,-0.00771877583133318
2024-11-05,0.009291325068913281
2024-11-06,0.06080073228674543
2024-11-07,-0.016145395505124505
2024-11-08,0.009025734546821873
2024-11-11,0.014230523415527108
2024-11-12,-0.0030066066674637737
2024-11-13,0.000603103594442933
2024-11-14,-0.0026120033003713683
2024-11-15,0.004633446872444713
2024-11-18,0.0030078122240959626
2024-11-19,-0.006597467137833268
2024-11-20,-0.0030186303499363243
2024-11-21,0.012716931197087611
2024-11-22,0.01116200969564285
2024-11-25,0.006505132016273452
2024-11-26,0.0019585002625990278
2024-11-27,0.001954520717216024
2024-11-29,0.0015607627462417284
2024-12-02,-0.00993368820556606
2024-12-03,-0.007475976060245193
2024-12-04,-0.0037661052674221596
2024-12-05,0.002984395748235391
2024-12-06,-0.00019818342355759633
2024-12-09,-0.013690499779274723
2024-12-10,-0.00020128561159060698
2024-12-11,0.0020120931196851988
2024-12-12,-0.004417638281265401
2024-12-13,-0.0008067851773249091
2024-12-16,-0.001816771428714281
2024-12-17,-0.0070778118609726715
2024-12-18,-0.029938931111155753
2024-12-19,0.003569256414665656
2024-12-20,0.014853505594459193
2024-12-23,0.0024014496789528383
2024-12-24,0.011771995536566493
2024-12-26,0.00244940919303005
2024-12-27,-0.007330429708485076
2024-12-30,-0.009641098330316344
2024-12-31,0.0010357489045762502
2025-01-02,-0.002483018022874872
2025-01-03,0.007882289480822813
2025-01-06,-0.0030871050184454463
2025-01-07,-0.0022708185219031396
2025-01-08,0.003310664113814088
2025-01-10,-0.024128805663982344
2025-01-13,0.007185065697754123
2025-01-14,0.01237943724008006
2025-01-15,0.025492114819601897
2025-01-16,0.006669423684800613
2025-01-17,0.008431993413375638
2025-01-21,0.008361642856792084
2025-01-22,-0.004738492932630178
2025-01-23,0.005752961522778488
2025-01-24,0.0029584757448852805
2025-01-27,0.01101274487725945
2025-01-28,-0.001750600789697132
2025-01-29,-0.0007794259195392783
2025-01-30,0.00955537767154846
2025-01-31,-0.005794807499880927
2025-02-03,-0.0040800979732730225
2025-02-04,-0.002341014729955848
2025-02-05,0.01055928572822884
2025-02-06,0.008320424691218076
2025-02-07,-0.005565132800977035
2025-02-10,-0.00791206734751726
2025-02-11,0.002528737217802668
2025-02-12,-0.003492370292656921
2025-02-13,0.006619885005276105
2025-02-14,0.0019342426100115162
2025-02-18,0.007142769979517016
2025-02-19,0.0003834373108440037
2025-02-20,-0.01532865965287189
2025-02-21,-0.012453753215027619
2025-02-24,0.004334914402186918
2025-02-25,-0.00019615671969097637
2025-02-26,-0.0021585254228596584
2025-02-27,0.005506410337552836
2025-02-28,0.020535921655604472
2025-03-03,-0.00843237821090248
2025-03-04,-0.0351759254410251
2025-03-05,0.005809276450911893
2025-03-06,-0.01653051419063223
2025-03-07,-0.005265307673976927
2025-03-10,-0.022394135657643477
2025-03-11,-0.008538098457099963
2025-03-12,0.0014703248898269017
2025-03-13,-0.0054531194853836285
2025-03-14,0.02319704438142134
2025-03-17,0.011747653865191499
2025-03-18,-0.0012222491268303326
2025-03-19,0.011013703631119087
2025-03-20,0.0014121104508146853
2025-03-21,-0.003626120647224562
2025-03-24,0.017633712042811833
2025-03-25,0.0055832026535087564
2025-03-26,-0.0029744410081892214
2025-03-27,-0.001988851007952319
2025-03-28,-0.019330506499663835
2025-03-31,0.012192731247967048
2025-04-01,-0.0012045396720148371
2025-04-02,0.008241166355075435
2025-04-03,-0.04924242627248854
2025-04-04,-0.0731810176621649
2025-04-07,-0.002488595530068194
2025-04-08,-0.0038558755458418803
2025-04-09,0.07536432160035078
2025-04-10,-0.027948278008428695
2025-04-11,0.016554083529374042
2025-04-14,0.010285069619591747
2025-04-15,0.0025450706045933025
2025-04-16,-0.015654854377056382
2025-04-17,0.0025790658067028627
2025-04-21,-0.02143626922377495
2025-04-22,0.03307783856660018
2025-04-23,0.011874450481239363
2025-04-24,0.011106414820291954
2025-04-25,-0.004766836128526797
2025-04-28,0.0031237206592866773
2025-04-29,0.010379845170133128
2025-04-30,0.0018491700591789506
2025-05-01,-0.0002050140950143886
2025-05-02,0.020717917045616208
2025-05-05,-0.006430924251451753
2025-05-06,-0.005663383034971825
2025-05-07,0.005899141814466047
2025-05-08,0.008291163674451818
2025-05-09,0.0
2025-05-12,0.020256688704771264
2025-05-13,0.004128305101405605
2025-05-14,-0.0027408881782882144
2025-05-15,0.006674511257324323
2025-05-16,0.006045289872031345
2025-05-19,0.0005814526072205339
2025-05-20,-0.005424208535296349
2025-05-21,-0.020451884688026722
2025-05-22,-0.0011931191298599764
2025-05-23,-0.0035834801793100945
2025-05-27,0.017582455188890345
2025-05-28,-0.006675896728174147
2025-05-29,0.005139371929610226
2025-05-30,0.0021632203896606583
2025-06-02,0.000392477514309153
2025-06-03,0.0019616176807140118
2025-06-04,-0.005677478900138144
2025-06-05,-0.0027563871412051855
2025-06-06,0.012438253615995709
2025-06-09,-0.005460172434775257
2025-06-10,0.0011765090362430008
2025-06-11,-0.0011751264893096192
2025-06-12,0.0
2025-06-13,-0.020392220883698076
2025-06-16,0.011409193431273668
2025-06-17,-0.005739200409315304
2025-06-18,-0.0003980257555609157
2025-06-20,0.00278767205677255
2025-06-23,0.012592620553994127
2025-06-24,0.014954837335634075
2025-06-25,-0.0032959059281860714
2025-06-26,0.00739156756203041
2025-06-27,0.0028962690509206634
2025-06-30,0.008278778614884352
2025-07-01,0.005537571118833018
2025-07-02,-0.0007596366913242836
2025-07-03,0.010832397430545981
2025-07-07,-0.009588212831644127
2025-07-08,-0.00892183369677002
2025-07-09,0.003639154291741109
2025-07-10,0.005916030464657274
2025-07-11,-0.010434443174340169
2025-07-14,0.007476941632968526
2025-07-15,-0.01712643859819185
2025-07-16,0.0069699013279647115
2025-07-17,0.009613540697312573
2025-07-18,0.0005713550188279903
2025-07-21,-0.0028549981042195194
2025-07-22,0.005535457008142952
2025-07-23,0.007972575699620066
2025-07-24,-0.0005649345730373012
2025-07-25,0.006971921563989403
2025-07-28,-0.0069236504163500134
2025-07-29,-0.005087645726141732
2025-07-30,-0.0018939113880265257
2025-07-31,-0.00626188300945707
2025-08-01,-0.01852195603501927
2025-08-04,0.009922120579074045
2025-08-05,-0.004045418036360937
2025-08-06,0.004835592018197277
2025-08-07,-0.011164680398812465
2025-08-08,0.00934403067406775
2025-08-11,-0.0003856780504309931
2025-08-12,0.012155059714920924
2025-08-13,0.005718630954569592
2025-08-14,0.004738440561881108
2025-08-15,-0.0103753915517949
2025-08-18,0.0007624598087161427
2025-08-19,0.0019047337167246159
2025-08-20,0.005133105895420931
2025-08-21,-0.0032154154624000064
2025-08-22,0.0165085412421222
2025-08-25,-0.0057868209685563166
2025-08-26,0.007698057032135441
2025-08-27,0.002049546088402021
2025-08-28,0.0013016083438432968
2025-08-29,0.002599903796238978
2025-09-02,-0.007408810994081749
2025-09-03,-0.0016794500122587763
2025-09-04,0.010467363637228555
2025-09-05,-0.018313052871407387
2025-09-08,0.0007537680288265403
2025-09-09,0.004330613419374352
2025-09-10,-0.0033745711558725855
2025-09-11,0.016365618320887565
2025-09-12,-0.00425687391811691
2025-09-15,-0.002230478722738294
2025-09-16,-0.002235393581989875
2025-09-17,0.00970869346340475
2025-09-18,0.0009245424986652484
2025-09-19,0.0022168807044693484
2025-09-22,-0.001331531995498958
2025-09-23,-0.004444475527162872
2025-09-24,-0.0027901360837945255
2025-09-25,-0.002611441672347281
2025-09-26,0.007293798031510645
2025-09-29,0.005013005100333867
2025-09-30,-0.004803290801773552
2025-10-01,-0.0089103313858101
2025-10-02,-0.0007492211272641658
2025-10-03,0.006935384389214372
2025-10-06,-0.0003723093318911408
2025-10-07,0.0013035324735513054
2025-10-08,-0.004835449767844113
2025-10-09,-0.0035507126269620493
2025-10-10,-0.02175543612249331
2025-10-13,0.009585889598594521
2025-10-14,0.011014087214874735
2025-10-15,0.0
2025-10-16,-0.027798709809811806
2025-10-17,0.00811441262098822
2025-10-20,0.01169031442667623
2025-10-21,-0.001136604892033044
2025-10-22,-0.005689346475723944
2025-10-23,0.002098047104926337
2025-10-24,0.010848871048568354
2025-10-27,0.004142369011011615
2025-10-28,-0.006375401104710021
2025-10-29,-0.016984364924914397
2025-10-30,0.0026876442549113033
2025-10-31,0.002680440185246935
2025-11-03,-0.0042008289190916814
2025-11-04,0.005177308440392325
2025-11-05,0.003433809833332191
2025-11-06,-0.003612141296970961
2025-11-07,0.007059701067773094
2025-11-10,0.003599894766969536
2025-11-11,0.004530826094746754
2025-11-12,0.008644974485761514
2025-11-13,-0.012856319177372955
2025-11-14,-0.010003752055044002
2025-11-17,-0.019065776653078514
2025-11-18,-0.0015549432433111798
2025-11-19,0.00369870440640252
2025-11-20,-0.008727710452943516
2025-11-21,0.010956712031036986
2025-11-24,0.004257813595885729
2025-11-25,0.01252652791529174
2025-11-26,0.007803575185910239
2025-11-28,0.0071766017495735746
2025-12-01,-0.008250561153178682
2025-12-02,-0.0009453438766787725
2025-12-03,0.013436772945162101
