Date,XLY
2020-01-03,-0.008510189982336103
2020-01-06,0.0027817030117640584
2020-01-07,-0.0015848810932604929
2020-01-08,0.0030162959516670806
2020-01-09,0.005302054384309862
2020-01-10,-0.005431657329733719
2020-01-13,0.0031661286790019005
2020-01-14,-0.00031560094531024596
2020-01-15,-0.0022887343101872792
2020-01-16,0.008938968696139638
2020-01-17,0.003528271518399295
2020-01-21,-0.0030470259212020956
2020-01-22,-0.0004702736011104047
2020-01-23,0.0014897327977594355
2020-01-24,-0.013935640721674414
2020-01-27,-0.014926665950042106
2020-01-28,0.009752736381247962
2020-01-29,-0.0005587061154646022
2020-01-30,-0.0016773754250576367
2020-01-31,0.002560209721217177
2020-02-03,0.0071018479708178095
2020-02-04,0.01822325820615056
2020-02-05,0.005058098490298812
2020-02-06,-0.0022452670994640433
2020-02-07,-0.004345447021355642
2020-02-10,0.011300767428380931
2020-02-11,0.007860521624326156
2020-02-12,0.010246396252993062
2020-02-13,-0.001740779320910435
2020-02-14,-0.0015165695540685364
2020-02-18,-7.590408645197222e-05
2020-02-19,0.0044804463961722885
2020-02-20,0.0003783410964062206
2020-02-21,-0.015266162830750551
2020-02-24,-0.03438205465516808
2020-02-25,-0.02670489469644377
2020-02-26,-0.007921102125806434
2020-02-27,-0.0404145378560723
2020-02-28,-0.006433608785044398
2020-03-02,0.03436076173535074
2020-03-03,-0.024205013416787935
2020-03-04,0.03455647736056
2020-03-05,-0.037288211977236085
2020-03-06,-0.015372545909599244
2020-03-09,-0.0629745032669009
2020-03-10,0.05529200305891524
2020-03-11,-0.054688171702407806
2020-03-12,-0.101054518484478
2020-03-13,0.061864429696051104
2020-03-16,-0.12668646007521767
2020-03-17,0.03850487485025167
2020-03-18,-0.057447657220140225
2020-03-19,0.034876929380480926
2020-03-20,-0.02972360787781636
2020-03-23,0.0016475419555852522
2020-03-24,0.09379652804466865
2020-03-25,0.017547544788520497
2020-03-26,0.041367348444445895
2020-03-27,-0.03351390038111968
2020-03-30,0.020907445623190135
2020-03-31,-0.020179633966208144
2020-04-01,-0.04465763730599448
2020-04-02,0.003735397376776417
2020-04-03,-0.017437579103845136
2020-04-06,0.08321611284933605
2020-04-07,0.014885050120355015
2020-04-08,0.03149914209391902
2020-04-09,0.01803608511153998
2020-04-13,-0.00028093611772905813
2020-04-14,0.03909961486649727
2020-04-15,-0.021927454166849047
2020-04-16,0.011993883499911595
2020-04-17,0.02953766836871674
2020-04-20,-0.01744433157234493
2020-04-21,-0.025955449729972213
2020-04-22,0.021558387228009845
2020-04-23,-0.0002718786249429339
2020-04-24,0.01694156785169465
2020-04-27,0.01870817044966122
2020-04-28,0.003935222100419411
2020-04-29,0.022038277674210294
2020-04-30,-0.006221832900627056
2020-05-01,-0.03739286051962232
2020-05-04,0.005434987328478913
2020-05-05,0.0036330978351342136
2020-05-06,-0.00017657415293881318
2020-05-07,0.015718790765576696
2020-05-08,0.01947515124529864
2020-05-11,-0.0022174321666105223
2020-05-12,-0.02188037777735352
2020-05-13,-0.017214297245684573
2020-05-14,0.014937262433870169
2020-05-15,0.011651364202513781
2020-05-18,0.03784214123848684
2020-05-19,-0.0035879665143536688
2020-05-20,0.013063283109788104
2020-05-21,0.003554255727192812
2020-05-22,-0.0014826212349207113
2020-05-26,0.01583769167553739
2020-05-27,0.0171336722592641
2020-05-28,-0.012134914809262876
2020-05-29,0.0036367919334430177
2020-06-01,0.009501507596176628
2020-06-02,0.00853488802107294
2020-06-03,0.018902012508724697
2020-06-04,-0.0050453200153710576
2020-06-05,0.023950642807653244
2020-06-08,0.015238205565561103
2020-06-09,-0.007804763689631566
2020-06-10,-0.009378870441066556
2020-06-11,-0.05237868716763039
2020-06-12,0.009910315711423534
2020-06-15,0.009494143384827014
2020-06-16,0.021022800312681778
2020-06-17,-0.0026316234706802444
2020-06-18,-0.003647647797125453
2020-06-19,-0.007789586407702664
2020-06-22,0.010276897965236564
2020-06-23,0.007866589388271228
2020-06-24,-0.022024650264114376
2020-06-25,0.0013431268750838665
2020-06-26,-0.023437362614173063
2020-06-29,0.01898986663888369
2020-06-30,0.012767593569745106
2020-07-01,0.010101138514035268
2020-07-02,0.003953285611096646
2020-07-06,0.023704847711596644
2020-07-07,-0.015688694501705402
2020-07-08,0.010651286543587712
2020-07-09,-0.001137043866974996
2020-07-10,0.011917421757900337
2020-07-13,-0.01267728961077641
2020-07-14,0.009952716163105002
2020-07-15,0.014293346974326715
2020-07-16,-0.0026700379875679303
2020-07-17,-0.004685342142309978
2020-07-20,0.015989359297003736
2020-07-21,0.0015446721744678538
2020-07-22,0.008590704022120255
2020-07-23,-0.014996850379831672
2020-07-24,0.0017739593032866097
2020-07-27,0.006197216906936864
2020-07-28,-0.0098986408217977
2020-07-29,0.010145660268909173
2020-07-30,-0.0008066002116158266
2020-07-31,0.005209293808071447
2020-08-03,-0.002116534775850276
2020-08-04,0.008046315330612952
2020-08-05,0.012190854023916176
2020-08-06,0.004874803030913366
2020-08-07,0.001498157367503694
2020-08-10,0.011967216609307885
2020-08-11,-0.001971117393419153
2020-08-12,0.013260142388907159
2020-08-13,-0.00041726650111184593
2020-08-14,-6.983208487232329e-05
2020-08-17,0.012884032621177433
2020-08-18,0.006187974965739196
2020-08-19,-0.004715036113006388
2020-08-20,-0.0015104208217536774
2020-08-21,0.005157055533404176
2020-08-24,0.015187189253339062
2020-08-25,0.0033014408569074227
2020-08-26,0.009873442134055832
2020-08-27,-0.00538737868579342
2020-08-28,0.006553067672033119
2020-08-31,-0.0029231207814388593
2020-09-01,0.01046061179896185
2020-09-02,0.013846544435463848
2020-09-03,-0.03173777805429201
2020-09-04,-0.01155296805830297
2020-09-08,-0.01311499524893478
2020-09-09,0.01886696500663132
2020-09-10,-0.014327273572193988
2020-09-11,0.001508349287902222
2020-09-14,0.010611194424908543
2020-09-15,0.008196937847435803
2020-09-16,-0.005576984058655365
2020-09-17,-0.014054208459842621
2020-09-18,-0.01391148104062745
2020-09-21,-0.014444360863995698
2020-09-22,0.021128856019310138
2020-09-23,-0.01640115864441416
2020-09-24,-0.0004220904979014284
2020-09-25,0.01302146191738629
2020-09-28,0.020914551266459025
2020-09-29,-0.007758807911210197
2020-09-30,0.00816244397655197
2020-10-01,0.013062929539176205
2020-10-02,-0.00423092443826889
2020-10-05,0.01321891091522942
2020-10-06,-0.018504948203590055
2020-10-07,0.022855558437686163
2020-10-08,0.006563789106970308
2020-10-09,0.010407673098162373
2020-10-12,0.013299672887567171
2020-10-13,-0.0001931395996676022
2020-10-14,-0.0110684236702836
2020-10-15,0.003709374008770805
2020-10-16,-0.009076055846663156
2020-10-19,-0.012300124407216062
2020-10-20,0.008014839552233699
2020-10-21,-0.0054539956950434565
2020-10-22,0.002048422916897996
2020-10-23,0.008769611972292868
2020-10-26,-0.01921668164444368
2020-10-27,-0.00046692308799700655
2020-10-28,-0.031603781227955485
2020-10-29,0.0063341244062715685
2020-10-30,-0.021825701493831673
2020-11-02,0.00713471537128374
2020-11-03,0.022015193778645248
2020-11-04,0.02126918969653313
2020-11-05,0.019496183546558576
2020-11-06,-0.0030023228039177674
2020-11-09,-0.003273488342012465
2020-11-10,-0.00354628573121496
2020-11-11,0.008765934076633064
2020-11-12,-0.013394287815966743
2020-11-13,0.016225298232552143
2020-11-16,0.013098838847992011
2020-11-17,-0.004245492516671945
2020-11-18,-0.006847626986403843
2020-11-19,0.004943556159779483
2020-11-20,-0.005242868981631399
2020-11-23,0.010995937524125088
2020-11-24,0.01486693046380605
2020-11-25,0.0012050822561306962
2020-11-27,0.0021535391090288236
2020-11-30,-0.006067868695754597
2020-12-01,0.007440046484761709
2020-12-02,-0.006248707960726407
2020-12-03,0.0027948347362154458
2020-12-04,0.0009499073281999948
2020-12-07,-0.0022779356941486917
2020-12-08,-0.0020930430520933463
2020-12-09,-0.0009532685410882369
2020-12-10,-0.0008905190989720868
2020-12-11,-0.004775749818308972
2020-12-14,0.0014714787680756292
2020-12-15,0.013479965998712817
2020-12-16,0.0065556208020514095
2020-12-17,0.006826355799089967
2020-12-18,-0.004851476031894508
2020-12-21,-0.011297199318320073
2020-12-22,-0.004306269484950609
2020-12-23,0.0021625476675162236
2020-12-24,0.0020946863434621044
2020-12-28,0.01140079342525091
2020-12-29,0.000313149239838717
2020-12-30,0.006010404535808256
2020-12-31,0.0005599085361041034
2021-01-04,-0.00845881167219964
2021-01-05,0.007464589443602732
2021-01-06,0.010211206988455457
2021-01-07,0.019291319770869286
2021-01-08,0.020618884814015415
2021-01-11,-0.01866229740275016
2021-01-12,0.015274214562218003
2021-01-13,-5.9581125830598936e-05
2021-01-14,-0.006362926867164109
2021-01-15,-0.007720368329325433
2021-01-19,0.005669591123339535
2021-01-20,0.018891454741376323
2021-01-21,0.00465020398709437
2021-01-22,-0.003398105372569682
2021-01-25,0.0037033785243563155
2021-01-26,-0.0006438938360768809
2021-01-27,-0.030828972742972915
2021-01-28,0.0031447315727120007
2021-01-29,-0.02333005159255863
2021-02-01,0.02598601681090673
2021-02-02,0.02123681217856377
2021-02-03,-0.00559612905298601
2021-02-04,0.010663347085401176
2021-02-05,0.00955461839701277
2021-02-08,0.0056898925702772996
2021-02-09,-0.005542189009971943
2021-02-10,-0.009869452879480933
2021-02-11,-0.0027562147995813246
2021-02-12,0.0014111858500724939
2021-02-16,-0.004344505015174582
2021-02-17,0.005778995267813114
2021-02-18,0.00029317343699930554
2021-02-19,-0.0058030212174357
2021-02-22,-0.02110583359340823
2021-02-23,-0.006564668216997305
2021-02-24,0.010487988456292507
2021-02-25,-0.037197090228539675
2021-02-26,0.004174827250827073
2021-03-01,0.02345681490082141
2021-03-02,-0.011520016825878443
2021-03-03,-0.023492732792774196
2021-03-04,-0.021168240121096193
2021-03-05,0.0063530130164328735
2021-03-08,0.0012116486904236723
2021-03-09,0.03776809048468488
2021-03-10,0.005094039883819956
2021-03-11,0.015326449403210374
2021-03-12,0.0029468425154997036
2021-03-15,0.013431590323186082
2021-03-16,-0.0103545186517916
2021-03-17,0.014050064706240928
2021-03-18,-0.02446791357249789
2021-03-19,0.005983451080884494
2021-03-22,0.0065828813652633045
2021-03-23,-0.009385399012169837
2021-03-24,-0.014785229977076653
2021-03-25,0.008759223590518728
2021-03-26,0.008318607971542713
2021-03-29,-0.005479873814869696
2021-03-30,0.009809414837628871
2021-03-31,0.007795142500915064
2021-04-01,0.008032364154184624
2021-04-05,0.022724497433339375
2021-04-06,0.0043284423636853475
2021-04-07,-0.0029880442754484093
2021-04-08,0.00472622706599779
2021-04-09,0.009522765713648518
2021-04-12,0.006420967617315254
2021-04-13,0.010558560732503608
2021-04-14,-0.009833499378491428
2021-04-15,0.007166503393719381
2021-04-16,0.007731142337515484
2021-04-19,-0.011230011466648593
2021-04-20,-0.012595121352956484
2021-04-21,0.013324814816450647
2021-04-22,-0.01107027055106824
2021-04-23,0.010455817102893894
2021-04-26,0.004386016838523243
2021-04-27,-0.0011753804676085666
2021-04-28,-0.0011775622004573938
2021-04-29,0.0002807236487110121
2021-04-30,0.0038713005278432355
2021-05-03,-0.004750440841901016
2021-05-04,-0.010445367493250424
2021-05-05,-0.0031212246238805363
2021-05-06,0.0021631148060230476
2021-05-07,0.008975286267195237
2021-05-10,-0.01779080504963526
2021-05-11,-0.011291724957449456
2021-05-12,-0.03385735987309724
2021-05-13,0.007081071433897357
2021-05-14,0.017338598629036195
2021-05-17,-0.0018156792174585101
2021-05-18,-0.007803557755856505
2021-05-19,-0.008397648186729723
2021-05-20,0.010257824796269466
2021-05-21,-0.005017593534183518
2021-05-24,0.009908111618393445
2021-05-25,0.0031719170681778763
2021-05-26,0.009545730992590817
2021-05-27,0.004002630835444609
2021-05-28,-0.00138653787957288
2021-06-01,-0.001909651819151259
2021-06-02,-0.004637187642681284
2021-06-03,-0.011880664587120227
2021-06-04,0.008015581307133424
2021-06-07,0.0
2021-06-08,0.008069196644453713
2021-06-09,-0.005510321972687748
2021-06-10,0.004723928957352186
2021-06-11,0.005456731464989151
2021-06-14,0.0002886871378959821
2021-06-15,-0.005310255503457428
2021-06-16,0.0004644701036291554
2021-06-17,0.0037698528000273956
2021-06-18,-0.0052579172633258064
2021-06-21,0.007707578711452445
2021-06-22,0.00940946181517055
2021-06-23,0.007720594648940482
2021-06-24,0.003404976480627875
2021-06-25,0.006334429372600869
2021-06-28,0.0002249166422680915
2021-06-29,0.0024722833923442877
2021-06-30,0.0007850016752490863
2021-07-01,0.005656413114054626
2021-07-02,0.008799156807621777
2021-07-06,0.0011592763309558052
2021-07-07,-0.0005513390234728188
2021-07-08,-0.002482655854018745
2021-07-09,0.009347510920451052
2021-07-12,0.006849549389984277
2021-07-13,-0.011973402379334419
2021-07-14,-0.0018177927247893244
2021-07-15,-0.005408359629966886
2021-07-16,-0.01231752424927357
2021-07-19,-0.011459911663106892
2021-07-20,0.018469039871300108
2021-07-21,0.009206532922037436
2021-07-22,0.004312573163702593
2021-07-23,0.008918227279581359
2021-07-26,0.007420552508791589
2021-07-27,-0.010128146378257319
2021-07-28,-0.003228287648913364
2021-07-29,0.011253133956291128
2021-07-30,-0.020573262266259884
2021-08-02,0.0028819140555571554
2021-08-03,0.007405637172692936
2021-08-04,-0.009709746335846647
2021-08-05,0.009583172742613888
2021-08-06,-0.006803848501065857
2021-08-09,-0.0013811984642833064
2021-08-10,0.003928105972471618
2021-08-11,0.00292070385705534
2021-08-12,0.0004394263384679409
2021-08-13,-0.0028560582906028698
2021-08-16,-0.004626552525421657
2021-08-17,-0.023738272393142412
2021-08-18,0.003570583594271648
2021-08-19,-0.006381902971651421
2021-08-20,0.0096061752058334
2021-08-23,0.012892632612293564
2021-08-24,0.007059173697244514
2021-08-25,0.00386351720690592
2021-08-26,-0.009236824455320924
2021-08-27,0.009101030898176266
2021-08-30,0.007534188946472176
2021-08-31,0.0024013144727270674
2021-09-01,-5.413359016814834e-05
2021-09-02,-5.456685877525125e-05
2021-09-03,-0.000599063189116289
2021-09-07,0.00294233661006027
2021-09-08,0.0011410568893457373
2021-09-09,-0.00130229687325234
2021-09-10,-0.006140534475652326
2021-09-13,0.002460259081613847
2021-09-14,-0.0033269479334459007
2021-09-15,0.006457629364491568
2021-09-16,0.004567012905094314
2021-09-17,-0.003518159764454576
2021-09-20,-0.0228192314414859
2021-09-21,0.0015029828604782303
2021-09-22,0.013617775600742732
2021-09-23,0.010144918505733402
2021-09-24,0.003745714951272072
2021-09-27,0.005354220112133934
2021-09-28,-0.019258540952065917
2021-09-29,0.0009872851010150896
2021-09-30,-0.01665867297583057
2021-10-01,0.007523136086155846
2021-10-04,-0.007909428955500064
2021-10-05,0.004014046611578781
2021-10-06,0.003165308499273989
2021-10-07,0.015554107377004023
2021-10-08,-0.004578515821801354
2021-10-11,-0.004052053912857678
2021-10-12,0.007917214918702564
2021-10-13,0.004908960201740475
2021-10-14,0.010476172690747187
2021-10-15,0.015309305863291378
2021-10-18,0.012221517318450337
2021-10-19,-0.002822618031429691
2021-10-20,-0.0007337509730266367
2021-10-21,0.014687450847289174
2021-10-22,-0.00356698800370725
2021-10-25,0.02479891142506685
2021-10-26,0.00015196210886325723
2021-10-27,0.0022271608173072277
2021-10-28,0.013282735775215437
2021-10-29,0.002591895069389727
2021-11-01,0.01834460305534691
2021-11-02,-0.006737023930869279
2021-11-03,0.017988792608020443
2021-11-04,0.013470498453246327
2021-11-05,0.006431153189017991
2021-11-08,-0.01415301535962532
2021-11-09,-0.018485758071194236
2021-11-10,-0.003717867605249947
2021-11-11,-0.0027006443699806315
2021-11-12,0.0033480584501122124
2021-11-15,-0.000834202229454295
2021-11-16,0.0157646422724127
2021-11-17,0.00638209944754764
2021-11-18,0.011338061898054086
2021-11-19,0.00432274615381667
2021-11-22,-0.002506941602159918
2021-11-23,-0.007254906318793997
2021-11-24,0.002053841462224204
2021-11-26,-0.027265158763718267
2021-11-29,0.015533676496518378
2021-11-30,-0.013510752469950038
2021-12-01,-0.018049310011236552
2021-12-02,0.01424650702329533
2021-12-03,-0.019448932068604874
2021-12-06,0.011419923624236272
2021-12-07,0.023324904832553228
2021-12-08,0.0025165114079686024
2021-12-09,-0.017329636072081156
2021-12-10,0.0069755816654257785
2021-12-13,-0.025757384686427076
2021-12-14,-0.005808487980318633
2021-12-15,0.012692167155807343
2021-12-16,-0.022081869376829433
2021-12-17,-0.006815015861305285
2021-12-20,-0.01614340382704793
2021-12-21,0.025905456435533214
2021-12-22,0.018240001614095558
2021-12-23,0.01387144284503039
2021-12-27,0.009744693678869654
2021-12-28,0.00043848441536975535
2021-12-29,0.0019976882368784032
2021-12-30,-0.0035982624934902674
2021-12-31,-0.002390920637859728
2022-01-03,0.028712714150614937
2022-01-04,-0.006086231212197535
2022-01-05,-0.0269819391910876
2022-01-06,-0.0026057402368611093
2022-01-07,-0.016661828471225215
2022-01-10,-0.006115999467562583
2022-01-11,0.009633946897882995
2022-01-12,0.006594422915962017
2022-01-13,-0.02010031347570118
2022-01-14,-0.004659395023300927
2022-01-18,-0.01892946235765902
2022-01-19,-0.018050142290121474
2022-01-20,-0.018222791520008164
2022-01-21,-0.029321856921506018
2022-01-24,0.012027700009380471
2022-01-25,-0.01692309604273634
2022-01-26,-0.004846781089995034
2022-01-27,-0.024240162672630183
2022-01-28,0.021801445672637643
2022-01-31,0.038461548670745804
2022-02-01,0.006055786682262143
2022-02-02,-0.005965218026110386
2022-02-03,-0.030601549055335964
2022-02-04,0.028443951336269757
2022-02-07,-0.0020607930092158
2022-02-08,0.014074528945833498
2022-02-09,0.013236307331611297
2022-02-10,-0.017241482769018268
2022-02-11,-0.028737312177485652
2022-02-14,0.005706689982728719
2022-02-15,0.022368368962099705
2022-02-16,0.0028559646795158766
2022-02-17,-0.02675989408018231
2022-02-18,-0.006183668877682291
2022-02-22,-0.02916676770914195
2022-02-23,-0.03341903356791409
2022-02-24,0.022852398736392
2022-02-25,0.019794994099663787
2022-02-28,0.007037951633200201
2022-03-01,-0.015160886362627135
2022-03-02,0.02100237032045671
2022-03-03,-0.022644416861197447
2022-03-04,-0.01588558625629599
2022-03-07,-0.04900934704741755
2022-03-08,0.0020832677504087904
2022-03-09,0.03216550934625362
2022-03-10,0.00710955759920795
2022-03-11,-0.019236575523943866
2022-03-14,-0.016674708679844885
2022-03-15,0.03348777264902503
2022-03-16,0.03411466720958223
2022-03-17,0.01666555441852413
2022-03-18,0.021052077509394973
2022-03-21,-0.008375317354842426
2022-03-22,0.02482196940837511
2022-03-23,-0.012408480391484011
2022-03-24,0.00779107050949035
2022-03-25,-0.0017420728276728026
2022-03-28,0.026668813054615326
2022-03-29,0.01742374530871671
2022-03-30,-0.015193614231168273
2022-03-31,-0.01919203816619164
2022-04-01,0.001243332365474803
2022-04-04,0.022458370697836738
2022-04-05,-0.023443687339187558
2022-04-06,-0.025520175309719728
2022-04-07,0.0051044299852394115
2022-04-08,-0.009218702038855109
2022-04-11,-0.018553900999632722
2022-04-12,0.0022141151538175308
2022-04-13,0.024866956838945686
2022-04-14,-0.01398326707390507
2022-04-18,0.003026869552770428
2022-04-19,0.029004199241925877
2022-04-20,-0.012871471144294544
2022-04-21,-0.009682916240874362
2022-04-22,-0.023222272318742965
2022-04-25,0.007223249563827361
2022-04-26,-0.050595778586728146
2022-04-27,0.0001188501704563194
2022-04-28,0.020517558119482304
2022-04-29,-0.050815934769229854
2022-05-02,0.014611982242747512
2022-05-03,-0.002480930784144686
2022-05-04,0.029360162744870744
2022-05-05,-0.05604350241708944
2022-05-06,-0.01267331011890438
2022-05-09,-0.04261761759272065
2022-05-10,-0.0029719230739654323
2022-05-11,-0.03583754505072356
2022-05-12,0.006870565770665582
2022-05-13,0.03937234182125349
2022-05-16,-0.021599233707530696
2022-05-17,0.025229526091083754
2022-05-18,-0.0653838089840062
2022-05-19,0.0007003207746807405
2022-05-20,-0.017424638553865335
2022-05-23,0.007478196577454632
2022-05-24,-0.02573176349992734
2022-05-25,0.028225211694224983
2022-05-26,0.04904355333653254
2022-05-27,0.03430656161756418
2022-05-31,0.0050730535677046
2022-06-01,-0.010418047496261962
2022-06-02,0.03060207406261206
2022-06-03,-0.029249454183891355
2022-06-06,0.00999998457443163
2022-06-07,-0.002458927260146182
2022-06-08,-0.005903213630498283
2022-06-09,-0.018076218679830558
2022-06-10,-0.03987506430821097
2022-06-13,-0.046168681228083486
2022-06-14,-0.0007984643177908479
2022-06-15,0.028106737588287745
2022-06-16,-0.048954805434191506
2022-06-17,0.010919075776141929
2022-06-21,0.028603765426996386
2022-06-22,-0.0019331407535517764
2022-06-23,0.01571016452486962
2022-06-24,0.03813831605938445
2022-06-27,-0.010477003541104146
2022-06-28,-0.039945100404267686
2022-06-29,-0.0007873621849188162
2022-06-30,-0.014692320578417961
2022-07-01,0.018402640441894436
2022-07-05,0.022355626359933156
2022-07-06,-0.0032835484036883855
2022-07-07,0.02579377916032355
2022-07-08,0.00013665164428178223
2022-07-11,-0.027396412580100282
2022-07-12,-0.006041152748009981
2022-07-13,0.00819823534756381
2022-07-14,-0.000841337372104789
2022-07-15,0.01613598103844094
2022-07-18,0.00289960154051494
2022-07-19,0.030634765790688245
2022-07-20,0.016431654377536686
2022-07-21,0.022869220180306238
2022-07-22,-0.005782107377037993
2022-07-25,-0.008594570709683502
2022-07-26,-0.03219927071125406
2022-07-27,0.03785016973329114
2022-07-28,0.017196861462766222
2022-07-29,0.03878767704061814
2022-08-01,0.004974642828048825
2022-08-02,-0.00684413097494474
2022-08-03,0.02436612943419636
2022-08-04,0.004084646541680392
2022-08-05,-0.01704968417102537
2022-08-08,0.004503736330843555
2022-08-09,-0.01593478855508934
2022-08-10,0.028198787515152146
2022-08-11,-0.005089933213955011
2022-08-12,0.02263021431457779
2022-08-15,0.006886012395247221
2022-08-16,0.011047626527993737
2022-08-17,-0.010753478612838485
2022-08-18,-0.0002921028561677641
2022-08-19,-0.02063606729358658
2022-08-22,-0.027756567452317582
2022-08-23,0.002824405461493873
2022-08-24,0.0042854143010842005
2022-08-25,0.011948455705641292
2022-08-26,-0.038072403819439216
2022-08-29,-0.005323068695476052
2022-08-30,-0.011144206168160031
2022-08-31,-0.009868732731541763
2022-09-01,0.009131280209341508
2022-09-02,-0.00917599317232165
2022-09-06,-0.0020579039908638075
2022-09-07,0.030675762076068036
2022-09-08,0.00931668574945288
2022-09-09,0.018956656939269845
2022-09-12,0.012889300972569462
2022-09-13,-0.05156069442591371
2022-09-14,0.01284732115501308
2022-09-15,-0.0051237489791639
2022-09-16,-0.00803936807818173
2022-09-19,0.014148973864696268
2022-09-20,-0.016954419848893343
2022-09-21,-0.023674625435726737
2022-09-22,-0.02307543931324474
2022-09-23,-0.02302010797097287
2022-09-26,-0.0022536731984496017
2022-09-27,0.0031486512076370765
2022-09-28,0.027021477324739918
2022-09-29,-0.034548927956802866
2022-09-30,-0.019681963565103322
2022-10-03,0.0009825661857572054
2022-10-04,0.034925355425505344
2022-10-05,-0.005895411616753776
2022-10-06,-0.007089389674569957
2022-10-07,-0.034395413686734155
2022-10-10,-0.0061853568892786814
2022-10-11,-0.008155695858239276
2022-10-12,0.0025966307413916034
2022-10-13,0.010935169975170522
2022-10-14,-0.037361068331176805
2022-10-17,0.040585576268999946
2022-10-18,0.01378219716993212
2022-10-19,-0.011212260793466822
2022-10-20,-0.019348079358266546
2022-10-21,0.029124951786347664
2022-10-24,0.004143188452095714
2022-10-25,0.025036576995740134
2022-10-26,-0.008050519535054534
2022-10-27,-0.0038518667924261063
2022-10-28,0.0008976293672227076
2022-10-31,-0.0064155522461510905
2022-11-01,-0.01013671916422998
2022-11-02,-0.037806138403378764
2022-11-03,-0.005977426578827938
2022-11-04,0.008360016027997519
2022-11-07,-0.0069814549406781445
2022-11-08,-0.0024901735377329537
2022-11-09,-0.030543598838583486
2022-11-10,0.07308418373157788
2022-11-11,0.023996082705418642
2022-11-14,-0.015852299860193098
2022-11-15,0.013656253407755337
2022-11-16,-0.015268756037792541
2022-11-17,-0.012137639486521024
2022-11-18,0.0013495467336464007
2022-11-21,-0.014469353522808537
2022-11-22,0.011298965604011002
2022-11-23,0.014446519062237151
2022-11-25,0.0005613238010853117
2022-11-28,-0.006170109362687137
2022-11-29,-0.003174658956512255
2022-11-30,0.03446595327622615
2022-12-01,-0.0001369627240621618
2022-12-02,-0.0012999307160938
2022-12-05,-0.028843693655018487
2022-12-06,-0.015590606802237561
2022-12-07,-0.006019913628204754
2022-12-08,0.009661011876358483
2022-12-09,-0.004355746315446218
2022-12-12,0.0025102390294027277
2022-12-13,0.0
2022-12-14,-0.007440136481884241
2022-12-15,-0.01643354748382575
2022-12-16,-0.01868696371192191
2022-12-19,-0.016054643412637404
2022-12-20,-0.011643861755981089
2022-12-21,0.015939129977677657
2022-12-22,-0.025693566449364602
2022-12-23,0.0068456185149186055
2022-12-27,-0.016224997282747955
2022-12-28,-0.008403307731946086
2022-12-29,0.025740190554246478
2022-12-30,-0.002702245305056916
2023-01-03,-0.0059616042640909805
2023-01-04,0.0144872173007764
2023-01-05,-0.009289818926251914
2023-01-06,0.02348124447756761
2023-01-09,0.006057238825046163
2023-01-10,0.012568509357483215
2023-01-11,0.026981035918785645
2023-01-12,0.0016645397296644049
2023-01-13,0.009392825025349438
2023-01-17,0.0007160252557976143
2023-01-18,-0.01301835715862143
2023-01-19,-0.016596873801986045
2023-01-20,0.024246416855587594
2023-01-23,0.01561362066513916
2023-01-24,-0.001133229569245442
2023-01-25,0.005106592797784026
2023-01-26,0.02046425086651693
2023-01-27,0.022681900284333922
2023-01-30,-0.01703997600003382
2023-01-31,0.022907100503709366
2023-02-01,0.018964593996529056
2023-02-02,0.030623024418287903
2023-02-03,-0.03080184824894938
2023-02-06,-0.001453630147895013
2023-02-07,0.0023156733521629835
2023-02-08,-0.008515669297656348
2023-02-09,-0.001864486713308855
2023-02-10,-0.011740331707618012
2023-02-13,0.01464740042016932
2023-02-14,0.011974358950376018
2023-02-15,0.01170142440826627
2023-02-16,-0.021832352777867214
2023-02-17,0.00019914261786935228
2023-02-21,-0.033406344671827126
2023-02-22,0.0050844486693197855
2023-02-23,-0.0008201956957026857
2023-02-24,-0.015736314655322103
2023-02-27,0.012373284382580785
2023-02-28,-0.0006867143934242703
2023-03-01,-0.012573620010882025
2023-03-02,-0.0033403224137286136
2023-03-03,0.021503789544591534
2023-03-06,-0.007313193613309399
2023-03-07,-0.01363260828949231
2023-03-08,-0.001814661760395242
2023-03-09,-0.023846409901697285
2023-03-10,-0.009957493698366071
2023-03-13,0.0020982529969511
2023-03-14,0.016968812863304983
2023-03-15,-0.001490782935016588
2023-03-16,0.018061183807032144
2023-03-17,-0.012781870301661558
2023-03-20,0.004328977055625849
2023-03-21,0.027628470107914138
2023-03-22,-0.022278596348511592
2023-03-23,-0.001055140713907332
2023-03-24,-0.0032385028215600187
2023-03-27,0.0020483101990886876
2023-03-28,-0.0011982601898773426
2023-03-29,0.018983911520230823
2023-03-30,0.008726390901021563
2023-03-31,0.026707638703540315
2023-04-03,-0.009161374355088236
2023-04-04,-0.001619690832354359
2023-04-05,-0.02048286321472581
2023-04-06,0.00020712443567449945
2023-04-10,0.004416306763528333
2023-04-11,0.0015797173071003812
2023-04-12,-0.015500822849295437
2023-04-13,0.022084759932575748
2023-04-14,0.001294931401969679
2023-04-17,0.0070797270823310665
2023-04-18,0.001622103390562346
2023-04-19,-0.0009446945855378086
2023-04-20,-0.01540136249660451
2023-04-21,0.011045534125350365
2023-04-24,-0.0001353810930210253
2023-04-25,-0.01981693701981957
2023-04-26,-0.005123465357029899
2023-04-27,0.026376182960598182
2023-04-28,0.0025766579229193898
2023-05-01,-0.009874398044501742
2023-05-02,0.0010244792017954918
2023-05-03,-0.007915168539803452
2023-05-04,-0.007703547383249187
2023-05-05,0.02023979565453904
2023-05-08,0.003397025444147994
2023-05-09,-0.00027091368778486835
2023-05-10,0.005079557762551534
2023-05-11,0.00464972228551308
2023-05-12,-0.008451295701331296
2023-05-15,0.0012852262510227863
2023-05-16,-0.004053488284246676
2023-05-17,0.02082492330743091
2023-05-18,0.01554917694738589
2023-05-19,-0.008375226962393567
2023-05-22,-0.003101464303460255
2023-05-23,-0.009134069510223664
2023-05-24,-0.0036740325571262833
2023-05-25,-0.004492261656385166
2023-05-26,0.02350492707360452
2023-05-30,0.006711943830872702
2023-05-31,-0.009020339258087873
2023-06-01,0.011806666162613055
2023-06-02,0.023468154792393836
2023-06-05,0.0029935043851525567
2023-06-06,0.010414840007125115
2023-06-07,-0.006787901687260289
2023-06-08,0.014807386692619495
2023-06-09,0.0051756504646558454
2023-06-12,0.017183400879773547
2023-06-13,0.01036757739873817
2023-06-14,-0.0007241591837824357
2023-06-15,0.00652375506152203
2023-06-16,-0.0015001675420759364
2023-06-20,0.0074917940175545095
2023-06-21,-0.012015102406551126
2023-06-22,0.012766103112887395
2023-06-23,-0.01158969730398307
2023-06-26,-0.01281348854722597
2023-06-27,0.021490260387879045
2023-06-28,0.003955901692554331
2023-06-29,0.001074487732243501
2023-06-30,0.012702777386134345
2023-07-03,0.012072407350063097
2023-07-05,0.00040735102180988747
2023-07-06,-0.0161112063881782
2023-07-07,0.001241282811435207
2023-07-10,0.003070222330716854
2023-07-11,0.008358508553475419
2023-07-12,0.008989586549608575
2023-07-13,0.009372153061144584
2023-07-14,0.002579218011674156
2023-07-17,0.004059119908516928
2023-07-18,0.004099527486136179
2023-07-19,0.0035157015366122923
2023-07-20,-0.03407359549520661
2023-07-21,0.00023395983892515737
2023-07-24,0.0065506159122568075
2023-07-25,-0.0023242802159815223
2023-07-26,-0.00023301477118109482
2023-07-27,-0.010369310361812989
2023-07-28,0.016953235753266904
2023-07-31,0.005672574184816481
2023-08-01,-0.011338948533140325
2023-08-02,-0.017930937003778458
2023-08-03,0.0023712650042289063
2023-08-04,0.014548573933097275
2023-08-07,0.010259349126472639
2023-08-08,-0.007962625596508621
2023-08-09,-0.011865415181045114
2023-08-10,0.002413527464625087
2023-08-11,-0.0034058508055536674
2023-08-14,0.0030639820557034625
2023-08-15,-0.013627839285355603
2023-08-16,-0.012386932905810388
2023-08-17,-0.016943999250199182
2023-08-18,-0.0022696772417138966
2023-08-21,0.011496515497983362
2023-08-22,0.0014586376097993625
2023-08-23,0.008011199302685013
2023-08-24,-0.01956776531820814
2023-08-25,0.011176738470925152
2023-08-28,0.004008180800756378
2023-08-29,0.024981748384855562
2023-08-30,0.004308114879149727
2023-08-31,0.0031144285568411867
2023-09-01,-0.006092152860236122
2023-09-05,0.0007071331125179103
2023-09-06,-0.008893383122656973
2023-09-07,0.002793059497921746
2023-09-08,0.0
2023-09-11,0.026903618570547794
2023-09-12,-0.009059896385289035
2023-09-13,0.00791995073044438
2023-09-14,0.009821922977516273
2023-09-15,-0.0171071363270614
2023-09-18,-0.010875564362168966
2023-09-19,-0.005011205532331364
2023-09-20,-0.009954384891053603
2023-09-21,-0.027290733435849424
2023-09-22,-0.009844350603261387
2023-09-25,0.006151836902807073
2023-09-26,-0.018218865368747394
2023-09-27,-0.0038373163693420365
2023-09-28,0.011177119893368781
2023-09-29,0.00530819156968132
2023-10-02,0.0008075952312267543
2023-10-03,-0.024331288511354354
2023-10-04,0.01972139119032823
2023-10-05,-0.004990718993423182
2023-10-06,0.007022129504403951
2023-10-09,0.0010584075583979224
2023-10-10,0.01094673836722082
2023-10-11,0.003568227312689576
2023-10-12,-0.010912027485525333
2023-10-13,-0.014689496992340234
2023-10-16,0.016166388598848558
2023-10-17,0.0023525314421644072
2023-10-18,-0.023468567093506976
2023-10-19,-0.025550006932644087
2023-10-20,-0.015511544740924976
2023-10-23,0.0011866208575030956
2023-10-24,0.010667032280619937
2023-10-25,-0.020196791270002956
2023-10-26,-0.015625962385152126
2023-10-27,0.01047021372550816
2023-10-30,0.009158341593062058
2023-10-31,0.007551709227641146
2023-11-01,0.012360287901766576
2023-11-02,0.026107169077600467
2023-11-03,0.014050615210331019
2023-11-06,0.0012483701753120968
2023-11-07,0.011158261966282446
2023-11-08,-0.0026509102950856844
2023-11-09,-0.018667362053660153
2023-11-10,0.0166287356334196
2023-11-13,0.004275202202586703
2023-11-14,0.033684998076441985
2023-11-15,0.0011937562409207736
2023-11-16,-0.010253452363752968
2023-11-17,0.0066856236429653215
2023-11-20,0.005145344112003292
2023-11-21,-0.0025594563568037687
2023-11-22,0.003043432407309865
2023-11-24,0.0009519197448204508
2023-11-27,0.001604883005486002
2023-11-28,0.005756148854202836
2023-11-29,-0.0027139793510526644
2023-11-30,-0.0014201220368607048
2023-12-01,0.013686481656487004
2023-12-04,-0.003799093502844575
2023-12-05,0.0017602266519398668
2023-12-06,0.0014641569170554813
2023-12-07,0.008245982426948961
2023-12-08,0.004582554057047217
2023-12-11,0.002656020248358093
2023-12-12,0.003109588096180005
2023-12-13,0.01308913674779566
2023-12-14,0.013430154168628361
2023-12-15,0.002068741023815601
2023-12-18,0.006205012060852111
2023-12-19,0.007833435784050824
2023-12-20,-0.018246056672449718
2023-12-21,0.015216224679809542
2023-12-22,-0.00735591217071363
2023-12-26,0.004234539521117631
2023-12-27,0.0034399601833545734
2023-12-28,-0.005197486147572872
2023-12-29,-0.006169489173458498
2024-01-02,-0.0092834880927819
2024-01-03,-0.020208805232038607
2024-01-04,-0.007028836611984723
2024-01-05,0.0015664201785761112
2024-01-08,0.017031763554888224
2024-01-09,-0.0037025447419126722
2024-01-10,0.008004191545927464
2024-01-11,-0.0013045959709937494
2024-01-12,-0.012039934029686616
2024-01-16,-0.001149674884976859
2024-01-17,-0.008747692967564391
2024-01-18,0.005689779295012354
2024-01-19,0.009640746013109824
2024-01-22,-0.0044026186521402
2024-01-23,-0.002412160891611781
2024-01-24,-0.003799704041449914
2024-01-25,-0.012367005684508436
2024-01-26,0.004564222469934709
2024-01-29,0.014620020473333328
2024-01-30,-0.0005741228932415465
2024-01-31,-0.018208913954334216
2024-02-01,0.019248719891848065
2024-02-02,0.017852043543339136
2024-02-05,-0.014098755399250207
2024-02-06,0.0060633991997092185
2024-02-07,0.01120084664821741
2024-02-08,0.004385687997239041
2024-02-09,0.0071095290770435415
2024-02-12,-0.0008336353033659982
2024-02-13,-0.01991657897992949
2024-02-14,0.010557945000431612
2024-02-15,0.011571118191117336
2024-02-16,-0.005941522197931537
2024-02-20,-0.009440264863122438
2024-02-21,0.00738733658833457
2024-02-22,0.01942459185372969
2024-02-23,-0.004502774814567956
2024-02-26,0.0030888142379172923
2024-02-27,0.0032995511397635457
2024-02-28,0.003946168241435677
2024-02-29,0.006769953733646528
2024-03-01,0.0033076651863095385
2024-03-04,-0.013511921887625844
2024-03-05,-0.012437125335905685
2024-03-06,-0.0035506131213379755
2024-03-07,0.007627708234813735
2024-03-08,-0.0037022285771207697
2024-03-11,-0.002717434486215864
2024-03-12,0.008619728106952662
2024-03-13,-0.0020951633706520756
2024-03-14,-0.006354053378943236
2024-03-15,-0.00995313532245612
2024-03-18,0.007637996907779554
2024-03-19,0.008658248208352592
2024-03-20,0.014897235521219576
2024-03-21,0.005838874619701118
2024-03-22,-0.008734383050041705
2024-03-25,-0.0032838071220681053
2024-03-26,0.0012630319113278166
2024-03-27,0.01157118271995139
2024-03-28,-0.0030902103653752677
2024-04-01,-0.007450033293069036
2024-04-02,-0.01473824463647011
2024-04-03,0.0007228327135988533
2024-04-04,-0.011724687247065657
2024-04-05,0.005566453244973069
2024-04-08,0.009505703586339731
2024-04-09,0.004708055208538564
2024-04-10,-0.015436343507505224
2024-04-11,0.00806322088541922
2024-04-12,-0.016219527919138166
2024-04-15,-0.01665630759353076
2024-04-16,-0.0056845695274737595
2024-04-17,-0.004850597284229541
2024-04-18,-0.006209114162074925
2024-04-19,-0.008758549848582708
2024-04-22,0.00441792441579425
2024-04-23,0.011905539866904125
2024-04-24,0.009562939665477499
2024-04-25,0.0008611313470174853
2024-04-26,0.009005555838727863
2024-04-29,0.023250395606735808
2024-04-30,-0.02433339137321322
2024-05-01,-0.006263425916922305
2024-05-02,0.012605984482013
2024-05-03,0.00673393017725421
2024-05-06,0.01067944390553488
2024-05-07,-0.007174209939603937
2024-05-08,-0.003753051903063853
2024-05-09,0.006803500785450556
2024-05-10,-0.005361485563043611
2024-05-13,-0.0012913671127966486
2024-05-14,0.004553867081332763
2024-05-15,0.0015111897843156363
2024-05-16,-0.006482386598824497
2024-05-17,0.0051184953758474094
2024-05-20,-0.007442589089414642
2024-05-21,0.0064272095106494564
2024-05-22,-0.010419667914262187
2024-05-23,-0.016190163823706194
2024-05-24,0.01006968488360993
2024-05-28,-0.0024496032688610114
2024-05-29,-0.006567349910641451
2024-05-30,0.005920931471756763
2024-05-31,0.0056003783454627865
2024-06-03,-0.00045466529450310933
2024-06-04,0.0010233524153515638
2024-06-05,0.005849975616324166
2024-06-06,0.007283902740744086
2024-06-07,-0.004092008774852496
2024-06-10,0.003208228569997029
2024-06-11,-0.002636952029948403
2024-06-12,0.010407293477729729
2024-06-13,0.0007794747326368423
2024-06-14,-0.007899844793924693
2024-06-17,0.01755170786642468
2024-06-18,-0.0033616269487488637
2024-06-20,0.0012717304874780844
2024-06-21,0.008449313210060483
2024-06-24,-0.004269532418961108
2024-06-25,-0.004023424561724442
2024-06-26,0.014498311652215268
2024-06-27,0.006109273801588655
2024-06-28,-0.01111423799643907
2024-07-01,0.003399265580749322
2024-07-02,0.01945137598368052
2024-07-03,0.006377932548441434
2024-07-05,0.008148277059159659
2024-07-08,0.00047550830795373145
2024-07-09,0.0033265690219508315
2024-07-10,0.007525416378022509
2024-07-11,-0.012692690860772848
2024-07-12,0.013067498356874374
2024-07-15,-0.0011489617145372666
2024-07-16,0.01793279400817438
2024-07-17,-0.01669231327321985
2024-07-18,-0.010185422060807858
2024-07-19,-0.008918190581168717
2024-07-22,0.011021814704500477
2024-07-23,-0.004476606926867022
2024-07-24,-0.040893059157463885
2024-07-25,-0.00391612517276585
2024-07-26,0.011185622723032917
2024-07-29,0.016702236580802277
2024-07-30,-0.005547855276995306
2024-07-31,0.015490557283364126
2024-08-01,-0.024534716684563085
2024-08-02,-0.03679804688580346
2024-08-05,-0.02826980465128326
2024-08-06,0.01104116193094562
2024-08-07,-0.017449681413110985
2024-08-08,0.02181716415135715
2024-08-09,0.003337805158585949
2024-08-12,-0.0039576502586023965
2024-08-13,0.0250504176076074
2024-08-14,-0.005337131460780298
2024-08-15,0.03191171165113338
2024-08-16,0.002353784853293961
2024-08-19,0.012286373908354076
2024-08-20,-0.0009169716791928018
2024-08-21,0.012634149948193452
2024-08-22,-0.017275396209690874
2024-08-23,0.019315319446054025
2024-08-26,-0.0077712755845325
2024-08-27,-0.002628665633896854
2024-08-28,-0.009681483417491199
2024-08-29,0.0011947013020603414
2024-08-30,0.015080833050992837
2024-09-03,-0.013734389732717012
2024-09-04,0.002600927580051815
2024-09-05,0.011349434653551649
2024-09-06,-0.025276627025102694
2024-09-09,0.014583378600792063
2024-09-10,0.011455759708121516
2024-09-11,0.009990515588806259
2024-09-12,0.01126667387221314
2024-09-13,0.006800006517603929
2024-09-16,-0.0017145382023547873
2024-09-17,0.005100282140706014
2024-09-18,-0.0019677178648868088
2024-09-19,0.02277573841495495
2024-09-20,-0.0022825985264331994
2024-09-23,0.012150695723296412
2024-09-24,0.008758142858205309
2024-09-25,-0.0035926184878750655
2024-09-26,0.004256555497755388
2024-09-27,0.0014960499523366533
2024-09-30,-0.0023402209742985347
2024-10-01,-0.004042492989212887
2024-10-02,-0.008468684660179582
2024-10-03,-0.01157317911346134
2024-10-04,0.01324259748353196
2024-10-07,-0.015542152310390134
2024-10-08,0.009739095177072832
2024-10-09,0.007157641387635527
2024-10-10,-0.004939448147623593
2024-10-11,-0.0042549071591777565
2024-10-14,0.004374860650788959
2024-10-15,0.002177785388681297
2024-10-16,0.005256081534439794
2024-10-17,-0.0009050630066366194
2024-10-18,0.003924924626563353
2024-10-21,-0.00776894386346616
2024-10-22,-0.004041253373152975
2024-10-23,-0.0157232429489097
2024-10-24,0.0315366097601284
2024-10-25,0.003147162541254689
2024-10-28,0.002340570701965028
2024-10-29,-0.00521665611035893
2024-10-30,-0.0013984494005344628
2024-10-31,-0.0153036595168774
2024-11-01,0.01625262656336357
2024-11-04,-0.0034485378959219215
2024-11-05,0.01770314747233237
2024-11-06,0.031981567512239906
2024-11-07,0.012845016692752953
2024-11-08,0.014190662039835766
2024-11-11,0.020174865719446933
2024-11-12,-0.013350962578526082
2024-11-13,0.00854384913153905
2024-11-14,-0.014195413643075416
2024-11-15,-0.00854706353612944
2024-11-18,0.009229792191600028
2024-11-19,0.0007427899295489038
2024-11-20,-0.004406956925246064
2024-11-21,0.0017705569825785528
2024-11-22,0.014418579149077848
2024-11-25,0.010224723049399698
2024-11-26,0.0036309467806883156
2024-11-27,-0.0049292531633051695
2024-11-29,0.010270817423566392
2024-12-02,0.008726933784961144
2024-12-03,-0.0007580126986515001
2024-12-04,0.0092826548660776
2024-12-05,0.008180410539399885
2024-12-06,0.02105266994606536
2024-12-09,-0.0031786408870896343
2024-12-10,0.0016374943498089767
2024-12-11,0.017552967366948335
2024-12-12,-0.008286905835111047
2024-12-13,0.003964942226477142
2024-12-16,0.013546123595740589
2024-12-17,0.0031423083660970796
2024-12-18,-0.04506533409041269
2024-12-19,-0.0013559350782726964
2024-12-20,0.002540244464408481
2024-12-23,0.003033120552356605
2024-12-24,0.023127013212046466
2024-12-26,-0.00371047778420297
2024-12-27,-0.01652403094903121
2024-12-30,-0.016061658089114084
2024-12-31,-0.007520429864656175
2025-01-02,-0.01314911666428864
2025-01-03,0.020234888719559363
2025-01-06,0.003940122862525319
2025-01-07,-0.01935878921543388
2025-01-08,0.0028329437638490162
2025-01-10,-0.00982013748771049
2025-01-13,0.005660769785113429
2025-01-14,-0.0019363867721439165
2025-01-15,0.025446548366994337
2025-01-16,-0.005411745098729659
2025-01-17,0.014023494531220315
2025-01-21,0.007329109735410677
2025-01-22,-0.003767780256679787
2025-01-23,0.006042647501211196
2025-01-24,-0.006092839083802093
2025-01-27,0.005695443084569485
2025-01-28,0.0012104621808757265
2025-01-29,-0.002849759042553135
2025-01-30,0.009786097558477369
2025-01-31,-0.004416829744307904
2025-02-03,-0.013223067555839352
2025-02-04,0.011785242637131432
2025-02-05,-0.011345996159510818
2025-02-06,0.003970892987101626
2025-02-07,-0.019558429541465583
2025-02-10,0.003413422227984464
2025-02-11,-0.011354116527190539
2025-02-12,-0.00017867116563818897
2025-02-13,0.015017376009710315
2025-02-14,-0.0004403169632820614
2025-02-18,-0.0027753541782292723
2025-02-19,-0.0005742579753019728
2025-02-20,-0.00861922641982904
2025-02-21,-0.026305201424612568
2025-02-24,-0.0037547405498474795
2025-02-25,-0.005239764886218801
2025-02-26,-0.0041121611269370195
2025-02-27,-0.014428867512524923
2025-02-28,0.016617222526397413
2025-03-03,-0.018429310732341553
2025-03-04,-0.01764311777614236
2025-03-05,0.015222797957272105
2025-03-06,-0.025353649520058474
2025-03-07,-0.0018441386054516284
2025-03-10,-0.03568822348297995
2025-03-11,-0.0097817485119428
2025-03-12,0.0058047779430170365
2025-03-13,-0.024958088119965915
2025-03-14,0.02128750319509143
2025-03-17,0.0015759408087845372
2025-03-18,-0.017816342211616876
2025-03-19,0.019173231206074615
2025-03-20,-0.002383228390436032
2025-03-21,0.003608756798039181
2025-03-24,0.037489563002435444
2025-03-25,0.007978827303067204
2025-03-26,-0.013063246355120128
2025-03-27,0.0006396214188908456
2025-03-28,-0.0310779635196885
2025-03-31,0.002131674514291859
2025-04-01,0.010432451004600551
2025-04-02,0.018995584423740608
2025-04-03,-0.06040040098113042
2025-04-04,-0.04313457758549899
2025-04-07,-0.011816779578947667
2025-04-08,-0.023750294058932586
2025-04-09,0.10888059671672368
2025-04-10,-0.039071287926829235
2025-04-11,0.009686011896512525
2025-04-14,0.0028990901688417114
2025-04-15,-0.0072003678236134405
2025-04-16,-0.024669117903451387
2025-04-17,0.006296143652544828
2025-04-21,-0.026699031532692707
2025-04-22,0.031643101932130824
2025-04-23,0.022346423418615258
2025-04-24,0.019913823043059997
2025-04-25,0.01797945414928659
2025-04-28,0.0003542721892610956
2025-04-29,0.007082547029445108
2025-04-30,-0.009092349432898716
2025-05-01,0.005525766278987598
2025-05-02,0.015528030416766203
2025-05-05,-0.010624108583341951
2025-05-06,-0.008730891926225115
2025-05-07,0.007795417984926445
2025-05-08,0.011803764804910077
2025-05-09,0.004815378550623084
2025-05-12,0.049701097921761805
2025-05-13,0.013225331851715927
2025-05-14,0.0038555221950284935
2025-05-15,-0.002221142775689855
2025-05-16,0.009460657623507007
2025-05-19,-0.0023429453228779318
2025-05-20,-0.005203575272179184
2025-05-21,-0.02027500863301901
2025-05-22,0.004299518813742242
2025-05-23,-0.008985679973358862
2025-05-27,0.02952766340937596
2025-05-28,-0.009175947504341475
2025-05-29,0.00041881253138420504
2025-05-30,-0.005442568641002454
2025-06-02,0.0023385692255180057
2025-06-03,0.005319697964787817
2025-06-04,-0.0026458453643739555
2025-06-05,-0.025224454773338123
2025-06-06,0.012986280683575657
2025-06-09,0.008012509854094851
2025-06-10,0.011969856940581058
2025-06-11,-0.007900874672710834
2025-06-12,-0.004703826575582104
2025-06-13,-0.00921808716215522
2025-06-16,0.010767884384397242
2025-06-17,-0.01724138794854968
2025-06-18,0.0004754301721765497
2025-06-20,0.0011880834091186898
2025-06-23,0.019820814549122323
2025-06-24,0.005550406849933909
2025-06-25,-0.01178159717470817
2025-06-26,0.009199689306724324
2025-06-27,0.016650402962131716
2025-06-30,-0.005764217961423457
2025-07-01,0.0042791947199938285
2025-07-02,0.008017955132199273
2025-07-03,0.005454315926790132
2025-07-07,-0.012702866713461436
2025-07-08,-0.0033882606089000733
2025-07-09,0.005926632986060998
2025-07-10,0.011052760072838064
2025-07-11,0.00027102308833604205
2025-07-14,0.003703208720423179
2025-07-15,-0.014308173927014223
2025-07-16,0.0018258832486934828
2025-07-17,0.003417361164217869
2025-07-18,0.008854767650674722
2025-07-21,0.0047260662184549496
2025-07-22,0.010124569366321223
2025-07-23,0.004745428118966499
2025-07-24,-0.01655261709029865
2025-07-25,0.00929079764399865
2025-07-28,0.005825588008754989
2025-07-29,-0.006897151106784016
2025-07-30,-0.006321769542894762
2025-07-31,-0.007930142698738596
2025-08-01,-0.024115968937365118
2025-08-04,0.01175440731031352
2025-08-05,0.001280718488805288
2025-08-06,0.020784811245572854
2025-08-07,-0.00031329325870199654
2025-08-08,0.0017458229813229753
2025-08-11,0.002591834260313952
2025-08-12,0.010607947297712528
2025-08-13,0.013716143289466354
2025-08-14,-0.0011312150992542902
2025-08-15,-0.002395552359207298
2025-08-18,0.004016834827855975
2025-08-19,-0.0004783927280582745
2025-08-20,-0.009876019889168863
2025-08-21,-0.005931991588363661
2025-08-22,0.030367352123515268
2025-08-25,-0.0020162568784839463
2025-08-26,0.004599509107092503
2025-08-27,0.0002139475067921559
2025-08-28,0.0017112139443795638
2025-08-29,-0.010292503653814955
2025-09-02,-0.007465285118181231
2025-09-03,0.004043357670879155
2025-09-04,0.018273144642885875
2025-09-05,-0.00021268419413233985
2025-09-08,0.003870544514545271
2025-09-09,-0.0013981346417648588
2025-09-10,-0.011964925058296605
2025-09-11,0.019452889094212278
2025-09-12,0.005181170667187374
2025-09-15,0.008674474120415665
2025-09-16,0.0061487643697193395
2025-09-17,-0.002518751462739055
2025-09-18,-0.00451218319201796
2025-09-19,0.0037841138662764173
2025-09-22,-0.0032577497729530114
2025-09-23,-0.00940958687548421
2025-09-24,0.007061230445106759
2025-09-25,-0.014106864760897508
2025-09-26,0.014774386060151246
2025-09-29,0.004380241807018459
2025-09-30,-0.004651915362772985
2025-10-01,0.0062593890995676915
2025-10-02,-0.007215748103044706
2025-10-03,-0.006432720657456259
2025-10-06,0.00857644530773638
2025-10-07,-0.01750728243058841
2025-10-08,0.002969864053056881
2025-10-09,-0.004991508909674258
2025-10-10,-0.02750616948867557
2025-10-13,0.022338800482411214
2025-10-14,0.00209529415840759
2025-10-15,0.0014508057564992516
2025-10-16,-0.009672351820899094
2025-10-17,0.008605111503986018
2025-10-20,0.007934479246139547
2025-10-21,0.01223124853808688
2025-10-22,-0.00781868600369584
2025-10-23,0.004509026766410518
2025-10-24,-0.002978526952308269
2025-10-27,0.014390297552160591
2025-10-28,0.00024886991097594624
2025-10-29,-0.008252490247163458
2025-10-30,-0.02257994578424183
2025-10-31,0.026438471340240577
2025-11-03,0.009377735459028091
2025-11-04,-0.016599178855594587
2025-11-05,0.012176662125848559
2025-11-06,-0.023106247912724753
2025-11-07,0.001571171211332878
2025-11-10,0.013143415990390483
2025-11-11,0.00246901707948588
2025-11-12,-0.0067209375489079015
2025-11-13,-0.02496428671286155
2025-11-14,-0.0047844853894464245
2025-11-17,-0.00939840692399685
2025-11-18,-0.018450512408973996
2025-11-19,4.451896140733602e-05
2025-11-20,-0.014921343934310105
2025-11-21,0.01962378488888672
2025-11-24,0.013348090939405477
2025-11-25,0.021399498959342678
2025-11-26,0.006855210562795699
2025-11-28,0.006212794527094445
2025-12-01,0.0005920637134120277
2025-12-02,-0.000676262290709162
2025-12-03,0.01078498995697541
