Date,EWC
2020-01-03,-0.00500335995392065
2020-01-06,0.005028519446748092
2020-01-07,0.0010007005618208886
2020-01-08,-0.0009997001613077927
2020-01-09,0.0016679771248850894
2020-01-10,-0.000666165414391684
2020-01-13,0.005331520125084532
2020-01-14,0.0006630033148746772
2020-01-15,0.005299732023668069
2020-01-16,0.005271934047448079
2020-01-17,0.002294195496591156
2020-01-21,0.00032702204135559576
2020-01-22,-0.005230502119943137
2020-01-23,0.003943467905577203
2020-01-24,-0.004582454138834069
2020-01-27,-0.012495882331650221
2020-01-28,0.007658834314635543
2020-01-29,-0.005287401807720138
2020-01-30,0.0016610425895076109
2020-01-31,-0.015920361260776228
2020-02-03,-0.0016851879277925974
2020-02-04,0.013166711959930355
2020-02-05,0.007330849091514491
2020-02-06,0.004631245104285364
2020-02-07,-0.007902446405619101
2020-02-10,0.0033187773174050417
2020-02-11,0.006615953119578855
2020-02-12,0.005915412972319123
2020-02-13,-0.0035936463208131597
2020-02-14,0.00360660719147754
2020-02-18,-0.002940313318611998
2020-02-19,0.00851900719634946
2020-02-20,-0.0012995884659714463
2020-02-21,-0.0035784492216390795
2020-02-24,-0.023179824677923233
2020-02-25,-0.021056064718346645
2020-02-26,-0.009901173236535388
2020-02-27,-0.035862013253489144
2020-02-28,-0.013233172631387347
2020-03-02,0.021022190141336994
2020-03-03,-0.012069675358754584
2020-03-04,0.018325544375514813
2020-03-05,-0.01552574824672004
2020-03-06,-0.02150540357889963
2020-03-09,-0.12417581624567386
2020-03-10,0.02467588611697158
2020-03-11,-0.04408161859706372
2020-03-12,-0.13321952769440715
2020-03-13,0.10837463262608438
2020-03-16,-0.11377794037603528
2020-03-17,-0.019057271043461665
2020-03-18,-0.04805711799614065
2020-03-19,0.02094511371150909
2020-03-20,-0.013150737273290192
2020-03-23,-0.05916852545633422
2020-03-24,0.12861187423303178
2020-03-25,0.05823293733935486
2020-03-26,0.03320671854784707
2020-03-27,-0.05142337173038425
2020-03-30,0.026621449213232617
2020-03-31,0.030174750710215692
2020-04-01,-0.04851282550853808
2020-04-02,0.01827801213459601
2020-04-03,-0.0075577133415853925
2020-04-06,0.05188015544864766
2020-04-07,0.007239768934349744
2020-04-08,0.021563194259127005
2020-04-09,0.017590172540839832
2020-04-13,0.0025929993275044527
2020-04-14,0.009482705388082824
2020-04-15,-0.03501269798455209
2020-04-16,-0.0070797867204657194
2020-04-17,0.04188945074638828
2020-04-20,-0.005987949362961209
2020-04-21,-0.032272007804865055
2020-04-22,0.023566150429817467
2020-04-23,0.003909494918224121
2020-04-24,0.012981549589144992
2020-04-27,0.01665946158956011
2020-04-28,0.013445557042238487
2020-04-29,0.041044629696938895
2020-04-30,-0.03305455348333819
2020-05-01,-0.0222406512675265
2020-05-04,0.009267009128187897
2020-05-05,0.007095396393493658
2020-05-06,-0.00787410029964497
2020-05-07,0.008354229267629965
2020-05-08,0.017398379349461868
2020-05-11,0.003257350858861585
2020-05-12,-0.01988633376193183
2020-05-13,-0.02567276068387514
2020-05-14,0.005099769351402772
2020-05-15,0.0033826863214212466
2020-05-18,0.03708392515841652
2020-05-19,-0.008533139954824409
2020-05-20,0.01147535372577102
2020-05-21,-0.011750450643916444
2020-05-22,0.0
2020-05-26,0.03239044161552629
2020-05-27,0.009928505507596608
2020-05-28,-0.001966163032295132
2020-05-29,-0.00945615806190736
2020-06-01,0.02028638865961563
2020-06-02,0.017933567715620935
2020-06-03,0.0122558397003254
2020-06-04,-0.004918574170108547
2020-06-05,0.024334596921547602
2020-06-08,0.01262074083977649
2020-06-09,-0.009897532344108617
2020-06-10,-0.008515331775341917
2020-06-11,-0.0575055995825311
2020-06-12,0.01743254911240122
2020-06-15,0.008968777015047946
2020-06-16,0.012085740208404916
2020-06-17,-0.007319074031671535
2020-06-18,0.0019402254909566263
2020-06-19,-0.005034686231132346
2020-06-22,0.01050989212187603
2020-06-23,0.002311131812743339
2020-06-24,-0.023827769517485775
2020-06-25,0.01023612347478875
2020-06-26,-0.020264813813191895
2020-06-29,0.014319678458841967
2020-06-30,0.014901877586363632
2020-07-01,0.0015456813973024897
2020-07-02,0.00501542559882262
2020-07-06,0.00614197029036001
2020-07-07,-0.009538189355976279
2020-07-08,0.008089287983257698
2020-07-09,-0.010317205925082784
2020-07-10,0.010810923187066335
2020-07-13,-0.006111633074965983
2020-07-14,0.019216000977656522
2020-07-15,0.014328808567021678
2020-07-16,-0.0055760858677977865
2020-07-17,0.004859806270262723
2020-07-20,0.006324402003985208
2020-07-21,0.004805751541501202
2020-07-22,0.004783000735720355
2020-07-23,-0.010252605533559778
2020-07-24,-0.002589820223090622
2020-07-27,0.014836994512359647
2020-07-28,-0.004020575279075511
2020-07-29,0.013578077230871566
2020-07-30,-0.006517225790754644
2020-07-31,-0.004737526302529993
2020-08-03,0.002563190194906806
2020-08-04,0.014243799936434431
2020-08-05,0.011523336487333946
2020-08-06,0.003916014211456265
2020-08-07,-0.008865254091528496
2020-08-10,0.0067978153731032
2020-08-11,-0.0003551975305070565
2020-08-12,0.009242637432101297
2020-08-13,-0.0024655331989021922
2020-08-14,-0.002118911768475007
2020-08-17,0.013092880613017499
2020-08-18,-0.0010477992993790375
2020-08-19,-0.005244714037151987
2020-08-20,0.002811883873525156
2020-08-21,-0.0038556198538639563
2020-08-24,0.0028150761275205216
2020-08-25,0.003859529146072571
2020-08-26,0.013631505299897873
2020-08-27,-0.0017239052730024795
2020-08-28,-0.000690957933798475
2020-08-31,-0.007604693409165586
2020-09-01,0.006617866726485122
2020-09-02,0.0034602543143515962
2020-09-03,-0.01965506397448069
2020-09-04,-0.0077383630953601346
2020-09-08,-0.021977970779251232
2020-09-09,0.02392166122147943
2020-09-10,-0.01592922930583185
2020-09-11,0.0028776297060877365
2020-09-14,0.009325746455484119
2020-09-15,0.0014216187907101219
2020-09-16,-0.008516776466118925
2020-09-17,0.0
2020-09-18,-0.008232043192847316
2020-09-21,-0.018043811778667096
2020-09-22,0.011392842237329948
2020-09-23,-0.022892522837869578
2020-09-24,0.006693759780522113
2020-09-25,0.0051720662531937744
2020-09-28,0.013230231567616935
2020-09-29,-0.005077882522987909
2020-09-30,-0.0007291693474362759
2020-10-01,0.005837224687558651
2020-10-02,-0.001087930948179272
2020-10-05,0.01924468981944183
2020-10-06,-0.015318905982312114
2020-10-07,0.014833519615800705
2020-10-08,0.014616778048177625
2020-10-09,0.004919235804516475
2020-10-12,0.002797210468555411
2020-10-13,-0.00871688123233616
2020-10-14,-0.0028139366592089265
2020-10-15,-0.002821802467546153
2020-10-16,-0.002476223470507244
2020-10-19,-0.009219846213614602
2020-10-20,0.0035790700427011934
2020-10-21,-0.004279536939678197
2020-10-22,0.003581633717590238
2020-10-23,0.0032119813904054606
2020-10-26,-0.01849873074616859
2020-10-27,-0.002899609269621628
2020-10-28,-0.036713849969319035
2020-10-29,0.004528314021982283
2020-10-30,-0.005635055218141893
2020-11-02,0.012844726615291346
2020-11-03,0.02237977321102358
2020-11-04,0.005107523264211711
2020-11-05,0.024319509116122573
2020-11-06,-0.00035434082915308807
2020-11-09,0.015597274433441832
2020-11-10,0.009424054947423599
2020-11-11,0.006915649092436915
2020-11-12,-0.01614010111532027
2020-11-13,0.004886612780887534
2020-11-16,0.01806180359585219
2020-11-17,0.004776648659094995
2020-11-18,-0.0027164758746306417
2020-11-19,0.004085812823910295
2020-11-20,0.004408195939180404
2020-11-23,0.006414477168509292
2020-11-24,0.017443931844516314
2020-11-25,0.002307899839103955
2020-11-27,0.003289587459206267
2020-11-30,-0.007213238312449355
2020-12-01,0.005614335071923771
2020-12-02,0.006896553164521757
2020-12-03,0.0068491782057849004
2020-12-04,0.015225198492883063
2020-12-07,0.0006381977053291354
2020-12-08,0.0022321659431949747
2020-12-09,-0.002545413291914933
2020-12-10,0.007655524004842373
2020-12-11,-0.005064841037808243
2020-12-14,-0.008213863009160272
2020-12-15,0.01136713637564557
2020-12-16,-0.0006420272460816445
2020-12-17,0.006747971938007469
2020-12-18,-0.011171348095330269
2020-12-21,-0.007424147532914982
2020-12-22,-0.0013008164848442583
2020-12-23,0.006838198810892093
2020-12-24,0.00452779181096763
2020-12-28,-0.006761142391785047
2020-12-29,0.002593131990995312
2020-12-30,0.0038798068206882252
2020-12-31,-0.006763252576226675
2021-01-04,0.0032425167910592467
2021-01-05,0.01874590851962532
2021-01-06,0.00920061571276598
2021-01-07,0.010688391976076739
2021-01-08,-0.0012441061756239824
2021-01-11,-0.010277280708773096
2021-01-12,0.006922644698408753
2021-01-13,-0.001562520550655866
2021-01-14,0.006885810382161184
2021-01-15,-0.010568848456674718
2021-01-19,0.0021991067530846564
2021-01-20,0.00909095026512352
2021-01-21,-0.004038483329775189
2021-01-22,-0.013100569302594844
2021-01-25,0.002844591262816998
2021-01-26,-0.0034667435338333608
2021-01-27,-0.02656540370061855
2021-01-28,0.011695664951441254
2021-01-29,-0.017340854672210693
2021-02-01,0.011111106549199334
2021-02-02,0.01777630423011267
2021-02-03,0.0034932982666964207
2021-02-04,0.003797279378472407
2021-02-05,0.010088300353358504
2021-02-08,0.013108552183350275
2021-02-09,0.0067776881766730135
2021-02-10,0.002447987003871166
2021-02-11,0.0009157373948687209
2021-02-12,0.002744762619732999
2021-02-16,0.0045620400768686675
2021-02-17,-0.007266141169221196
2021-02-18,-0.002744634902892451
2021-02-19,0.01039742039624092
2021-02-22,0.002421187353979448
2021-02-23,-0.00181137807932219
2021-02-24,0.015426395317934771
2021-02-25,-0.02114975353584847
2021-02-26,-0.02099818180926072
2021-03-01,0.022380899410793686
2021-03-02,0.01064154678206708
2021-03-03,-0.007821703017937942
2021-03-04,-0.010612504509414422
2021-03-05,0.0144037523412186
2021-03-08,0.0033233196404180987
2021-03-09,0.008732475497505554
2021-03-10,0.007164197688052765
2021-03-11,0.016301090667800056
2021-03-12,0.005540912178575441
2021-03-15,0.006380497125660911
2021-03-16,-0.0014408204584557271
2021-03-17,0.00836920337654301
2021-03-18,-0.01574111984688875
2021-03-19,0.00029061552953679737
2021-03-22,-0.004650993204871501
2021-03-23,-0.011098312910401531
2021-03-24,0.0
2021-03-25,-0.002067264606159136
2021-03-26,0.009766183322215127
2021-03-29,-0.0017581667394300782
2021-03-30,-0.004110741530040984
2021-03-31,0.0038326349800692494
2021-04-01,0.01732736787180178
2021-04-05,0.0037530332792685694
2021-04-06,-0.002013280266547235
2021-04-07,0.0
2021-04-08,0.00749254396382093
2021-04-09,0.003146686928638509
2021-04-12,-0.0034216775104173314
2021-04-13,0.003719624266724564
2021-04-14,0.0
2021-04-15,0.006271426019264226
2021-04-16,0.0022661761640550004
2021-04-19,-0.00734895237242994
2021-04-20,-0.018223048289014998
2021-04-21,0.016531381860479755
2021-04-22,-0.006562056424055052
2021-04-23,0.006031047467460304
2021-04-26,0.010276573428266378
2021-04-27,0.0011305619143582302
2021-04-28,0.016934786203524954
2021-04-29,-0.0008325690118116125
2021-04-30,-0.010833462845996622
2021-05-03,0.005616356195314642
2021-05-04,-0.0016754849778802816
2021-05-05,0.009230808878913477
2021-05-06,0.008591910096187982
2021-05-07,0.01154169313074127
2021-05-10,0.0
2021-05-11,-0.005976624575186773
2021-05-12,-0.010112036895984278
2021-05-13,0.0019327402686597495
2021-05-14,0.01515571498074686
2021-05-17,0.009500268787593358
2021-05-18,0.001613538544416926
2021-05-19,-0.009396152430894866
2021-05-20,0.011924209480760561
2021-05-21,-0.0013388960287455953
2021-05-24,0.0077767494429417106
2021-05-25,-0.006652395189895688
2021-05-26,0.005357579173413507
2021-05-27,0.007460662191236533
2021-05-28,0.001586858371533495
2021-06-01,0.0068657497441626525
2021-06-02,0.002360146311718214
2021-06-03,-0.006802657730572315
2021-06-04,0.006585801142475978
2021-06-07,0.00026172602173701875
2021-06-08,-0.0013081781239175916
2021-06-09,-0.004453675651111322
2021-06-10,0.0027272724267104476
2021-06-11,-0.0013203060498658825
2021-06-14,0.004495063354035933
2021-06-15,0.0007894840635092049
2021-06-16,-0.006838549239678304
2021-06-17,-0.010857984232742202
2021-06-18,-0.012851426477693995
2021-06-21,0.013832427957821247
2021-06-22,0.005618132663468778
2021-06-23,-0.0018621747118047205
2021-06-24,0.001598969134149364
2021-06-25,0.0031930545359981632
2021-06-28,-0.0074269673812698
2021-06-29,-0.0026721450237082722
2021-06-30,-0.0013399868354518896
2021-07-01,0.009659175490823513
2021-07-02,0.0
2021-07-06,-0.0077065726474020435
2021-07-07,-0.00348143175092952
2021-07-08,-0.014243503075365371
2021-07-09,0.015812452384264652
2021-07-12,-0.0002683172609209139
2021-07-13,-0.003221565178759933
2021-07-14,-0.00565584801008423
2021-07-15,-0.004333739177489138
2021-07-16,-0.01169729294455435
2021-07-19,-0.022846264392836102
2021-07-20,0.01605642994075307
2021-07-21,0.018852135542995807
2021-07-22,-0.001088389948486701
2021-07-23,0.005992893834043889
2021-07-26,-0.00027082760656360616
2021-07-27,-0.0032502480158730362
2021-07-28,0.00706526183305245
2021-07-29,0.010253438973804707
2021-07-30,-0.0029378564486877146
2021-08-02,-0.002142959002696787
2021-08-03,0.0005367785487917498
2021-08-04,-0.0021465206676739568
2021-08-05,0.0064531905583156135
2021-08-06,0.001603370469538845
2021-08-09,-0.003201052473813082
2021-08-10,0.006689968955897685
2021-08-11,0.005050459789991413
2021-08-12,-0.00211586405983466
2021-08-13,-0.0005302806582363484
2021-08-16,-0.005833643480875228
2021-08-17,-0.010402948703003623
2021-08-18,-0.005660421598477017
2021-08-19,-0.01843320104088908
2021-08-20,0.007456480396422327
2021-08-23,0.02028526980718648
2021-08-24,0.007254252428213759
2021-08-25,0.0013334665578665916
2021-08-26,-0.01251995568200448
2021-08-27,0.013218189671539982
2021-08-30,-0.0015973775305108129
2021-08-31,-0.004266710589449163
2021-09-01,0.006427490124350843
2021-09-02,0.011708309650312332
2021-09-03,0.002104067944973753
2021-09-07,-0.011548512733252858
2021-09-08,-0.006372764857332847
2021-09-09,0.0021379162296326637
2021-09-10,-0.006933265969281455
2021-09-13,0.003222318638818278
2021-09-14,-0.007762378267212489
2021-09-15,0.013487994472313858
2021-09-16,-0.00878351453359516
2021-09-17,-0.012889498086793738
2021-09-20,-0.020402723835416747
2021-09-21,0.004165856619726682
2021-09-22,0.012444456619877808
2021-09-23,0.012564917889762217
2021-09-24,-0.004586007943241932
2021-09-27,0.008130419687614854
2021-09-28,-0.018817309870855725
2021-09-29,-0.005205546683890061
2021-09-30,-0.0002753374029470512
2021-10-01,0.009090815278210984
2021-10-04,0.0005460913731538675
2021-10-05,0.00682105372180275
2021-10-06,-0.0008129178936008286
2021-10-07,0.015731080613208714
2021-10-08,0.006942299615492198
2021-10-11,-0.0026514855515394897
2021-10-12,0.0037223689963714612
2021-10-13,0.010860858603872536
2021-10-14,0.014413104773904672
2021-10-15,0.007233185172314416
2021-10-18,0.0015387918045111082
2021-10-19,0.007170421632388457
2021-10-20,0.008136048023224207
2021-10-21,-0.0037829971713073673
2021-10-22,0.0015192400722803256
2021-10-25,0.0015164094269681794
2021-10-26,-0.007571827678703347
2021-10-27,-0.008138435115816911
2021-10-28,0.015384613742738695
2021-10-29,-0.010606143575295213
2021-11-01,0.01174072626568945
2021-11-02,-0.00782021496009988
2021-11-03,0.007119055248635098
2021-11-04,-0.004039320777088795
2021-11-05,0.005323235556575989
2021-11-08,0.005042968551996374
2021-11-09,0.0
2021-11-10,-0.00953348969787926
2021-11-11,-0.0005065644639915545
2021-11-12,0.01368459435476077
2021-11-15,-0.0024997918921169093
2021-11-16,-0.0020051372906716436
2021-11-17,-0.007282730057444509
2021-11-18,0.002529829231525449
2021-11-19,-0.009588819247711489
2021-11-22,-0.010191293806307122
2021-11-23,0.006692557397070864
2021-11-24,0.005113994267482047
2021-11-26,-0.028491661340002694
2021-11-29,0.0020950288430205966
2021-11-30,-0.023255980883880145
2021-12-01,-0.013911158322309936
2021-12-02,0.017905743968626764
2021-12-03,-0.009595035053299394
2021-12-06,0.018837568686511208
2021-12-07,0.023507609622694936
2021-12-08,-0.006709718942174203
2021-12-09,-0.010911793524142288
2021-12-10,-0.0010508706909737597
2021-12-13,-0.01656369988297146
2021-12-14,-0.0051448154827451464
2021-12-15,0.008982030904361116
2021-12-16,0.0032369861449410564
2021-12-17,-0.010755544779664783
2021-12-20,-0.014134218381354091
2021-12-21,0.02288390402208229
2021-12-22,0.013207550723049799
2021-12-23,0.009577169434533017
2021-12-27,0.009486100773332673
2021-12-28,-0.0018271688377170525
2021-12-29,-0.002876674741976837
2021-12-30,0.0031472148296667335
2021-12-31,0.004705742798427837
2022-01-03,0.003643034195648154
2022-01-04,-0.00985232802832925
2022-01-05,-0.01230671548831963
2022-01-06,0.007688086043456055
2022-01-07,0.007892823593116605
2022-01-10,-0.003654444954017677
2022-01-11,0.018077170722673452
2022-01-12,0.012866471059614915
2022-01-13,-0.008384142521338567
2022-01-14,0.0025622549612691614
2022-01-18,-0.002044523259314146
2022-01-19,-0.0025608372502257115
2022-01-20,-0.008728905268702514
2022-01-21,-0.02615928729529826
2022-01-24,-0.006116998485479086
2022-01-25,0.005351813879215461
2022-01-26,-0.006387923690155728
2022-01-27,-0.0077686263228314845
2022-01-28,0.007559492305695192
2022-01-31,0.023311682876977935
2022-02-01,0.012830911531828582
2022-02-02,0.004136192599011768
2022-02-03,-0.016992678257045535
2022-02-04,0.005500278636147993
2022-02-07,0.0044281173622924275
2022-02-08,0.005186652005099379
2022-02-09,0.01341605188666839
2022-02-10,-0.0091650123886442
2022-02-11,-0.0020555551097006797
2022-02-14,-0.008496392035877154
2022-02-15,0.00882885261521471
2022-02-16,-0.0033459520158596323
2022-02-17,-0.013171662552224794
2022-02-18,-0.012038581111372126
2022-02-22,-0.005563039158251959
2022-02-23,-0.0069258626592084704
2022-02-24,-0.004828403598449382
2022-02-25,0.028301973533276348
2022-02-28,0.0018347242160974275
2022-03-01,-0.013605279782786917
2022-03-02,0.023342160955166724
2022-03-03,-0.003628976030286335
2022-03-04,0.0026016889488091888
2022-03-07,-0.012454720021532362
2022-03-08,-0.009721624564895004
2022-03-09,0.020164511497856363
2022-03-10,0.007022327190979283
2022-03-11,-0.005165430706593588
2022-03-14,-0.015576432675555751
2022-03-15,0.004746804060291154
2022-03-16,0.019685071646114105
2022-03-17,0.020077404694742285
2022-03-18,0.0037850374972583367
2022-03-21,0.010809257745704848
2022-03-22,0.004227895257357339
2022-03-23,-0.007924729824645649
2022-03-24,0.0032451960439221494
2022-03-25,0.009952691302748562
2022-03-28,-0.005420152709165071
2022-03-29,0.005449690865875878
2022-03-30,0.0017246354653417395
2022-03-31,-0.01106756546814458
2022-04-01,0.00024877788121369093
2022-04-04,0.00994537035693499
2022-04-05,-0.007139207514678336
2022-04-06,-0.010662151309244083
2022-04-07,-0.0027568906558350648
2022-04-08,0.0025131083217753147
2022-04-11,-0.008022075492323477
2022-04-12,-0.004296172507466389
2022-04-13,0.010406247545438063
2022-04-14,-0.0032656780264249674
2022-04-18,0.000755991535877687
2022-04-19,0.007806528741113983
2022-04-20,0.007996325992952968
2022-04-21,-0.022062639537497097
2022-04-22,-0.03219262359766584
2022-04-25,-0.008905054127103518
2022-04-26,-0.021934653942374926
2022-04-27,0.002161637540934569
2022-04-28,0.021299601226681064
2022-04-29,-0.021911384936667444
2022-05-02,-0.002429188958820938
2022-05-03,0.013528122402158838
2022-05-04,0.022157057668253044
2022-05-05,-0.03186206899512678
2022-05-06,-0.006744044497611346
2022-05-09,-0.03883768018234224
2022-05-10,-0.00649887109956826
2022-05-11,0.0008531780913123566
2022-05-12,-0.008809242206393564
2022-05-13,0.029243156222446665
2022-05-16,0.009470611077479374
2022-05-17,0.016556294019350437
2022-05-18,-0.025244409598290773
2022-05-19,0.011417490857572377
2022-05-20,-0.0030285199585394773
2022-05-23,0.017398447952660323
2022-05-24,-0.01004356835224518
2022-05-25,0.004935643815958901
2022-05-26,0.010368355216052727
2022-05-27,0.01593316194003247
2022-05-31,0.0055821539748963644
2022-06-01,-0.002114673192005978
2022-06-02,0.021986731577862573
2022-06-03,-0.014515371482145767
2022-06-06,0.0036823197414495024
2022-06-07,0.008385651436447095
2022-06-08,-0.009355553542881201
2022-06-09,-0.021773543973220066
2022-06-10,-0.021339668084630836
2022-06-13,-0.03394996348418844
2022-06-14,-0.011999768251073184
2022-06-15,0.00896462572705281
2022-06-16,-0.034393816605447824
2022-06-17,-0.011279216017917038
2022-06-21,0.027619277897081407
2022-06-22,-0.01519143684943458
2022-06-23,-0.019282129923699598
2022-06-24,0.026315755372283478
2022-06-27,0.012083573833573835
2022-06-28,-0.0014558330571887712
2022-06-29,-0.008748923459294455
2022-06-30,-0.009120355465671248
2022-07-01,0.010688966455220106
2022-07-05,-0.024676908793118568
2022-07-06,-0.005421783211502218
2022-07-07,0.022410635508084198
2022-07-08,-0.0002962776218605745
2022-07-11,-0.014222095151859349
2022-07-12,-0.00811547221022102
2022-07-13,0.0003031009833194265
2022-07-14,-0.02908214124811581
2022-07-15,0.01060841601555551
2022-07-18,0.015436810493393294
2022-07-19,0.026451839158983637
2022-07-20,0.003850642239000779
2022-07-21,0.002065747188348732
2022-07-22,-0.006772630360309062
2022-07-25,0.013637562820680849
2022-07-26,-0.012284234404126293
2022-07-27,0.02309737137096457
2022-07-28,0.008972529150475195
2022-07-29,0.01290868600739925
2022-08-01,-0.009912264849042618
2022-08-02,-0.005720757967169088
2022-08-03,0.006041603502207282
2022-08-04,-0.0008581364519797408
2022-08-05,-0.005151606058380276
2022-08-08,0.008630627388438228
2022-08-09,-0.006845491452009189
2022-08-10,0.024985669310013003
2022-08-11,0.005603974592114147
2022-08-12,0.009751849140720692
2022-08-15,-0.010761454078082822
2022-08-16,0.011436419111465312
2022-08-17,-0.010479836652501517
2022-08-18,0.0027871494556870324
2022-08-19,-0.012506972604341304
2022-08-22,-0.010413694115707028
2022-08-23,0.007963478818886927
2022-08-24,-0.0008465258821863664
2022-08-25,0.011578758522121424
2022-08-26,-0.024009064124787316
2022-08-29,0.000572215845465518
2022-08-30,-0.024299550187394714
2022-08-31,-0.012891900610632168
2022-09-01,-0.009795173981039684
2022-09-02,0.008992700608515092
2022-09-06,-0.01128933037973534
2022-09-07,0.011718662839951044
2022-09-08,0.010989211399934584
2022-09-09,0.02497056950340726
2022-09-12,0.014044079899056205
2022-09-13,-0.03165630403908948
2022-09-14,0.005253736476675153
2022-09-15,-0.013356421446000022
2022-09-16,-0.012360213055448765
2022-09-19,0.012216856605682835
2022-09-20,-0.01884004461791855
2022-09-21,-0.017101658604731562
2022-09-22,-0.011599538287674016
2022-09-23,-0.03335395007614883
2022-09-26,-0.018210872948192236
2022-09-27,-0.00032535802327837704
2022-09-28,0.02669268961294624
2022-09-29,-0.014584691772047909
2022-09-30,-0.010295982841056928
2022-10-03,0.037711419042384176
2022-10-04,0.0350877170557502
2022-10-05,-0.015133241543746956
2022-10-06,-0.023355923645209775
2022-10-07,-0.01919438062444201
2022-10-10,-0.009945488242132816
2022-10-11,-0.013609851068256074
2022-10-12,-0.0029565881632058755
2022-10-13,0.028335962759501454
2022-10-14,-0.02371032300467457
2022-10-17,0.02691169860011655
2022-10-18,0.008948611642655369
2022-10-19,-0.007602117018088883
2022-10-20,-0.005106944682926939
2022-10-21,0.025344770228120206
2022-10-24,-0.0021901741658258977
2022-10-25,0.016933318031410183
2022-10-26,0.012950844463299527
2022-10-27,0.00426179623166445
2022-10-28,0.00394051755878011
2022-10-31,-0.0027173476184002565
2022-11-01,0.0039357456160531434
2022-11-02,-0.01839558090667015
2022-11-03,-0.006451550633434944
2022-11-04,0.03123057496035675
2022-11-07,0.0035982449387963467
2022-11-08,0.010158464488040364
2022-11-09,-0.023366004592962897
2022-11-10,0.050575342252478395
2022-11-11,0.010089423177574997
2022-11-14,-0.013413168269921005
2022-11-15,0.006942519999150187
2022-11-16,-0.004309231836203908
2022-11-17,-0.0031736621824954847
2022-11-18,-0.0002894440430620815
2022-11-21,-0.005211264960267581
2022-11-22,0.020081361855778912
2022-11-23,0.0034236640830387355
2022-11-25,0.004549348804483655
2022-11-28,-0.018114983837868248
2022-11-29,-0.0031706826529855903
2022-11-30,0.017640058560675964
2022-12-01,0.006251726848233385
2022-12-02,-0.005930355995348191
2022-12-05,-0.021875056869097298
2022-12-06,-0.015684157474029625
2022-12-07,-0.0008852428286812986
2022-12-08,0.006792814781097389
2022-12-09,-0.007040094120857487
2022-12-12,0.00472663212033031
2022-12-13,0.006294982099385171
2022-12-14,-0.005039949547453015
2022-12-15,-0.023242037361407175
2022-12-16,-0.010982379296135991
2022-12-19,-0.008328015891734153
2022-12-20,0.00902008045741165
2022-12-21,0.01387171646547225
2022-12-22,-0.013681924685532532
2022-12-23,0.012638710811830878
2022-12-27,0.005479519296688329
2022-12-28,-0.019073467476633188
2022-12-29,0.017901147805430728
2022-12-30,-0.00758037975177428
2023-01-03,-0.005805098338365844
2023-01-04,0.020897420672165268
2023-01-05,-0.009632801420414228
2023-01-06,0.025532064163405144
2023-01-09,0.006223893304958539
2023-01-10,-0.0017673067789202301
2023-01-11,0.0106227327453714
2023-01-12,0.013138757432435977
2023-01-13,0.0031700123208082687
2023-01-17,0.004021759433980199
2023-01-18,-0.011158751668589262
2023-01-19,0.0017359963734895345
2023-01-20,0.013864716366096319
2023-01-23,0.006552924093014223
2023-01-24,0.0
2023-01-25,-0.002830648030599736
2023-01-26,0.011070180196468327
2023-01-27,0.0014036884470931543
2023-01-30,-0.013176221249587838
2023-01-31,0.017897687192021117
2023-02-01,0.0
2023-02-02,-0.0027910348848497746
2023-02-03,-0.005877363949991943
2023-02-06,-0.010979684312283244
2023-02-07,0.011101576113377032
2023-02-08,-0.006475326163507877
2023-02-09,-0.005950643941875722
2023-02-10,0.011687564665039396
2023-02-13,0.006762475580012195
2023-02-14,-0.0016792629205106824
2023-02-15,-0.0028033290025111235
2023-02-16,-0.011245743391842589
2023-02-17,-0.005117775962128368
2023-02-21,-0.018005220066929284
2023-02-22,-0.004656543491617704
2023-02-23,0.0008772526999241137
2023-02-24,-0.0037979790005712166
2023-02-27,0.005278598392564504
2023-02-28,-0.006709322328649625
2023-03-01,0.0055800546526496575
2023-03-02,0.004088828195345284
2023-03-03,0.013379728587761486
2023-03-06,-0.0051663654627048805
2023-03-07,-0.02192727623734303
2023-03-08,0.00029488668154864506
2023-03-09,-0.015629545101219167
2023-03-10,-0.015278685210765475
2023-03-13,-0.003954876387174955
2023-03-14,0.009468446770523498
2023-03-15,-0.022087789408789416
2023-03-16,0.011757542345746774
2023-03-17,-0.010397584240999458
2023-03-20,0.013906008840512074
2023-03-21,0.003657425402683545
2023-03-22,-0.006377048316528189
2023-03-23,-0.0045844792944153
2023-03-24,0.0015351361161637378
2023-03-27,0.011342890689107099
2023-03-28,0.0060623675693076695
2023-03-29,0.01235305011036436
2023-03-30,0.00833342209455501
2023-03-31,0.00885467165112841
2023-04-03,0.018139321860139335
2023-04-04,-0.0022987759312821376
2023-04-05,-0.0060485666605322175
2023-04-06,-0.00028955778874328875
2023-04-10,0.002029006825169599
2023-04-11,0.009256628058124994
2023-04-12,0.004012422443288033
2023-04-13,0.013131577038187237
2023-04-14,-0.001126928190449683
2023-04-17,0.0016924128180533238
2023-04-18,0.002534330094343229
2023-04-19,-0.005056072912633214
2023-04-20,-0.004517189023056978
2023-04-21,-0.001134393141865253
2023-04-24,0.00028383473283111194
2023-04-25,-0.01958554538332158
2023-04-26,-0.0028951583168917994
2023-04-27,0.011904754954817243
2023-04-28,0.010043148383940492
2023-05-01,-0.001704547077246099
2023-05-02,-0.015936193888261063
2023-05-03,-0.004048741653838395
2023-05-04,0.001742278868534619
2023-05-05,0.027536238134162172
2023-05-08,0.0025386192270799857
2023-05-09,-0.0008440636528087575
2023-05-10,-0.004224109972260526
2023-05-11,-0.011877953482109516
2023-05-12,-0.004006796650380173
2023-05-15,0.012643845378141894
2023-05-16,-0.01617498667498596
2023-05-17,0.004903360557987568
2023-05-18,-0.0034442051689508313
2023-05-19,0.0017279964495000577
2023-05-22,0.0014377057199645993
2023-05-23,-0.011484325355775926
2023-05-24,-0.01800749086766551
2023-05-25,-0.009464762982196895
2023-05-26,0.008659109829845413
2023-05-30,-0.007696672810339034
2023-05-31,-0.007756551006093293
2023-06-01,0.014131021745999561
2023-06-02,0.021049513118615915
2023-06-05,-0.006388005574078037
2023-06-06,0.009059059682483994
2023-06-07,-0.0009946400534946997
2023-06-08,-0.00029270902729328085
2023-06-09,-0.001171645343141181
2023-06-12,0.0005865098531085966
2023-06-13,0.007327075761730084
2023-06-14,0.0008728536267554876
2023-06-15,0.010755806485284625
2023-06-16,-0.001150530727952015
2023-06-20,-0.013532846235079221
2023-06-21,0.0026269683962036883
2023-06-22,-0.004657929803310479
2023-06-23,-0.01111435315968945
2023-06-26,0.012422351472575643
2023-06-27,0.006719247429401776
2023-06-28,-0.002611721927397226
2023-06-29,0.006400810771680865
2023-06-30,0.011564144281980049
2023-07-03,0.006001824450872828
2023-07-05,-0.011363853554418935
2023-07-06,-0.02068941455186679
2023-07-07,0.007335557942894644
2023-07-10,-0.0014564510693899635
2023-07-11,0.004959156404574339
2023-07-12,0.014223386919526959
2023-07-13,0.016886194756186468
2023-07-14,-0.008162111034199837
2023-07-17,0.0014188412630669056
2023-07-18,0.008217732632708863
2023-07-19,0.00646418884136124
2023-07-20,-0.0036302684526603457
2023-07-21,0.0033632264480984997
2023-07-24,0.005865806676017771
2023-07-25,-0.003054484238231181
2023-07-26,-0.0005571026316335548
2023-07-27,-0.009197428221682236
2023-07-28,0.006469868533238943
2023-07-31,0.00838456585672609
2023-08-01,-0.012749546164350867
2023-08-02,-0.019932608756391246
2023-08-03,-0.00515622623126466
2023-08-04,0.002591532660773499
2023-08-07,0.0037335982686219626
2023-08-08,-0.006294929509797154
2023-08-09,0.0023037119472877343
2023-08-10,0.0020108004330603446
2023-08-11,0.002293462280049674
2023-08-14,-0.006006747698719117
2023-08-15,-0.021582718978106374
2023-08-16,-0.0032352918448211865
2023-08-17,-0.004721153355963348
2023-08-18,0.0
2023-08-21,-0.0014824768894823315
2023-08-22,-0.005938238770860194
2023-08-23,0.011051367384364186
2023-08-24,-0.00738552002940096
2023-08-25,0.0002978558290114286
2023-08-28,0.009223200868807346
2023-08-29,0.01650942427443547
2023-08-30,0.0049305070403899975
2023-08-31,0.0011542854700654637
2023-09-01,0.006918645836596626
2023-09-05,-0.009447572791965952
2023-09-06,-0.009248548528762335
2023-09-07,-0.007876423359410412
2023-09-08,0.0
2023-09-11,0.01058523287851787
2023-09-12,0.0032003474735775583
2023-09-13,0.00348039186822513
2023-09-14,0.01849709705752467
2023-09-15,0.0008513047578402322
2023-09-18,-0.002835381717256391
2023-09-19,-0.009098545294474292
2023-09-20,-0.0025824946432198015
2023-09-21,-0.021576624439772374
2023-09-22,-0.0017640689207716331
2023-09-25,0.004418259041777173
2023-09-26,-0.015835766033934884
2023-09-27,-0.005065728556045257
2023-09-28,0.01018286280088776
2023-09-29,-0.008004855905512365
2023-10-02,-0.02301253861171182
2023-10-03,-0.011930246636124187
2023-10-04,-0.002786314368237175
2023-10-05,0.008382422416075785
2023-10-06,0.008928627239112252
2023-10-09,0.01129086796562051
2023-10-10,0.008147128078191734
2023-10-11,0.007482785125986657
2023-10-12,-0.01336891691779818
2023-10-13,-0.0009034017062922173
2023-10-16,0.012658220254520236
2023-10-17,0.0005952377426223787
2023-10-18,-0.01844139300815162
2023-10-19,-0.003939391563289152
2023-10-20,-0.011864915236850848
2023-10-23,-0.002155048528731718
2023-10-24,-0.006788084798212801
2023-10-25,-0.00621310543537279
2023-10-26,-0.005314219258878983
2023-10-27,-0.010685097024479173
2023-10-30,0.010800501430173748
2023-10-31,-0.0025141404763480146
2023-11-01,0.010396906194371391
2023-11-02,0.039289281507787654
2023-11-03,0.014101220035467321
2023-11-06,-0.005029347281364616
2023-11-07,-0.01278642894658688
2023-11-08,-0.003313191072495947
2023-11-09,0.002719792988955305
2023-11-10,0.003315308151188745
2023-11-13,0.005106575480509301
2023-11-14,0.02211606517284559
2023-11-15,0.002631577109469596
2023-11-16,-0.005832600194992765
2023-11-17,0.011146956108860406
2023-11-20,0.001740527343637277
2023-11-21,-0.003764724708180567
2023-11-22,0.0005812792216344231
2023-11-24,0.0061011004811417635
2023-11-27,-0.005486569182581835
2023-11-28,0.0034845497219908594
2023-11-29,0.00289340099768709
2023-11-30,0.00923242350226805
2023-12-01,0.014579979176010616
2023-12-04,-0.005071959412659144
2023-12-05,-0.005097589842836592
2023-12-06,-0.005408705125623525
2023-12-07,-0.0005724095193617718
2023-12-08,0.004009161517749549
2023-12-11,0.0019968032526569424
2023-12-12,-0.005978018650683925
2023-12-13,0.02491418914628496
2023-12-14,0.013690854766622573
2023-12-15,-0.009095805900253273
2023-12-18,0.004172348246183066
2023-12-19,0.014127526307228688
2023-12-20,-0.012844647025293976
2023-12-21,0.014021327530786776
2023-12-22,0.007466865560028957
2023-12-26,0.01097997269886597
2023-12-27,0.0010860508958239201
2023-12-28,-0.004610735477190042
2023-12-29,-0.0005451094965823744
2024-01-02,-0.010359944930297571
2024-01-03,-0.003305615922013949
2024-01-04,0.001658398199050115
2024-01-05,0.0035871566892153872
2024-01-08,0.007698617516995521
2024-01-09,-0.008185547654336989
2024-01-10,0.002200892524756748
2024-01-11,-0.004666639351155966
2024-01-12,0.0013790398935766834
2024-01-16,-0.009363799913239101
2024-01-17,-0.013066392435356788
2024-01-18,0.004788670773739234
2024-01-19,0.011774657001061284
2024-01-22,-0.0024937463150794814
2024-01-23,0.00527776113815448
2024-01-24,-0.0027631970117790727
2024-01-25,0.00748134778542342
2024-01-26,0.0030252189807833396
2024-01-29,0.006306624476023259
2024-01-30,0.002997192466678733
2024-01-31,-0.012496638594484355
2024-02-01,0.0068775865241881284
2024-02-02,-0.00573762521708876
2024-02-05,-0.015663594647629564
2024-02-06,0.008096021437327794
2024-02-07,0.002769209850019827
2024-02-08,-0.00027608031474679606
2024-02-09,0.0038673853898749666
2024-02-12,0.0030268840658977947
2024-02-13,-0.03182436509307518
2024-02-14,0.0178520565010325
2024-02-15,0.021715010458741135
2024-02-16,-0.0005451094965823744
2024-02-20,-0.0038166696366153108
2024-02-21,-0.0013684722904249158
2024-02-22,0.009591679482053861
2024-02-23,0.004071772290388909
2024-02-26,-0.0037848953557458875
2024-02-27,-0.0024423150699431906
2024-02-28,-0.005984708203400357
2024-02-29,0.006294435037018653
2024-03-01,0.009246656597118763
2024-03-04,-0.002425203658043773
2024-03-05,-0.001080476908055572
2024-03-06,0.007842063384241094
2024-03-07,0.013952191287966764
2024-03-08,-0.004763128330884436
2024-03-11,0.002924777936621492
2024-03-12,0.0026511161180111653
2024-03-13,0.008725613058133463
2024-03-14,-0.00996075252841322
2024-03-15,-0.0010591258239190937
2024-03-18,-0.0002649580809247487
2024-03-19,0.0
2024-03-20,0.014315902073031683
2024-03-21,-0.0015681370646658532
2024-03-22,-0.010209414016283502
2024-03-25,-0.0002645013432844845
2024-03-26,-0.002116362749105982
2024-03-27,0.00927880227618183
2024-03-28,0.005516181121251407
2024-04-01,-0.0015673177010648853
2024-04-02,-0.004709642449495011
2024-04-03,0.004206123925609706
2024-04-04,-0.004450307487568583
2024-04-05,0.006836735863772203
2024-04-08,0.001305927927961248
2024-04-09,0.004694799124806748
2024-04-10,-0.014537937015087654
2024-04-11,-0.005268709241775027
2024-04-12,-0.016154698291291125
2024-04-15,-0.007267777352841898
2024-04-16,-0.007049919900103285
2024-04-17,0.004096126555475754
2024-04-18,0.0021756462014270728
2024-04-19,0.00705565977630096
2024-04-22,0.00673673563268995
2024-04-23,0.0091006307472985
2024-04-24,-0.009018556197471495
2024-04-25,0.0037473061735557867
2024-04-26,0.0034667331466029516
2024-04-29,0.0013287283832417174
2024-04-30,-0.020169996241881094
2024-05-01,0.0005417549775865727
2024-05-02,0.010828382074982601
2024-05-03,0.006159578885224892
2024-05-06,0.014639356123020919
2024-05-07,-0.0028855450607389033
2024-05-08,-0.002893998869021419
2024-05-09,0.010026354158936712
2024-05-10,-0.0023510791650385165
2024-05-13,-0.002094750267423673
2024-05-14,0.0007871545286277648
2024-05-15,0.004195095796757586
2024-05-16,0.0
2024-05-17,0.007571788820237568
2024-05-20,0.0007773635638896881
2024-05-21,-0.0025892330339226666
2024-05-22,-0.008826673813011277
2024-05-23,-0.009167010121757024
2024-05-24,0.01057352530726563
2024-05-28,-0.0023541540822205054
2024-05-29,-0.02176180840730857
2024-05-30,0.010452845019425006
2024-05-31,0.014854043528961691
2024-06-03,-0.00836377412419842
2024-06-04,-0.008697911894441912
2024-06-05,0.006115359324489589
2024-06-06,0.003964167200492197
2024-06-07,-0.013951115056271113
2024-06-10,0.0018685989083901955
2024-06-11,-0.007826569958459872
2024-06-12,0.005963648884304007
2024-06-13,-0.013742888626122163
2024-06-14,-0.0016393271804869824
2024-06-17,-0.001642018986843019
2024-06-18,0.0010965153235855674
2024-06-20,0.0005476038681142548
2024-06-21,-0.001368313655659481
2024-06-24,0.016168821556836077
2024-06-25,-0.0016181059952831145
2024-06-26,-0.002431197877936775
2024-06-27,0.007852787991584398
2024-06-28,-0.0034928484797791537
2024-07-01,-0.004313821235625737
2024-07-02,0.010560515108834823
2024-07-03,0.01366566090683552
2024-07-05,-0.005551194503613854
2024-07-08,0.00106328759338159
2024-07-09,-0.0031864746411922606
2024-07-10,0.01545016398992849
2024-07-11,0.006820665986025931
2024-07-12,0.005992709341784419
2024-07-15,-0.00025913193121218647
2024-07-16,0.011139915491617414
2024-07-17,-0.007173927587511009
2024-07-18,-0.0077419553099443705
2024-07-19,-0.0018204597736282135
2024-07-22,0.00703494170434138
2024-07-23,-0.006727134659287537
2024-07-24,-0.008856414658897416
2024-07-25,-0.001314114876283634
2024-07-26,0.008684222518864804
2024-07-29,-0.0028697510110781144
2024-07-30,0.003401256993806001
2024-07-31,0.01486315160550622
2024-08-01,-0.022353512516989138
2024-08-02,-0.02233903243344748
2024-08-05,-0.018279553019794448
2024-08-06,0.014238766155459714
2024-08-07,-0.0005399161286153698
2024-08-08,0.0172879108874735
2024-08-09,0.004514094908729227
2024-08-12,0.0018503981678712478
2024-08-13,0.01398409038006343
2024-08-14,0.005984912709770196
2024-08-15,0.01138122097532479
2024-08-16,0.0043479468178206915
2024-08-19,0.007129983816571928
2024-08-20,-0.0025283532043305357
2024-08-21,0.004816205588767497
2024-08-22,-0.004540820408658108
2024-08-23,0.019006488257261367
2024-08-26,0.003979100600354002
2024-08-27,-0.0004954765115214865
2024-08-28,-0.0074348675129563
2024-08-29,0.0044944324616664755
2024-08-30,0.006462932379636577
2024-09-03,-0.017288261351371403
2024-09-04,0.0025131026871791917
2024-09-05,-0.002757619696274527
2024-09-06,-0.011814827278561202
2024-09-09,0.011192929818305553
2024-09-10,-0.005031459594180054
2024-09-11,0.01264225799573504
2024-09-12,0.008739147240347522
2024-09-13,0.0034652781537114485
2024-09-16,0.006413512138233823
2024-09-17,-0.0029412409925269056
2024-09-18,-0.004670487328039874
2024-09-19,0.01630024537011665
2024-09-20,-0.0009720748127840517
2024-09-23,0.0058379346479224825
2024-09-24,0.007497024661569984
2024-09-25,-0.005760955067016571
2024-09-26,0.005794335976218701
2024-09-27,-0.005040753948752474
2024-09-30,0.0016887952546993379
2024-10-01,0.002890143071267115
2024-10-02,-0.0009606358906801837
2024-10-03,-0.004326971424027715
2024-10-04,0.006035794044723319
2024-10-07,-0.00575957238352609
2024-10-08,-0.006999748267933037
2024-10-09,0.005347663894585075
2024-10-10,0.0009671391902319471
2024-10-11,0.004830835682968271
2024-10-14,0.0002403197403162416
2024-10-15,-0.003124154196392337
2024-10-16,0.00940202300590598
2024-10-17,0.00023886298986197652
2024-10-18,0.003820523484938887
2024-10-21,-0.0064224799944311295
2024-10-22,0.0011969877795074968
2024-10-23,-0.0071735263842281904
2024-10-24,-0.0019268245316873545
2024-10-25,-0.006756811324457823
2024-10-28,0.006559793087890453
2024-10-29,-0.0038619268398983886
2024-10-30,-0.0009692483586944967
2024-10-31,-0.014552453145614375
2024-11-01,0.000984420053703472
2024-11-04,0.005655374830768833
2024-11-05,0.01124695255882302
2024-11-06,0.005319124413015075
2024-11-07,0.013948992520767423
2024-11-08,-0.011148044809277002
2024-11-11,0.0043175371500110415
2024-11-12,0.009075771243981734
2024-11-13,-0.0026035845225479415
2024-11-14,-0.0014237181826644019
2024-11-15,-0.008555228108127477
2024-11-18,0.007430442671000792
2024-11-19,0.0059481940565093705
2024-11-20,-0.001655642549093117
2024-11-21,0.01729442273374815
2024-11-22,0.0006988232925027038
2024-11-25,-0.001861804782369525
2024-11-26,-0.006761563124012326
2024-11-27,0.005399065707587969
2024-11-29,0.00980619929298543
2024-12-02,-0.0034682619747984367
2024-12-03,-0.0023201013996994035
2024-12-04,-0.0009302530154261524
2024-12-05,0.007448772365679535
2024-12-06,-0.009242078029368495
2024-12-09,-0.004197717256416822
2024-12-10,-0.003981374683392991
2024-12-11,0.005407952085963563
2024-12-12,-0.014265641755480951
2024-12-13,-0.0033214978352468227
2024-12-16,-0.0049988504237313824
2024-12-17,-0.006060522554122261
2024-12-18,-0.028048785056883463
2024-12-19,-0.0052697541093009725
2024-12-20,0.007315869027198163
2024-12-23,0.005509638428956132
2024-12-24,0.007720984756980576
2024-12-26,-0.00098864744942051
2024-12-27,-0.004947939182095573
2024-12-30,-0.00323227709204299
2024-12-31,0.005238206539543988
2025-01-02,0.001240620422657157
2025-01-03,0.00594805615552807
2025-01-06,0.005666421116390152
2025-01-07,-0.0058794757797491215
2025-01-08,0.0054213865356709245
2025-01-10,-0.019117686785218635
2025-01-13,-0.0044977311268211695
2025-01-14,0.005773093361477688
2025-01-15,0.010731209696865696
2025-01-16,-0.0022221649072986516
2025-01-17,0.003464452230235837
2025-01-21,0.016769419043886735
2025-01-22,-0.004123187623525926
2025-01-23,0.009498268025609047
2025-01-24,0.004825171831892128
2025-01-27,-0.008163310091081288
2025-01-28,0.0012103810534276338
2025-01-29,0.003143093434954336
2025-01-30,0.006989568683799963
2025-01-31,-0.013403493303998149
2025-02-03,-0.015526425799135324
2025-02-04,0.018235512670090825
2025-02-05,0.010164648210993388
2025-02-06,0.001437402249884645
2025-02-07,-0.0035883936623480883
2025-02-10,0.008883518089290332
2025-02-11,0.0011898381842003758
2025-02-12,-0.0026146426744774187
2025-02-13,0.013345994032692099
2025-02-14,-0.008231469214157072
2025-02-18,0.006402673300742068
2025-02-19,-0.004948155352333616
2025-02-20,-0.00023671155183291326
2025-02-21,-0.015869341397681924
2025-02-24,-0.004091340427417767
2025-02-25,-0.0007250929010778062
2025-02-26,0.0019347364506687725
2025-02-27,-0.015206350648255151
2025-02-28,0.010539205004903351
2025-03-03,-0.01891820976888181
2025-03-04,-0.016810875303083117
2025-03-05,0.024138720853184248
2025-03-06,-0.00883874872441437
2025-03-07,0.0024772240174959492
2025-03-10,-0.019520675757963124
2025-03-11,-0.005040310678018023
2025-03-12,0.009118499936627167
2025-03-13,-0.013554252724629956
2025-03-14,0.020610742296879092
2025-03-17,0.014460190791910188
2025-03-18,-0.004177906897618877
2025-03-19,0.012833195750637572
2025-03-20,-0.00024366882150750335
2025-03-21,-0.003655829559477186
2025-03-24,0.015410842282080006
2025-03-25,0.004818197688763792
2025-03-26,-0.00791172092037451
2025-03-27,-0.0031416670788797507
2025-03-28,-0.016484846972704137
2025-03-31,0.004436756040419265
2025-04-01,0.009325216440374318
2025-04-02,0.011183958427170237
2025-04-03,-0.023322938917084146
2025-04-04,-0.05440667151416878
2025-04-07,-0.016141602582336434
2025-04-08,-0.016406530255529517
2025-04-09,0.06376124817438011
2025-04-10,-0.020232724358280163
2025-04-11,0.02916881366524038
2025-04-14,0.014296415527183415
2025-04-15,0.0022255569067759495
2025-04-16,0.007401954588256654
2025-04-17,0.006612707938042917
2025-04-21,-0.008029145996186426
2025-04-22,0.015207234063676855
2025-04-23,0.0031409083174318564
2025-04-24,0.013005814296572993
2025-04-25,-0.0004755191632030975
2025-04-28,0.007849616224744782
2025-04-29,0.0018881602238818296
2025-04-30,0.0
2025-05-01,-0.00329796267236393
2025-05-02,0.012526527503601281
2025-05-05,-0.004201661839684401
2025-05-06,0.0025784812805571544
2025-05-07,0.0028057522950277747
2025-05-08,-0.0018652680499066099
2025-05-09,0.0009342871823871945
2025-05-12,0.00536765217915014
2025-05-13,0.0074280768593391056
2025-05-14,0.0009215859950784111
2025-05-15,0.00897796374248161
2025-05-16,0.0013688608043009864
2025-05-19,0.003645451393121002
2025-05-20,0.0031782603366257156
2025-05-21,-0.005657397025536581
2025-05-22,0.0013655214401462334
2025-05-23,0.00999999389041517
2025-05-27,0.008550826345117502
2025-05-28,-0.0013387106821212136
2025-05-29,0.0004468350769311069
2025-05-30,0.004019633781183751
2025-06-02,0.009564133274498676
2025-06-03,-0.0011015827679966561
2025-06-04,-0.0019850356634746325
2025-06-05,0.0015469874524109972
2025-06-06,0.0015445979787187536
2025-06-09,-0.00198284898239387
2025-06-10,0.002869805587880858
2025-06-11,0.005062649976461886
2025-06-12,0.007446384308789966
2025-06-13,-0.0026086561601336156
2025-06-16,0.004081208669894032
2025-06-17,-0.0067744224205505965
2025-06-18,-0.002860309481473977
2025-06-20,-0.004854395899924313
2025-06-23,0.005099852876171873
2025-06-24,0.006397465014691628
2025-06-25,-0.006576046560379689
2025-06-26,0.013239154416623267
2025-06-27,-0.007404101730138057
2025-06-30,0.013602433237779099
2025-07-01,-0.00021649645162979958
2025-07-02,0.003031028545317005
2025-07-03,0.007338578123317285
2025-07-07,-0.010499204692396624
2025-07-08,-0.003897797834263028
2025-07-09,0.002826110176418206
2025-07-10,0.006069776128629023
2025-07-11,-0.006033156221018299
2025-07-14,0.0067200856582685375
2025-07-15,-0.008613215396427454
2025-07-16,0.00933971104745912
2025-07-17,0.005164576231226903
2025-07-18,-0.0025690202148741514
2025-07-21,0.0025756370785952054
2025-07-22,0.008135325959395256
2025-07-23,0.0016988323656446092
2025-07-24,-0.004239918507647045
2025-07-25,0.0008515456629889506
2025-07-28,-0.0061688387829029745
2025-07-29,0.001498281100069887
2025-07-30,-0.008762552669154822
2025-07-31,-0.004312219886449031
2025-08-01,-0.006929400015364573
2025-08-04,0.01569998279809459
2025-08-05,0.007513921433290882
2025-08-06,0.017046648878293658
2025-08-07,-0.008170948950111057
2025-08-08,0.0
2025-08-11,-0.001267456127959754
2025-08-12,0.004864626653438897
2025-08-13,0.0027362886278257115
2025-08-14,-0.006507085696166204
2025-08-15,-0.0012677238742815344
2025-08-18,0.0016923633505969704
2025-08-19,-0.007391731476240393
2025-08-20,0.0023404385181182707
2025-08-21,0.0036085367595593
2025-08-22,0.015862944571995552
2025-08-25,-0.009993744627018963
2025-08-26,0.009884358112393077
2025-08-27,0.007288597892224802
2025-08-28,0.0018606606279778504
2025-08-29,0.006809777905266712
2025-09-02,-0.004099216216161272
2025-09-03,0.005762477431932256
2025-09-04,0.0051156129622276225
2025-09-05,0.001017899799425459
2025-09-08,0.0026439103712909695
2025-09-09,-0.0006084945184811064
2025-09-10,0.00304440247184945
2025-09-11,0.010117361767006061
2025-09-12,-0.006410250532086104
2025-09-15,0.010685536497963222
2025-09-16,-0.0009973915019991786
2025-09-17,-0.0019968507420530246
2025-09-18,0.004001615941801706
2025-09-19,0.010960526777912705
2025-09-22,0.0029568603830563145
2025-09-23,-0.00687897565783846
2025-09-24,-0.00573910761598706
2025-09-25,-0.0037818956022783734
2025-09-26,-0.0005993762188644114
2025-09-29,0.008796453872096821
2025-09-30,0.0017835940194375066
2025-10-01,0.00039565693502541244
2025-10-02,0.00039550045252845223
2025-10-03,0.01284841913260304
2025-10-06,0.0011709125025061162
2025-10-07,-0.0070175558617062705
2025-10-08,0.0039262027548345735
2025-10-09,-0.0119280527499388
2025-10-10,-0.013259413915122087
2025-10-13,0.014640985425194097
2025-10-14,-0.0011860322812816682
2025-10-15,0.008509802405773259
2025-10-16,-0.006671902643175076
2025-10-17,-0.006716715917860827
2025-10-20,0.008751043199854314
2025-10-21,-0.014392735107789267
2025-10-22,0.004200821712776914
2025-10-23,0.007569742277688807
2025-10-27,0.004151820420530861
2025-10-28,0.012207106137208656
2025-10-29,-0.01283796633672496
2025-10-30,-0.0015763907596982873
2025-10-31,0.0013815573722357755
2025-11-03,-0.0013796513048045522
2025-11-04,-0.018748706977937513
2025-11-05,0.010860762018751302
2025-11-06,-0.010147201324411936
2025-11-07,0.007035145208464266
2025-11-10,0.01576848182810653
2025-11-11,0.0029475639158569322
2025-11-12,0.01391064012024068
2025-11-13,-0.02144928715655192
2025-11-14,0.004936808906263579
2025-11-17,-0.010807609425368181
2025-11-18,0.003774307233473717
2025-11-19,0.0017811231894342416
2025-11-20,-0.014026058859227697
2025-11-21,0.010418762960397787
2025-11-24,0.012294248029602661
2025-11-25,0.009990247675855546
2025-11-26,0.013382440037451593
2025-11-28,0.008612454793099689
2025-12-01,-0.009867181218892074
2025-12-02,-0.000766594773733198
