Date,SPLG
2020-01-03,-0.006292152209658841
2020-01-06,0.003165887121098221
2020-01-07,-0.002630059355211989
2020-01-08,0.005273879755102184
2020-01-09,0.007345133749168786
2020-01-10,-0.0028641874374770726
2020-01-13,0.007573530483759416
2020-01-14,-0.0018144158105880548
2020-01-15,0.002077449129594955
2020-01-16,0.008810746744684073
2020-01-17,0.0025683668082812083
2020-01-21,-0.0017932830603543115
2020-01-22,0.0
2020-01-23,0.0017965047018038138
2020-01-24,-0.009479391814363525
2020-01-27,-0.01577892075669074
2020-01-28,0.010249507040480221
2020-01-29,-0.0007799744777005069
2020-01-30,0.0033841545817432372
2020-01-31,-0.0176440321989616
2020-02-03,0.007131711363147941
2020-02-04,0.014948954496398548
2020-02-05,0.011627900718208739
2020-02-06,0.0033202953331563645
2020-02-07,-0.005091283029837856
2020-02-10,0.007420751368531819
2020-02-11,0.0015237339014604334
2020-02-12,0.006593857770244904
2020-02-13,-0.0010076329243637883
2020-02-14,0.0015131840441351407
2020-02-18,-0.0025184427199055337
2020-02-19,0.004544558178180225
2020-02-20,-0.004021134329045828
2020-02-21,-0.01009337027133117
2020-02-24,-0.03364794276988903
2020-02-25,-0.029807023140541844
2020-02-26,-0.004078602666580888
2020-02-27,-0.0444990475107333
2020-02-28,-0.005428685728147253
2020-03-02,0.04452796787696123
2020-03-03,-0.028603077334840243
2020-03-04,0.04246879325751296
2020-03-05,-0.03394917540688269
2020-03-06,-0.016305697243855444
2020-03-09,-0.07745073538402591
2020-03-10,0.05080527158186432
2020-03-11,-0.04864352952764561
2020-03-12,-0.09730412473678918
2020-03-13,0.0937177374456073
2020-03-16,-0.11676084253822172
2020-03-17,0.06289980422042696
2020-03-18,-0.05249081590221716
2020-03-19,0.000705885915488702
2020-03-20,-0.0451341816302101
2020-03-23,-0.028332724775936957
2020-03-24,0.09525617806858677
2020-03-25,0.012923782791635086
2020-03-26,0.05827565007124069
2020-03-27,-0.029325408400121766
2020-03-30,0.03188993289634867
2020-03-31,-0.015940068922059014
2020-04-01,-0.04429766428047244
2020-04-02,0.022829626205598252
2020-04-03,-0.013865507024146573
2020-04-06,0.06755816013075422
2020-04-07,-0.00032119546399156373
2020-04-08,0.03470431180545841
2020-04-09,0.01490699371578108
2020-04-13,-0.009486001576662906
2020-04-14,0.029657025083169586
2020-04-15,-0.021302088878941472
2020-04-16,0.0052116700149384965
2020-04-17,0.026532485245969406
2020-04-20,-0.017231118075414553
2020-04-21,-0.03053204666988696
2020-04-22,0.02182717789783295
2020-04-23,-0.00030512094869372675
2020-04-24,0.014651917937586578
2020-04-27,0.014741208205722334
2020-04-28,-0.004743234896505966
2020-04-29,0.025915690313328854
2020-04-30,-0.009581646902152907
2020-05-01,-0.02638560875423368
2020-05-04,0.00361350247230785
2020-05-05,0.008700894302557938
2020-05-06,-0.007138500324057606
2020-05-07,0.011982793517875123
2020-05-08,0.01687440648755434
2020-05-11,0.0005820520146788688
2020-05-12,-0.02036659264701468
2020-05-13,-0.017522845323780123
2020-05-14,0.01209158875862193
2020-05-15,0.003584423007651827
2020-05-18,0.03125017321073775
2020-05-19,-0.010101064391724979
2020-05-20,0.016617912649145694
2020-05-21,-0.0071694673999722625
2020-05-22,0.002310827831162987
2020-05-26,0.013256641156742077
2020-05-27,0.014220664303500774
2020-05-28,-0.0016828219508223663
2020-05-29,0.003651717819817879
2020-06-01,0.004757806057897662
2020-06-02,0.008357055251924983
2020-06-03,0.013259578184877885
2020-06-04,-0.0029991173358820955
2020-06-05,0.025704136092236984
2020-06-08,0.012796614461249023
2020-06-09,-0.007633662629652038
2020-06-10,-0.005835400794783396
2020-06-11,-0.05789740845072289
2020-06-12,0.01274415693555131
2020-06-15,0.008948524889701437
2020-06-16,0.019124077493790637
2020-06-17,-0.004623348534770977
2020-06-18,0.0010929926911060761
2020-06-19,-0.005731325413476984
2020-06-22,0.006563678140862672
2020-06-23,0.004109900882711681
2020-06-24,-0.025102492759696116
2020-06-25,0.010355228793888838
2020-06-26,-0.023822203984361412
2020-06-29,0.0147558253877631
2020-06-30,0.013702382762640797
2020-07-01,0.006620622285538058
2020-07-02,0.00465889995185087
2020-07-06,0.01582128096909896
2020-07-07,-0.010472957314250353
2020-07-08,0.007869742167763594
2020-07-09,-0.005923352793153147
2020-07-10,0.010833976399723833
2020-07-13,-0.009378140741652441
2020-07-14,0.013795120679309658
2020-07-15,0.008537615319412328
2020-07-16,-0.0031746256628106817
2020-07-17,0.0026539466728912053
2020-07-20,0.00820529427992267
2020-07-21,0.0026254880205349718
2020-07-22,0.005498914466520288
2020-07-23,-0.012239722320411817
2020-07-24,-0.006327273090615204
2020-07-27,0.0071635896709476565
2020-07-28,-0.006059106484458288
2020-07-29,0.011926988548396356
2020-07-30,-0.0028810558332694747
2020-07-31,0.007617653895047427
2020-08-03,0.006777403271925442
2020-08-04,0.004143174950741013
2020-08-05,0.006188801138076627
2020-08-06,0.00640696331665902
2020-08-07,0.0007638948988877292
2020-08-10,0.0030534568790148153
2020-08-11,-0.008371392320958515
2020-08-12,0.013814267633256438
2020-08-13,-0.0015139113736074572
2020-08-14,0.0002529787466620803
2020-08-17,0.002778940006120001
2020-08-18,0.0025196477724220845
2020-08-19,-0.004021345578134938
2020-08-20,0.0030280306449590455
2020-08-21,0.0035219339463277155
2020-08-24,0.009777008245597463
2020-08-25,0.0034754902918325836
2020-08-26,0.010391072703264781
2020-08-27,0.001958776821090469
2020-08-28,0.006842869998658019
2020-08-31,-0.0036409517988336138
2020-09-01,0.00901361259318656
2020-09-02,0.014726738988860566
2020-09-03,-0.03473685613662569
2020-09-04,-0.008134095861030977
2020-09-08,-0.027087205809141146
2020-09-09,0.019923085972281207
2020-09-10,-0.017780984694116042
2020-09-11,0.00101989488255394
2020-09-14,0.01299025350621208
2020-09-15,0.005028951429962403
2020-09-16,-0.004002617841517564
2020-09-17,-0.009043427367290024
2020-09-18,-0.011153332873871435
2020-09-21,-0.011069409292525312
2020-09-22,0.00988799746454494
2020-09-23,-0.022932338498995564
2020-09-24,0.0023733546222084456
2020-09-25,0.01604825856864034
2020-09-28,0.016830898544737183
2020-09-29,-0.005347625435485948
2020-09-30,0.0074244295755536704
2020-10-01,0.006098983467993202
2020-10-02,-0.009345466961348747
2020-10-05,0.017847931496956626
2020-10-06,-0.01427865651248017
2020-10-07,0.01728078339968553
2020-10-08,0.008993119200219724
2020-10-09,0.009408472827525438
2020-10-12,0.015452731940702291
2020-10-13,-0.006280498744613894
2020-10-14,-0.005833417870561575
2020-10-15,-0.001467187494983313
2020-10-16,-0.0007344204444001967
2020-10-19,-0.015437583385655707
2020-10-20,0.004479721808274828
2020-10-21,-0.0024775561395187218
2020-10-22,0.006209630926471421
2020-10-23,0.0032090889779408105
2020-10-26,-0.018454705327340504
2020-10-27,-0.0037602752514900306
2020-10-28,-0.03447413794260701
2020-10-29,0.010685479881905824
2020-10-30,-0.010314520221847978
2020-11-02,0.011464188098222472
2020-11-03,0.01725941383892704
2020-11-04,0.022537138263431622
2020-11-05,0.01956398042230001
2020-11-06,-0.00048542334497547746
2020-11-09,0.012879140692547919
2020-11-10,-0.0019191165053963344
2020-11-11,0.007932908925632365
2020-11-12,-0.00953983403086589
2020-11-13,0.013484011395813233
2020-11-16,0.011879295315077476
2020-11-17,-0.004695760307042107
2020-11-18,-0.012267061744610896
2020-11-19,0.004537854329975444
2020-11-20,-0.006894967100384841
2020-11-23,0.005985248987320668
2020-11-24,0.0157069412681905
2020-11-25,-0.0009372674979515327
2020-11-27,0.002110637803158122
2020-11-30,-0.004446427506444306
2020-12-01,0.01151844481123021
2020-12-02,0.0016264955796132519
2020-12-03,0.0
2020-12-04,0.008816800946872316
2020-12-07,-0.0018396680065575488
2020-12-08,0.0025342528833012246
2020-12-09,-0.008503588708536514
2020-12-10,-0.0004635416810344628
2020-12-11,-0.0011597247190765492
2020-12-14,-0.004643427456390792
2020-12-15,0.013529190192734575
2020-12-16,0.0011506334339528301
2020-12-17,0.006207109558780788
2020-12-18,-0.004112389756630863
2020-12-21,-0.0029678414957055033
2020-12-22,-0.0023107124542510737
2020-12-23,0.0002317767757777922
2020-12-24,0.0046307711959427955
2020-12-28,0.008296703084532009
2020-12-29,-0.002057038496006136
2020-12-30,0.001603289509400252
2020-12-31,0.005259705616099897
2021-01-04,-0.013648788443546667
2021-01-05,0.0069186864665125025
2021-01-06,0.005496899002776168
2021-01-07,0.01480667192496421
2021-01-08,0.00628485432116066
2021-01-11,-0.006468665336974766
2021-01-12,0.00022451603124284958
2021-01-13,0.0020199155231332977
2021-01-14,-0.00313600097258504
2021-01-15,-0.00764040733900806
2021-01-19,0.007699232612364382
2021-01-20,0.014381851392341494
2021-01-21,0.0008862178325061976
2021-01-22,-0.003984223026761269
2021-01-25,0.004222472423974777
2021-01-26,-0.001770474262469679
2021-01-27,-0.023719759865401757
2021-01-28,0.008174342926361211
2021-01-29,-0.01914413398647996
2021-02-01,0.015844148239677835
2021-02-02,0.013562033437626297
2021-02-03,0.000892329357845556
2021-02-04,0.01203210978641156
2021-02-05,0.003962629886301805
2021-02-08,0.007456370450974248
2021-02-09,-0.001306133239823315
2021-02-10,-0.0004359174610685246
2021-02-11,0.0017445193825487149
2021-02-12,0.0052241771373933155
2021-02-16,-0.0010826254543350178
2021-02-17,0.0006504210240312336
2021-02-18,-0.00454954510303518
2021-02-19,-0.0017411023418124616
2021-02-22,-0.007412212394568352
2021-02-23,0.0004392684448093487
2021-02-24,0.0116356821125152
2021-02-25,-0.023871751261414054
2021-02-26,-0.005335404078838035
2021-03-01,0.023692221887608333
2021-03-02,-0.00742345181542059
2021-03-03,-0.013638558293539216
2021-03-04,-0.012265495826530692
2021-03-05,0.018288449784753746
2021-03-08,-0.004434565288915948
2021-03-09,0.013585488642990251
2021-03-10,0.006592102479482609
2021-03-11,0.01047818295615044
2021-03-12,0.0012959925051376775
2021-03-15,0.006040871789979585
2021-03-16,-0.0010721777925635223
2021-03-17,0.003005653442955447
2021-03-18,-0.014983057868806049
2021-03-19,-0.0010863008432617782
2021-03-22,0.00771336270504186
2021-03-23,-0.007584277865117506
2021-03-24,-0.005240044324682391
2021-03-25,0.005487292423708379
2021-03-26,0.015935590035417224
2021-03-29,-0.0006448857637181282
2021-03-30,-0.002364910702015277
2021-03-31,0.004525627719278891
2021-04-01,0.010083789630797257
2021-04-05,0.014655938308481442
2021-04-06,-0.0010467374849374433
2021-04-07,0.0018861358521169436
2021-04-08,0.004601212235576524
2021-04-09,0.007287245959109345
2021-04-12,0.0
2021-04-13,0.002687102513819317
2021-04-14,-0.002679901344180502
2021-04-15,0.010748494206050951
2021-04-16,0.0032720400634043134
2021-04-19,-0.005299879788841277
2021-04-20,-0.006762053213439367
2021-04-21,0.009490454109523094
2021-04-22,-0.009605832859273744
2021-04-23,0.011143163498061881
2021-04-26,0.0016328892967858444
2021-04-27,0.0
2021-04-28,-0.00020397542208150377
2021-04-29,0.006113956665254827
2021-04-30,-0.006684228051938024
2021-05-03,0.00224298618518759
2021-05-04,-0.0059003192941484706
2021-05-05,0.0004093711241290876
2021-05-06,0.007978595811114264
2021-05-07,0.0071036778011246415
2021-05-10,-0.009673441357530899
2021-05-11,-0.008547146629152458
2021-05-12,-0.021346216599140377
2021-05-13,0.011325282440432849
2021-05-14,0.015554031312720928
2021-05-17,-0.0024507089746927946
2021-05-18,-0.00818826560283381
2021-05-19,-0.00268305168433125
2021-05-20,0.010554485420388948
2021-05-21,-0.001024098284087227
2021-05-24,0.010045166442811171
2021-05-25,-0.0018266340363579658
2021-05-26,0.0020332063045040982
2021-05-27,0.00040588224408510953
2021-05-28,0.001420135367464992
2021-06-01,-0.0004053071403490316
2021-06-02,0.0016212259494157166
2021-06-03,-0.003439322980991477
2021-06-04,0.008729059715684384
2021-06-07,-0.0012072720134191917
2021-06-08,0.0004030198020288367
2021-06-09,-0.001611593766525199
2021-06-10,0.004842010665975005
2021-06-11,0.0014051039495754925
2021-06-14,0.0026063770004798315
2021-06-15,-0.0017996051061047735
2021-06-16,-0.005609091724638526
2021-06-17,-0.0004029386554806891
2021-06-18,-0.013301022890529257
2021-06-21,0.0140814444028583
2021-06-22,0.005254755564856106
2021-06-23,-0.001005438963100902
2021-06-24,0.005635096149292362
2021-06-25,0.0032019301057673033
2021-06-28,0.002593188880950059
2021-06-29,0.0003981438038587193
2021-06-30,0.0009943178150249032
2021-07-01,0.005563196901055001
2021-07-02,0.007508328691584909
2021-07-06,-0.0019611049377337153
2021-07-07,0.003733708030266625
2021-07-08,-0.008026790387931637
2021-07-09,0.010459993068843376
2021-07-12,0.003906280335800316
2021-07-13,-0.003307584347268744
2021-07-14,0.0011711822018320994
2021-07-15,-0.003314283146747199
2021-07-16,-0.007824865992155705
2021-07-19,-0.015181275528243665
2021-07-20,0.01461447617800582
2021-07-21,0.008089984141383066
2021-07-22,0.002348624167957336
2021-07-23,0.009959096398586276
2021-07-26,0.002126798818293363
2021-07-27,-0.004051685091743362
2021-07-28,-0.0003874183741161552
2021-07-29,0.003875921143604799
2021-07-30,-0.004633100661359024
2021-08-02,-0.002133398510673623
2021-08-03,0.007774362811378666
2021-08-04,-0.004435822212477403
2021-08-05,0.005811904410077062
2021-08-06,0.0021185276771849004
2021-08-09,-0.000768730914781246
2021-08-10,0.0011541395557550516
2021-08-11,0.0021133143716289826
2021-08-12,0.0034509004708001
2021-08-13,0.0019103670123243877
2021-08-16,0.002479190559717681
2021-08-17,-0.007228622194972778
2021-08-18,-0.010346597408445124
2021-08-19,0.0013551372356299662
2021-08-20,0.007927465891476748
2021-08-23,0.00844036303095308
2021-08-24,0.0019021633847671193
2021-08-25,0.001898629061480861
2021-08-26,-0.005495413351207956
2021-08-27,0.008765064677074719
2021-08-30,0.004155726946422078
2021-08-31,-0.0013167975373985508
2021-09-01,0.00037676760752347604
2021-09-02,0.0033891729964103945
2021-09-03,-0.0005630303534650549
2021-09-07,-0.0031918456225116243
2021-09-08,-0.0011302263991204153
2021-09-09,-0.004525714985233575
2021-09-10,-0.007577022235257247
2021-09-13,0.0019086985960772296
2021-09-14,-0.004953347768809846
2021-09-15,0.007849824287636364
2021-09-16,-0.0011397341683933027
2021-09-17,-0.00950947084990994
2021-09-20,-0.01705734355298416
2021-09-21,-0.0005878527136096157
2021-09-22,0.009605867361201392
2021-09-23,0.012233151433498124
2021-09-24,0.0017263730862415727
2021-09-27,-0.002872536341678833
2021-09-28,-0.020165137215539142
2021-09-29,0.0011760872047295035
2021-09-30,-0.0121380442675465
2021-10-01,0.012089010132177114
2021-10-04,-0.012531802196693254
2021-10-05,0.010113094384843313
2021-10-06,0.003926102646472307
2021-10-07,0.008408121453983064
2021-10-08,-0.0013572982806325795
2021-10-11,-0.0071842213413499945
2021-10-12,-0.002542930394786813
2021-10-13,0.00313733073778244
2021-10-14,0.01700545285605415
2021-10-15,0.007880215499643795
2021-10-18,0.0032415644766312646
2021-10-19,0.007793417497577559
2021-10-20,0.0032062567747557225
2021-10-21,0.0031962377089427285
2021-10-22,-0.0009370302055780044
2021-10-25,0.005064633012729303
2021-10-26,0.0009333338266015456
2021-10-27,-0.004475251662190538
2021-10-28,0.009739563305873444
2021-10-29,0.0014841030338794692
2021-11-01,0.002407850058735228
2021-11-02,0.003510637454981813
2021-11-03,0.006628605121512088
2021-11-04,0.004207203242812652
2021-11-05,0.003460759356934018
2021-11-08,0.0009076045364366792
2021-11-09,-0.0029017742838810534
2021-11-10,-0.008002973716644712
2021-11-11,0.0003668512444163774
2021-11-12,0.007331294370609198
2021-11-15,0.0003639005635822645
2021-11-16,0.0036377554590427685
2021-11-17,-0.0021745514868427573
2021-11-18,0.003450555483227591
2021-11-19,-0.0016288840302955965
2021-11-22,-0.003081939368871245
2021-11-23,0.0016365854796092094
2021-11-24,0.0023602738378880606
2021-11-26,-0.021916510415865287
2021-11-29,0.012037173337108964
2021-11-30,-0.018847259820258255
2021-12-01,-0.011562911169320289
2021-12-02,0.015094398667645281
2021-12-03,-0.0085502507786831
2021-12-06,0.011436209161420186
2021-12-07,0.02057480483759666
2021-12-08,0.0032691561116084955
2021-12-09,-0.006879209522891672
2021-12-10,0.009478660404780959
2021-12-13,-0.008847874872333406
2021-12-14,-0.007287291672301466
2021-12-15,0.015966135575737672
2021-12-16,-0.008851217500023711
2021-12-17,-0.010388029797666287
2021-12-20,-0.010663877221293472
2021-12-21,0.017563391963064667
2021-12-22,0.010099254226110022
2021-12-23,0.006180570508226957
2021-12-27,0.014092271312956761
2021-12-28,-0.0010688960860252283
2021-12-29,0.0016050957098783236
2021-12-30,-0.0028489625721668244
2021-12-31,-0.00303579718948932
2022-01-03,0.006448055275191322
2022-01-04,-0.00035596609722376993
2022-01-05,-0.01940515919208896
2022-01-06,-0.0009078856763546916
2022-01-07,-0.003816174742544809
2022-01-10,-0.0016416952210576152
2022-01-11,0.009318507295101197
2022-01-12,0.0030775644290954585
2022-01-13,-0.013896411767106098
2022-01-14,-0.00018306883255336803
2022-01-18,-0.017572883146468654
2022-01-19,-0.009875006148131082
2022-01-20,-0.011102761060612698
2022-01-21,-0.019790702662972004
2022-01-24,0.0038827646980905683
2022-01-25,-0.011603007624276906
2022-01-26,-0.0027393479657936703
2022-01-27,-0.004904994105372706
2022-01-28,0.02484251982268515
2022-01-31,0.017891300331275506
2022-02-01,0.00756005380060043
2022-02-02,0.008816403116785665
2022-02-03,-0.022870951161281683
2022-02-04,0.004567167821406759
2022-02-07,-0.003977950492052407
2022-02-08,0.008558015771006788
2022-02-09,0.01452016574845949
2022-02-10,-0.017843691120561167
2022-02-11,-0.01949293236858418
2022-02-14,-0.0032813098355984893
2022-02-15,0.015492040569549559
2022-02-16,0.001716203656987103
2022-02-17,-0.02113081058354993
2022-02-18,-0.007001146740903685
2022-02-22,-0.01057568364697381
2022-02-23,-0.017814753084711032
2022-02-24,0.014711580938386204
2022-02-25,0.022045873025376528
2022-02-28,-0.0023319536306496413
2022-03-01,-0.015192814271417276
2022-03-02,0.018393947029252233
2022-03-03,-0.00446684349634352
2022-03-04,-0.007998464038282083
2022-03-07,-0.029498545413793487
2022-03-08,-0.007497504520364462
2022-03-09,0.02572487728263506
2022-03-10,-0.003582792073400398
2022-03-11,-0.012784880310157232
2022-03-14,-0.007284235818643348
2022-03-15,0.02181006860571011
2022-03-16,0.02154384029241685
2022-03-17,0.013278705812542313
2022-03-18,0.010213983454323783
2022-03-21,-5.1741779764968854e-05
2022-03-22,0.011674641310191136
2022-03-23,-0.012296563013396988
2022-03-24,0.014173376541634974
2022-03-25,0.005665807491372243
2022-03-28,0.006760468216610471
2022-03-29,0.01287082163648079
2022-03-30,-0.006814034030662941
2022-03-31,-0.014833869098494712
2022-04-01,0.002823229878419209
2022-04-04,0.008445845073098646
2022-04-05,-0.01284200011514336
2022-04-06,-0.00961533145096527
2022-04-07,0.004758975714372227
2022-04-08,-0.0026523519177089616
2022-04-11,-0.01690726247364782
2022-04-12,-0.0038647660262031147
2022-04-13,0.011833015923188084
2022-04-14,-0.012461664784452098
2022-04-18,-0.00038816039814015824
2022-04-19,0.016313826544377408
2022-04-20,-0.0009553868502995
2022-04-21,-0.01434573678245954
2022-04-22,-0.02775083591246308
2022-04-25,0.005987872223337298
2022-04-26,-0.0285713465855596
2022-04-27,0.0024510005031479487
2022-04-28,0.025468646955723484
2022-04-29,-0.03735353252035212
2022-05-02,0.006398173447679678
2022-05-03,0.004307071623840253
2022-05-04,0.03042669099747508
2022-05-05,-0.035671874358114586
2022-05-06,-0.0053432007522751235
2022-05-09,-0.03202474794299737
2022-05-10,0.0021343607121910857
2022-05-11,-0.016613258005887088
2022-05-12,-0.00021648387208206277
2022-05-13,0.022963399080179414
2022-05-16,-0.002964912535931008
2022-05-17,0.019541455195540403
2022-05-18,-0.03937513134710424
2022-05-19,-0.006289164064622987
2022-05-20,0.0002182251587392603
2022-05-23,0.018983199715290944
2022-05-24,-0.007708842109772629
2022-05-25,0.009063388322067656
2022-05-26,0.019674926288508754
2022-05-27,0.024748315856754077
2022-05-31,-0.005730459716954961
2022-06-01,-0.007822253447726468
2022-06-02,0.018671976624273556
2022-06-03,-0.016089522967178804
2022-06-06,0.002690955785750404
2022-06-07,0.00949648721946339
2022-06-08,-0.01083867728243404
2022-06-09,-0.02336142929447038
2022-06-10,-0.029212557639299752
2022-06-13,-0.03881387998027608
2022-06-14,-0.0027222544896920997
2022-06-15,0.01387597687690545
2022-06-16,-0.03163542489052906
2022-06-17,0.0011583733218014647
2022-06-21,0.025195707793233435
2022-06-22,-0.0018142801422295074
2022-06-23,0.009995496484632493
2022-06-24,0.031039373383609625
2022-06-27,-0.0030543425904688837
2022-06-28,-0.020350078655594905
2022-06-29,-0.0008933858627426794
2022-06-30,-0.008719038597200246
2022-07-01,0.010374518849691317
2022-07-05,0.002008749513702668
2022-07-06,0.004009979601756752
2022-07-07,0.014865602804595035
2022-07-08,-0.0006557644228389892
2022-07-11,-0.011813692491749905
2022-07-12,-0.00907680006275613
2022-07-13,-0.004691658526172815
2022-07-14,-0.0024691453336879166
2022-07-15,0.018451802051066224
2022-07-18,-0.00817503699960409
2022-07-19,0.027400428491399564
2022-07-20,0.0067216138116616975
2022-07-21,0.009907347096351327
2022-07-22,-0.008956990037857215
2022-07-25,0.0010757713990940942
2022-07-26,-0.011822746237148407
2022-07-27,0.025669043388055535
2022-07-28,0.012725198480016298
2022-07-29,0.014240815771014548
2022-08-01,-0.002477857544248785
2022-08-02,-0.006830993185315215
2022-08-03,0.015840117801477982
2022-08-04,-0.0010259150422875507
2022-08-05,-0.0014375753716775463
2022-08-08,-0.0008227247736396492
2022-08-09,-0.004116846387658302
2022-08-10,0.020669489699808752
2022-08-11,0.00020255611071529067
2022-08-12,0.016400159453304752
2022-08-15,0.0043821681463236395
2022-08-16,0.002380219619837476
2022-08-17,-0.007123069832925655
2022-08-18,0.0025906112200682063
2022-08-19,-0.013118398262221276
2022-08-22,-0.02054401427467789
2022-08-23,-0.0028786982007642514
2022-08-24,0.003093365347429655
2022-08-25,0.013774603452592515
2022-08-26,-0.03325897625683172
2022-08-29,-0.0067129651186057515
2022-08-30,-0.011193025442994053
2022-08-31,-0.007475388405857486
2022-09-01,0.0030124181025992236
2022-09-02,-0.010298104469216085
2022-09-06,-0.004118842240253495
2022-09-07,0.018284601180651894
2022-09-08,0.005985682408403026
2022-09-09,0.01593715491692338
2022-09-12,0.010457958206645968
2022-09-13,-0.042848264879219555
2022-09-14,0.003460283926986385
2022-09-15,-0.011422363174141803
2022-09-16,-0.007412414549770152
2022-09-19,0.007352700266370249
2022-09-20,-0.011604840222974255
2022-09-21,-0.016836396887732752
2022-09-22,-0.008562582026222954
2022-09-23,-0.017499785951116453
2022-09-26,-0.009253076198525667
2022-09-27,-0.0028016533213427453
2022-09-28,0.019667325131520474
2022-09-29,-0.020436038188798245
2022-09-30,-0.015705737402602282
2022-10-03,0.025958766689949675
2022-10-04,0.03156891133161488
2022-10-05,-0.0027002430066367378
2022-10-06,-0.009702196009374608
2022-10-07,-0.028024394681005038
2022-10-10,-0.007735621300604123
2022-10-11,-0.006378554674696613
2022-10-12,-0.003090688896120408
2022-10-13,0.02623391597366531
2022-10-14,-0.022774658989075602
2022-10-17,0.02592153656920604
2022-10-18,0.011821924701209463
2022-10-19,-0.007102005120158461
2022-10-20,-0.008537055100989233
2022-10-21,0.024202904218759258
2022-10-24,0.011588407574830706
2022-10-25,0.016621558632051725
2022-10-26,-0.007953963638545725
2022-10-27,-0.004899742595884438
2022-10-28,0.02350032095521115
2022-10-31,-0.0067788881923217525
2022-11-01,-0.004403243886368369
2022-11-02,-0.02521022464178191
2022-11-03,-0.010208451268167273
2022-11-04,0.014210244662065108
2022-11-07,0.009039606697687441
2022-11-08,0.006046948738688718
2022-11-09,-0.021148591742834566
2022-11-10,0.05503740214281838
2022-11-11,0.009700290144254886
2022-11-14,-0.007899060298424576
2022-11-15,0.008607587733885369
2022-11-16,-0.008107520702122728
2022-11-17,-0.002581259919356871
2022-11-18,0.004528938054845444
2022-11-21,-0.004079083539907935
2022-11-22,0.01379616660026639
2022-11-23,0.005953642521493885
2022-11-25,0.0
2022-11-28,-0.01564142458587736
2022-11-29,-0.0019327472040711058
2022-11-30,0.030550909200109277
2022-12-01,-0.00020892548285644796
2022-12-02,-0.0008352113253458082
2022-12-05,-0.017763825609174
2022-12-06,-0.01489356528196284
2022-12-07,-0.0012959261627425445
2022-12-08,0.007569134624717311
2022-12-09,-0.00708318606612135
2022-12-12,0.014051098676378437
2022-12-13,0.007674447626024872
2022-12-14,-0.006135040133068093
2022-12-15,-0.024904237780712046
2022-12-16,-0.011351176596740342
2022-12-19,-0.008710950290921948
2022-12-20,0.001342588584590798
2022-12-21,0.014301773072262325
2022-12-22,-0.01410011640711517
2022-12-23,0.006256953745632954
2022-12-27,-0.004219458684588062
2022-12-28,-0.012042876757391019
2022-12-29,0.017607309080629907
2022-12-30,-0.0022181426570421214
2023-01-03,-0.004446500022649347
2023-01-04,0.007815996674352954
2023-01-05,-0.011522176920845228
2023-01-06,0.02264038308219507
2023-01-09,-0.0004384642836257058
2023-01-10,0.007237051827635899
2023-01-11,0.012627914445305644
2023-01-12,0.003655116861036589
2023-01-13,0.004070228381168439
2023-01-17,-0.0023469000604041668
2023-01-18,-0.015183792583426836
2023-01-19,-0.00781753983403044
2023-01-20,0.019041193002505397
2023-01-23,0.011597908301746784
2023-01-24,-0.0006368615677398992
2023-01-25,0.00021231018408407465
2023-01-26,0.011044943034054011
2023-01-27,0.0025211874181472194
2023-01-30,-0.012782905752299234
2023-01-31,0.014646473400960147
2023-02-01,0.010669590907100623
2023-02-02,0.014075717909615593
2023-02-03,-0.010002115955151436
2023-02-06,-0.005979383195936494
2023-02-07,0.013067891647207341
2023-02-08,-0.011056401673775973
2023-02-09,-0.008695610781076835
2023-02-10,0.0018795423792015153
2023-02-13,0.011673908663737853
2023-02-14,0.00020608633473617743
2023-02-15,0.003090249747549345
2023-02-16,-0.01417111156612838
2023-02-17,-0.0025000115618928342
2023-02-21,-0.02005030106457173
2023-02-22,-0.0014918519688804643
2023-02-23,0.005549624715608159
2023-02-24,-0.010401182205723836
2023-02-27,0.0032175185381446703
2023-02-28,-0.003634712881075308
2023-03-01,-0.0038627639726931395
2023-03-02,0.007539860888358341
2023-03-03,0.016249753357558072
2023-03-06,0.00021050563219326968
2023-03-07,-0.014934832867522285
2023-03-08,0.0017081170817379032
2023-03-09,-0.018759276416682735
2023-03-10,-0.013903812671598348
2023-03-13,-0.001982999443422173
2023-03-14,0.016777151857888306
2023-03-15,-0.006079084643992094
2023-03-16,0.01725655490789313
2023-03-17,-0.011380741783880932
2023-03-20,0.009438792840173127
2023-03-21,0.012745642927865175
2023-03-22,-0.016211421925576786
2023-03-23,0.002601689103203242
2023-03-24,0.006055367384371735
2023-03-27,0.002149517504359766
2023-03-28,-0.0019303824135581404
2023-03-29,0.014184394154053148
2023-03-30,0.005933380639734143
2023-03-31,0.014325049119230826
2023-04-03,0.0037384133989852852
2023-04-04,-0.0055865711844425014
2023-04-05,-0.003121287653361504
2023-04-06,0.004383221114950375
2023-04-10,0.0010390227163858956
2023-04-11,-0.00020753967372499904
2023-04-12,-0.0035299726297381984
2023-04-13,0.01271094265756001
2023-04-14,-0.0018518995436097585
2023-04-17,0.0032982565462940094
2023-04-18,0.0006165472687726936
2023-04-19,0.0002054431739235696
2023-04-20,-0.005748390289413541
2023-04-21,0.0008259464754725165
2023-04-24,0.0010315199690715815
2023-04-25,-0.015869673022141817
2023-04-26,-0.003978929863009739
2023-04-27,0.01913356795320187
2023-04-28,0.008871576782092605
2023-05-01,-0.0006136471740295635
2023-05-02,-0.011458979926829316
2023-05-03,-0.007244963134019122
2023-05-04,-0.006672078752016253
2023-05-05,0.01826179751702406
2023-05-08,0.0006185807998380088
2023-05-09,-0.004326168630856442
2023-05-10,0.004344965685105562
2023-05-11,-0.0016481494556437326
2023-05-12,-0.0016507888605116205
2023-05-15,0.003927198179423996
2023-05-16,-0.006794437634913608
2023-05-17,0.012230592974761034
2023-05-18,0.009215478705185243
2023-05-19,-0.0008113799259462651
2023-05-22,0.00020302974586239309
2023-05-23,-0.011167576093241927
2023-05-24,-0.007186700578573069
2023-05-25,0.008479651742967498
2023-05-26,0.01333049165444411
2023-05-30,-0.00040458259510123273
2023-05-31,-0.005061847528381236
2023-06-01,0.008954140971817681
2023-06-02,0.015127109239638115
2023-06-05,-0.0019869547259405707
2023-06-06,0.001791725191456539
2023-06-07,-0.002980946221112557
2023-06-08,0.005381604234643067
2023-06-09,0.0019826219988068328
2023-06-12,0.009101640348334827
2023-06-13,0.006666803955210687
2023-06-14,0.0011687349668705327
2023-06-15,0.012256661759413534
2023-06-16,-0.002882975668599075
2023-06-20,-0.00517614045299164
2023-06-21,-0.005251956516749923
2023-06-22,0.0037152827552431322
2023-06-23,-0.007402984425069037
2023-06-26,-0.004121734911062269
2023-06-27,0.010445424170181461
2023-06-28,0.0007801411203947062
2023-06-29,0.0037029732552738004
2023-06-30,0.011844821633495206
2023-07-03,0.0019189133991552865
2023-07-05,-0.0017238273939855775
2023-07-06,-0.008058268244273248
2023-07-07,-0.0027080119131832614
2023-07-10,0.0027153651543698754
2023-07-11,0.006576274337627641
2023-07-12,0.007686357612690875
2023-07-13,0.008199967150632315
2023-07-14,-0.001134872060953973
2023-07-17,0.003976565105976215
2023-07-18,0.006978454595389927
2023-07-19,0.0022474903024956028
2023-07-20,-0.006167069391455837
2023-07-21,0.0
2023-07-24,0.004325107447300525
2023-07-25,0.0028084211840919693
2023-07-26,-0.0001868065385519646
2023-07-27,-0.006162462599579865
2023-07-28,0.009583047958618751
2023-07-31,0.0014888454077062185
2023-08-01,-0.002230094241800429
2023-08-02,-0.013782960762839247
2023-08-03,-0.0035881343484016615
2023-08-04,-0.003980333591850793
2023-08-07,0.008753543747885617
2023-08-08,-0.004338829163822999
2023-08-09,-0.006820695020283152
2023-08-10,0.0
2023-08-11,-0.0007630262536550969
2023-08-14,0.006300036280808552
2023-08-15,-0.011572914442225413
2023-08-16,-0.008061136823581339
2023-08-17,-0.007159549454991754
2023-08-18,0.0005847647063648154
2023-08-21,0.006622540907691876
2023-08-22,-0.002902509765339567
2023-08-23,0.011255656678429649
2023-08-24,-0.013817082155758276
2023-08-25,0.007005257827314759
2023-08-28,0.006376884773078739
2023-08-29,0.014592898973324164
2023-08-30,0.00416351049031527
2023-08-31,-0.0016961382705141803
2023-09-01,0.0020766460514247687
2023-09-05,-0.004333180872031717
2023-09-06,-0.006811660714196699
2023-09-07,-0.0032387241262656907
2023-09-08,0.001529194742871498
2023-09-11,0.006870081359722668
2023-09-12,-0.0060653199309784744
2023-09-13,0.0015255456332465833
2023-09-14,0.008758694350000651
2023-09-15,-0.012835154073664312
2023-09-18,0.0011146042865266548
2023-09-19,-0.0019171001775356578
2023-09-20,-0.009220087191574633
2023-09-21,-0.01628534249292224
2023-09-22,-0.0027592991407980882
2023-09-25,0.004348005862486737
2023-09-26,-0.014364485669321025
2023-09-27,0.00019953865973532103
2023-09-28,0.005988093727078869
2023-09-29,-0.0027777581271697382
2023-10-02,-0.0003978054361130079
2023-10-03,-0.013336191788735907
2023-10-04,0.007666200671226253
2023-10-05,-0.0006008427486281498
2023-10-06,0.011418480350990023
2023-10-09,0.006535867069193735
2023-10-10,0.005509602369443645
2023-10-11,0.003913811649242538
2023-10-12,-0.005653036151722635
2023-10-13,-0.005489157981676596
2023-10-16,0.010447537333651669
2023-10-17,0.00039019777332738315
2023-10-18,-0.013650525579731454
2023-10-19,-0.008303618258509782
2023-10-20,-0.012360458312481004
2023-10-23,-0.0016149016056008492
2023-10-24,0.007480773260127194
2023-10-25,-0.014649873841516059
2023-10-26,-0.01201637975548786
2023-10-27,-0.004534931279815302
2023-10-30,0.01180365946627826
2023-10-31,0.0067539886149432515
2023-11-01,0.01077461872499108
2023-11-02,0.01890582673551644
2023-11-03,0.009080066066655013
2023-11-06,0.0017605837556469162
2023-11-07,0.002929149246829521
2023-11-08,0.0011681614703837884
2023-11-09,-0.007779062791023361
2023-11-10,0.015876310700457807
2023-11-13,-0.0011578706820899454
2023-11-14,0.01950931774981468
2023-11-15,0.002084246092623143
2023-11-16,0.0013234922089453427
2023-11-17,0.0009440703599858935
2023-11-20,0.0075458090097964
2023-11-21,-0.00168509714928744
2023-11-22,0.003563334069127233
2023-11-24,0.0001870051621186697
2023-11-27,-0.001121162325051328
2023-11-28,0.0007482804939324961
2023-11-29,-0.0007477209889016345
2023-11-30,0.004115322849686631
2023-12-01,0.005774858752443768
2023-12-04,-0.005000838903770455
2023-12-05,-0.0003722564774195636
2023-12-06,-0.004283200347763305
2023-12-07,0.007667891243076985
2023-12-08,0.004268673519629784
2023-12-11,0.004250529397346936
2023-12-12,0.004416759792567948
2023-12-13,0.013741312750736201
2023-12-14,0.0036146701820582994
2023-12-15,-0.0016208348541301154
2023-12-18,0.0056356299246125285
2023-12-19,0.005942845657836537
2023-12-20,-0.015037570873281836
2023-12-21,0.010723292414200447
2023-12-22,0.0014385045110896222
2023-12-26,0.004309664932696133
2023-12-27,0.0021454461650978196
2023-12-28,0.00053533511114634
2023-12-29,-0.0032095962223016583
2024-01-02,-0.005366877282055538
2024-01-03,-0.008093543547137205
2024-01-04,-0.003263790940763567
2024-01-05,0.001637274572145575
2024-01-08,0.013803116913786662
2024-01-09,-0.0012540522673716303
2024-01-10,0.005560513369262443
2024-01-11,-0.000356756789116508
2024-01-12,0.0007138378558151359
2024-01-16,-0.003566364929086352
2024-01-17,-0.005547507424191633
2024-01-18,0.00881757661376592
2024-01-19,0.012486557230158457
2024-01-22,0.0019381357251904152
2024-01-23,0.0026375316979680985
2024-01-24,0.0012276604534007252
2024-01-25,0.005780318767528936
2024-01-26,-0.0017416027271380807
2024-01-29,0.007850749233732524
2024-01-30,-0.0008655931258368943
2024-01-31,-0.0155924842477555
2024-02-01,0.013023649749616784
2024-02-02,0.010250097136192515
2024-02-05,-0.00343941120576563
2024-02-06,0.0029337004572302927
2024-02-07,0.008086663290229446
2024-02-08,0.0008534120730800954
2024-02-09,0.005115973194845358
2024-02-12,-0.0003393906778663691
2024-02-13,-0.01323821339621678
2024-02-14,0.009115862122291762
2024-02-15,0.0061359490856571774
2024-02-16,-0.004573929671831678
2024-02-20,-0.005786253692616872
2024-02-21,0.001027101354449833
2024-02-22,0.020519815575702705
2024-02-23,0.0006703648767514281
2024-02-26,-0.0031815772373958717
2024-02-27,0.001847820678796852
2024-02-28,-0.0018444125351740892
2024-02-29,0.003863523745787134
2024-03-01,0.009705515283605637
2024-03-04,-0.001160048016170423
2024-03-05,-0.009955223766562216
2024-03-06,0.004692424797924977
2024-03-07,0.010341971073179357
2024-03-08,-0.005943537074287075
2024-03-11,-0.0009964367050104839
2024-03-12,0.010639951564864303
2024-03-13,-0.001315991856000398
2024-03-14,-0.002306020452135571
2024-03-15,-0.007099180097143054
2024-03-18,0.006212558905008381
2024-03-19,0.005637468454933625
2024-03-20,0.008903501442395045
2024-03-21,0.0037587765114763805
2024-03-22,-0.0016280207510273037
2024-03-25,-0.00326166817789042
2024-03-26,-0.0022905435790296913
2024-03-27,0.008855255334012213
2024-03-28,0.00016266388955843425
2024-04-01,-0.0017878108015275673
2024-04-02,-0.006349724186309413
2024-04-03,0.000983182030277252
2024-04-04,-0.012113322349929012
2024-04-05,0.010439151318941242
2024-04-08,0.0006559070443741266
2024-04-09,0.000983279406042481
2024-04-10,-0.009823198848858739
2024-04-11,0.007440472458393854
2024-04-12,-0.01411446838970587
2024-04-15,-0.012485534222756112
2024-04-16,-0.0016857202689127826
2024-04-17,-0.005741428952624306
2024-04-18,-0.0020380338304104573
2024-04-19,-0.008849405228813056
2024-04-22,0.009271932615261491
2024-04-23,0.011908842959200916
2024-04-24,-0.0003363548161445795
2024-04-25,-0.003868008265181744
2024-04-26,0.009454665559575304
2024-04-29,0.0035122432516943025
2024-04-30,-0.015666612108905964
2024-05-01,-0.0037250948856416555
2024-05-02,0.009687273652178252
2024-05-03,0.01211917874356594
2024-05-06,0.010477345493353996
2024-05-07,0.0013166279244307688
2024-05-08,-0.0003287081921471424
2024-05-09,0.006083484802830386
2024-05-10,0.0013073756542361092
2024-05-13,0.00016326412466360907
2024-05-14,0.004405952049563178
2024-05-15,0.012510231045166131
2024-05-16,-0.0020859871031390087
2024-05-17,0.0012863532856823845
2024-05-20,0.0012847007067071647
2024-05-21,0.0025661671148107246
2024-05-22,-0.0030394885257317705
2024-05-23,-0.007381242741560601
2024-05-24,0.006951198388714719
2024-05-28,0.0006420504254653903
2024-05-29,-0.0072195714518993315
2024-05-30,-0.006464176358981999
2024-05-31,0.008783491545115929
2024-06-03,0.0008060725722425222
2024-06-04,0.0014500001221857683
2024-06-05,0.011904808086369734
2024-06-06,-0.0003180046792382596
2024-06-07,-0.0012723615013383593
2024-06-10,0.0031848013414748078
2024-06-11,0.002380971636199991
2024-06-12,0.00807606234083802
2024-06-13,0.0021990297241076817
2024-06-14,0.0004702476609232953
2024-06-17,0.008460113786172396
2024-06-18,0.0021747744292350824
2024-06-20,-0.002480243781213254
2024-06-21,-0.0023310213503496824
2024-06-24,-0.002300422324655771
2024-06-25,0.003916632197858316
2024-06-26,0.0012484350711243763
2024-06-27,0.001246818016520379
2024-06-28,-0.0037359771894408533
2024-07-01,0.0021875075887836104
2024-07-02,0.006860000245332287
2024-07-03,0.004335662614954883
2024-07-05,0.0060129976262564
2024-07-08,0.0010727412411508652
2024-07-09,0.0007656599835974554
2024-07-10,0.009484335010955025
2024-07-11,-0.008183103038686523
2024-07-12,0.006111573795095193
2024-07-15,0.0027335787221114405
2024-07-16,0.006209328067658504
2024-07-17,-0.014148184047845791
2024-07-18,-0.0077863875703717556
2024-07-19,-0.006462436328476873
2024-07-22,0.010376217179849156
2024-07-23,-0.001992539324432885
2024-07-24,-0.022577136172491463
2024-07-25,-0.00502832739128134
2024-07-26,0.010897016221912414
2024-07-29,0.0009374259972654286
2024-07-30,-0.005150651334024481
2024-07-31,0.01537483124844119
2024-08-01,-0.013287920412608845
2024-08-02,-0.018321287560915445
2024-08-05,-0.0295102399649827
2024-08-06,0.009204438199727605
2024-08-07,-0.006677556269170881
2024-08-08,0.023446393187901204
2024-08-09,0.0038449084286158453
2024-08-12,0.0011172059237769538
2024-08-13,0.016419588784307715
2024-08-14,0.0031367215989073216
2024-08-15,0.017041865565389447
2024-08-16,0.0021523173875714896
2024-08-19,0.0096640323654833
2024-08-20,-0.0016711377551001938
2024-08-21,0.0036522221046495496
2024-08-22,-0.008036209723305987
2024-08-23,0.010394308084286763
2024-08-26,-0.0024206836760289896
2024-08-27,0.0016683318245227508
2024-08-28,-0.005753387585080594
2024-08-29,0.00015250471885241978
2024-08-30,0.009134843537140336
2024-09-03,-0.02021697521168786
2024-09-04,-0.0023098834279665637
2024-09-05,-0.0023151715220144364
2024-09-06,-0.016862647564280242
2024-09-09,0.011329683545234115
2024-09-10,0.004512221030807062
2024-09-11,0.009913164432867383
2024-09-12,0.008435740003015058
2024-09-13,0.0053231529447992365
2024-09-16,0.0012102245681919754
2024-09-17,0.0007555931875034005
2024-09-18,-0.0028686414998676524
2024-09-19,0.017110537062520637
2024-09-20,-0.001935172137306429
2024-09-23,0.002630249253926298
2024-09-24,0.002835887988940078
2024-09-25,-0.002232533792459024
2024-09-26,0.004027414169365917
2024-09-27,-0.0013372011801899841
2024-09-30,0.004314222231928566
2024-10-01,-0.009331991814921725
2024-10-02,0.00029910490344886576
2024-10-03,-0.001644296329062489
2024-10-04,0.008983503116201552
2024-10-07,-0.009200244948510239
2024-10-08,0.009435300679620395
2024-10-09,0.006973417556962902
2024-10-10,-0.0016207959147336304
2024-10-11,0.006050706983883991
2024-10-14,0.008067976744750016
2024-10-15,-0.0077124215928915385
2024-10-16,0.004399588912419539
2024-10-17,0.0002920738006979562
2024-10-18,0.003502959978625819
2024-10-21,-0.0014545091638460406
2024-10-22,-0.000582561096601486
2024-10-23,-0.00918237482247486
2024-10-24,0.0022065897175238547
2024-10-25,-0.0002937305205064078
2024-10-28,0.0030833750046510566
2024-10-29,0.0016101203818599252
2024-10-30,-0.0032150641234456323
2024-10-31,-0.019498617970473142
2024-11-01,0.004186775473536519
2024-11-04,-0.0020847747819677798
2024-11-05,0.011936898377843175
2024-11-06,0.024918983057219624
2024-11-07,0.00791244224929799
2024-11-08,0.004424866110909642
2024-11-11,0.0007102925441242469
2024-11-12,-0.0028400313189050896
2024-11-13,0.00042726202396536905
2024-11-14,-0.006547966488718693
2024-11-15,-0.012895838105479451
2024-11-18,0.004209413941369089
2024-11-19,0.0037585306035103905
2024-11-20,0.0004319500139700061
2024-11-21,0.005182163161896902
2024-11-22,0.003150495495166439
2024-11-25,0.0034260600948654574
2024-11-26,0.005406192701898238
2024-11-27,-0.0032545254982292438
2024-11-29,0.006388255061605452
2024-12-02,0.0016928955391244394
2024-12-03,0.0004222910021332016
2024-12-04,0.006334627841430018
2024-12-05,-0.0016784710846878825
2024-12-06,0.0021015622276558954
2024-12-09,-0.00545301333679038
2024-12-10,-0.0032334786209893274
2024-12-11,0.007898446705291606
2024-12-12,-0.005037851736238608
2024-12-13,-0.00014062172625228797
2024-12-16,0.00407925572603296
2024-12-17,-0.004062683003129397
2024-12-18,-0.029821215738197293
2024-12-19,-0.0002901531000114588
2024-12-20,0.01131264363385176
2024-12-23,0.006740181344873752
2024-12-24,0.010541399377536287
2024-12-26,0.00042281663187671015
2024-12-27,-0.010340584988819512
2024-12-30,-0.011428587772726817
2024-12-31,-0.003757052820076434
2025-01-02,-0.002466004887776485
2025-01-03,0.012505402857187597
2025-01-06,0.0057446584265072875
2025-01-07,-0.0108525510488523
2025-01-08,0.0008662215719632549
2025-01-10,-0.014856415749055829
2025-01-13,0.0016105890054214367
2025-01-14,0.0010232210390455077
2025-01-15,0.018107343231901885
2025-01-16,-0.0017211508151360189
2025-01-17,0.009913873747364299
2025-01-21,0.009247525730876172
2025-01-22,0.005638357679339512
2025-01-23,0.005466851478471035
2025-01-24,-0.003067039762873147
2025-01-27,-0.013844193302029795
2025-01-28,0.008508235951872223
2025-01-29,-0.004499421858668917
2025-01-30,0.005084795905537343
2025-01-31,-0.0050590715591875
2025-02-03,-0.0069210870129853275
2025-02-04,0.006827160522222098
2025-02-05,0.0042377831815365585
2025-02-06,0.0033760717784900862
2025-02-07,-0.009112694920015318
2025-02-10,0.006649785171681799
2025-02-11,0.0007026333707342847
2025-02-12,-0.0030897621992773683
2025-02-13,0.010566261757182005
2025-02-14,-0.0001393474609615586
2025-02-18,0.0029279929547787464
2025-02-19,0.0023633906969808827
2025-02-20,-0.004160893433258317
2025-02-21,-0.01685232683411031
2025-02-24,-0.004674911269520798
2025-02-25,-0.0049815041751101186
2025-02-26,0.0001429751610948493
2025-02-27,-0.015589223460698132
2025-02-28,0.015400328319265189
2025-03-03,-0.01702673552152334
2025-03-04,-0.012081440406574329
2025-03-05,0.010755666223071225
2025-03-06,-0.017638330098739607
2025-03-07,0.0053419772754852435
2025-03-10,-0.026568301920333548
2025-03-11,-0.008036309054319402
2025-03-12,0.0050442414333353724
2025-03-13,-0.013231934336212614
2025-03-14,0.02034525753073635
2025-03-17,0.007552880633543868
2025-03-18,-0.010344795737532664
2025-03-19,0.010452929154494806
2025-03-20,-0.0020990227035264652
2025-03-21,0.0001502868813436642
2025-03-24,0.01742545317583999
2025-03-25,0.002214564942816244
2025-03-26,-0.011343539932738733
2025-03-27,-0.0029801857578745095
2025-03-28,-0.01983100088031642
2025-03-31,0.005965870696689191
2025-04-01,0.003497552355318234
2025-04-02,0.006061610594384259
2025-04-03,-0.04744685212403632
2025-04-04,-0.059930520387068587
2025-04-07,-0.002018441168479046
2025-04-08,-0.015506552647580163
2025-04-09,0.09450436467841183
2025-04-10,-0.03488185019045498
2025-04-11,0.017828203895989603
2025-04-14,0.00923570138903096
2025-04-15,-0.002524479109331401
2025-04-16,-0.021986701513986295
2025-04-17,0.0014554818328258445
2025-04-21,-0.023578762342133297
2025-04-22,0.024975245716298167
2025-04-23,0.01613682043958442
2025-04-24,0.02080350388146268
2025-04-25,0.007156161827888807
2025-04-28,0.0009269039381087918
2025-04-29,0.00570978527421695
2025-04-30,0.00046039404029385445
2025-05-01,0.007515367070922263
2025-05-02,0.014461865737136481
2025-05-05,-0.0052520884996319905
2025-05-06,-0.00829702317069092
2025-05-07,0.004259286891694414
2025-05-08,0.006513206036208086
2025-05-09,-0.0010534442776490849
2025-05-12,0.03284118445049122
2025-05-13,0.006855300024753097
2025-05-14,0.0011589550879607113
2025-05-15,0.004919662869373065
2025-05-16,0.006479545852667412
2025-05-19,0.0010014502361039845
2025-05-20,-0.003430045898858425
2025-05-21,-0.01663554272071166
2025-05-22,0.0
2025-05-23,-0.006416957621505626
2025-05-27,0.020402219826049173
2025-05-28,-0.005753710963053549
2025-05-29,0.004051005355588888
2025-05-30,-0.001008665230645911
2025-06-02,0.005480855202062873
2025-06-03,0.006025079392973254
2025-06-04,-0.0005704430389860127
2025-06-05,-0.004708184134428084
2025-06-06,0.01017785779540481
2025-06-09,0.0008513182853169265
2025-06-10,0.005813118934850703
2025-06-11,-0.0028193238318611202
2025-06-12,0.003816853529046149
2025-06-13,-0.011125118590069594
2025-06-16,0.009683790232348777
2025-06-17,-0.008462526453176356
2025-06-18,-0.00028464095115277033
2025-06-20,-0.0024188809890457463
2025-06-23,0.009699094124993701
2025-06-24,0.011300973842386375
2025-06-25,0.0005588094998900672
2025-06-26,0.007817999282697219
2025-06-27,0.004773877948892169
2025-06-30,0.005116168279058364
2025-07-01,-0.0005503038462627563
2025-07-02,0.004404644100669541
2025-07-03,0.00822256920206188
2025-07-07,-0.007339979765697335
2025-07-08,-0.0008215604282845179
2025-07-09,0.006029905056918805
2025-07-10,0.0029968294926301375
2025-07-11,-0.0038027409835220682
2025-07-14,0.0020449404885800604
2025-07-15,-0.0043537061946968825
2025-07-16,0.0034161865143509385
2025-07-17,0.005855915383335963
2025-07-18,-0.0002708451279790358
2025-07-21,0.0016252001055483412
2025-07-22,0.00027047892256271133
2025-07-23,0.008245410937655295
2025-07-24,0.0008044806318798781
2025-07-25,0.003750780921465857
2025-07-28,0.0
2025-07-29,-0.002535672998172145
2025-07-30,-0.0012041454550369979
2025-07-31,-0.004152851678127734
2025-08-01,-0.016007423517805708
2025-08-04,0.015037615223397527
2025-08-05,-0.004848574050059007
2025-08-06,0.007443559900206953
2025-08-07,-0.0006717342473744337
2025-08-08,0.007662341763980507
2025-08-11,-0.0021344543940694516
2025-08-12,0.010962643933938976
2025-08-13,0.003173686897166572
2025-08-14,0.00026360357895582887
2025-08-15,-0.002240392931073143
2025-08-18,-0.00026412585612201056
2025-08-19,-0.005549018350929913
2025-08-20,-0.002657003455639795
2025-08-21,-0.003996377753830216
2025-08-22,0.015246902795352568
2025-08-25,-0.004083819312670656
2025-08-26,0.004100565280355406
2025-08-27,0.00237117187306235
2025-08-28,0.003548444652571092
2025-08-29,-0.006024084914461825
2025-09-02,-0.007378220194943719
2025-09-03,0.005176611936843267
2025-09-04,0.008451108444388344
2025-09-05,-0.0028807764588415496
2025-09-08,0.002626399099703969
2025-09-09,0.0022266013407319374
2025-09-10,0.0030057444583149184
2025-09-11,0.008078247402409033
2025-09-12,-0.0002585578289213686
2025-09-15,0.005171306707719481
2025-09-16,-0.0011575283934037728
2025-09-17,-0.0012877645223829948
2025-09-18,0.004641653716174643
2025-09-19,0.004876842897596045
2025-09-22,0.004853076989012495
2025-09-23,-0.005211017769400361
2025-09-24,-0.003449612350044373
2025-09-25,-0.004615371785117062
2025-09-26,0.005791012186645128
2025-09-29,0.0028259630702016647
2025-09-30,0.003458391752553247
2025-10-01,0.0037018244713278303
2025-10-02,0.0011446517923061617
2025-10-03,0.0001270596554290293
2025-10-06,0.0035564431266115193
2025-10-07,-0.0036704329538850278
2025-10-08,0.005843484214170358
2025-10-09,-0.002778494820095956
2025-10-10,-0.026849072583119193
2025-10-13,0.01509635238669782
2025-10-14,-0.001153799203725936
2025-10-15,0.004235581904107111
2025-10-16,-0.006518334876797094
2025-10-17,0.005531973325682671
2025-10-20,0.010363325494397557
2025-10-21,0.0
2025-10-22,-0.0053184521014696395
2025-10-23,0.005856130701478834
2025-10-27,0.02025058132972002
2025-10-28,0.002605124462009778
2025-10-29,0.0004949383281165343
2025-10-30,-0.010635674052189792
2025-10-31,0.002999973297119096
2025-11-03,0.0018694108907328921
2025-11-04,-0.0116930270996779
2025-11-05,0.00327252544011869
2025-11-06,-0.01078911830672813
2025-11-07,0.001014607896041353
2025-11-10,0.01558347082450151
2025-11-11,0.0021207355436494435
2025-11-12,0.000622375466496683
2025-11-13,-0.01642199228574981
2025-11-14,-0.00012641673595459313
2025-11-17,-0.009234703716021642
2025-11-18,-0.008171595916013907
2025-11-19,0.0036045156822459568
2025-11-20,-0.015264269566201971
2025-11-21,0.009899728663061103
2025-11-24,0.015606850296968844
2025-11-25,0.008636021382071535
2025-11-26,0.006799306572365271
2025-11-28,0.005377692722601468
2025-12-01,-0.004478176552865087
2025-12-02,0.0018743162334986518
